time,air_temperature,humidity_air,light,co2,humidity_soil,soil_temperature,process,day
2023-05-01 00:02:00,12.919999,82.089996,0.0,413,44.5,18.1,1,2023-05-01
2023-05-01 00:32:00,12.679998,82.299995,0.0,413,44.600002,18.1,1,2023-05-01
2023-05-01 01:02:00,12.499999,83.529999,0.0,413,44.5,18.1,1,2023-05-01
2023-05-01 01:32:00,12.419999,83.830002,0.0,413,44.600002,18.0,1,2023-05-01
2023-05-01 02:02:00,12.339999,83.519997,0.0,413,44.600002,18.0,1,2023-05-01
2023-05-01 02:32:00,12.089999,83.080002,0.0,413,44.600002,18.0,1,2023-05-01
2023-05-01 03:02:00,11.809999,82.369995,0.0,413,44.600002,17.900002,1,2023-05-01
2023-05-01 03:32:00,11.499999,82.489998,0.0,413,44.600002,17.800001,1,2023-05-01
2023-05-01 04:02:00,11.239999,82.769997,0.0,413,44.600002,17.800001,1,2023-05-01
2023-05-01 04:32:00,11.029999,82.589996,0.11,413,44.600002,17.700001,1,2023-05-01
2023-05-01 05:02:00,10.939999,83.009995,0.59,413,44.600002,17.6,1,2023-05-01
2023-05-01 05:32:00,11.309999,84.439995,1.26,413,44.600002,17.6,1,2023-05-01
2023-05-01 06:02:00,12.339999,86.299995,2.06,413,44.600002,17.5,1,2023-05-01
2023-05-01 06:32:00,14.169999,83.110001,3.29,413,44.600002,17.5,1,2023-05-01
2023-05-01 07:02:00,16.919998,79.659996,4.7,413,44.600002,17.400002,1,2023-05-01
2023-05-01 07:32:00,20.579998,76.009995,8.059999,413,44.700001,17.300001,1,2023-05-01
2023-05-01 08:02:00,25.419998,71.139999,23.119999,443,44.0,17.300001,1,2023-05-01
2023-05-01 08:32:00,28.389999,39.700001,10.49,477,44.0,17.200001,1,2023-05-01
2023-05-01 09:02:00,28.369999,34.189999,13.95,470,44.0,17.200001,1,2023-05-01
2023-05-01 09:32:00,30.199999,31.809999,15.66,526,44.0,17.200001,1,2023-05-01
2023-05-01 10:02:00,32.079998,27.559999,13.92,589,44.0,17.200001,1,2023-05-01
2023-05-01 10:32:00,33.399998,24.34,12.67,616,44.100002,17.200001,1,2023-05-01
2023-05-01 11:02:00,34.169998,21.189999,13.099999,634,44.100002,17.300001,1,2023-05-01
2023-05-01 11:32:00,33.799999,23.57,16.57,616,44.200001,17.400002,1,2023-05-01
2023-05-01 12:02:00,34.84,19.93,18.309999,668,44.400002,17.6,1,2023-05-01
2023-05-01 12:32:00,33.189999,21.02,22.939999,589,44.5,17.800001,1,2023-05-01
2023-05-01 13:02:00,31.579998,23.889999,26.129999,552,44.600002,18.1,1,2023-05-01
2023-05-01 13:32:00,30.779999,24.709999,7.68,526,44.799999,18.300001,1,2023-05-01
2023-05-01 14:02:00,31.179998,21.85,32.200001,556,44.900002,18.6,1,2023-05-01
2023-05-01 14:32:00,31.259998,21.949999,36.309998,563,45.100002,18.900002,1,2023-05-01
2023-05-01 15:02:00,31.169998,19.4,6.62,537,45.700001,19.1,1,2023-05-01
2023-05-01 15:32:00,31.219999,18.48,4.88,548,46.400002,19.5,1,2023-05-01
2023-05-01 16:02:00,29.299999,21.09,11.5,522,46.900002,19.6,1,2023-05-01
2023-05-01 16:32:00,29.899998,36.82,3.13,529,47.200001,19.800001,1,2023-05-01
2023-05-01 17:02:00,30.289999,39.389999,2.12,552,47.5,20.0,1,2023-05-01
2023-05-01 17:32:00,29.149998,41.700001,1.22,540,47.700001,20.1,1,2023-05-01
2023-05-01 18:02:00,27.279999,48.259998,0.56,522,47.900002,20.200001,1,2023-05-01
2023-05-01 18:32:00,24.959999,53.579998,0.09,466,48.100002,20.300001,1,2023-05-01
2023-05-01 19:02:00,22.859999,59.75,0.0,428,48.600002,20.5,1,2023-05-01
2023-05-01 19:32:00,21.289999,64.129997,0.0,421,48.799999,20.5,1,2023-05-01
2023-05-01 20:02:00,20.189999,66.689995,0.0,428,48.900002,20.6,1,2023-05-01
2023-05-01 20:32:00,19.349998,67.869995,0.0,413,49.0,20.6,1,2023-05-01
2023-05-01 21:02:00,18.679998,69.959999,0.0,413,49.100002,20.700001,1,2023-05-01
2023-05-01 21:32:00,18.049999,70.599998,0.0,413,49.100002,20.700001,1,2023-05-01
2023-05-01 22:02:00,17.499998,71.639999,0.0,413,49.299999,20.700001,1,2023-05-01
2023-05-01 22:32:00,16.929998,72.479996,0.0,413,49.299999,20.700001,1,2023-05-01
2023-05-01 23:02:00,16.409998,72.43,0.0,413,49.400002,20.6,1,2023-05-01
2023-05-01 23:32:00,15.919999,73.299995,0.0,413,49.400002,20.6,1,2023-05-01
2023-05-02 00:02:00,15.489999,73.529999,0.0,413,49.400002,20.6,1,2023-05-02
2023-05-02 00:32:00,15.189999,74.189995,0.0,413,49.5,20.5,1,2023-05-02
2023-05-02 01:02:00,14.999999,74.799995,0.0,413,49.600002,20.5,1,2023-05-02
2023-05-02 01:32:00,14.709999,75.559998,0.0,413,49.600002,20.400002,1,2023-05-02
2023-05-02 02:02:00,14.519999,76.159996,0.0,413,49.600002,20.300001,1,2023-05-02
2023-05-02 02:32:00,14.369999,76.32,0.0,413,49.600002,20.200001,1,2023-05-02
2023-05-02 03:02:00,14.219998,76.900002,0.0,413,49.600002,20.1,1,2023-05-02
2023-05-02 03:32:00,14.069999,77.290001,0.0,413,49.600002,20.1,1,2023-05-02
2023-05-02 04:02:00,13.959999,78.139999,0.0,413,49.600002,20.0,1,2023-05-02
2023-05-02 04:32:00,13.879999,78.629997,0.12,413,49.700001,19.800001,1,2023-05-02
2023-05-02 05:02:00,13.989999,79.669998,0.64,413,49.700001,19.800001,1,2023-05-02
2023-05-02 05:32:00,14.659999,80.540001,1.49,413,49.700001,19.700001,1,2023-05-02
2023-05-02 06:02:00,15.819999,76.509995,1.49,413,49.700001,19.6,1,2023-05-02
2023-05-02 06:32:00,17.419998,72.299995,3.16,413,49.700001,19.5,1,2023-05-02
2023-05-02 07:02:00,20.049999,65.68,4.47,413,49.700001,19.5,1,2023-05-02
2023-05-02 07:32:00,23.759998,62.529999,7.6,439,49.299999,19.300001,1,2023-05-02
2023-05-02 08:02:00,28.679998,51.939999,23.33,515,49.299999,19.300001,1,2023-05-02
2023-05-02 08:32:00,33.029999,27.939999,18.85,593,49.299999,19.200001,1,2023-05-02
2023-05-02 09:02:00,30.709999,26.42,19.219999,529,49.299999,19.1,1,2023-05-02
2023-05-02 09:32:00,29.199999,28.369999,19.76,507,49.400002,19.1,1,2023-05-02
2023-05-02 10:02:00,31.209999,24.42,30.179998,514,49.400002,19.1,1,2023-05-02
2023-05-02 10:32:00,34.779999,20.98,31.689999,668,49.400002,19.1,1,2023-05-02
2023-05-02 11:02:00,37.469997,19.549999,35.700001,694,49.5,19.200001,1,2023-05-02
2023-05-02 11:32:00,37.73,20.33,22.769999,739,49.600002,19.300001,1,2023-05-02
2023-05-02 12:02:00,38.899998,25.559999,24.09,731,49.700001,19.400002,1,2023-05-02
2023-05-02 12:32:00,39.919998,33.98,15.08,742,49.799999,19.5,1,2023-05-02
2023-05-02 13:02:00,39.609997,31.619999,14.219999,716,49.900002,19.700001,1,2023-05-02
2023-05-02 13:32:00,38.649998,21.639999,17.92,731,50.0,19.900002,1,2023-05-02
2023-05-02 14:02:00,33.309998,22.41,2.91,646,50.200001,20.1,1,2023-05-02
2023-05-02 14:32:00,29.539999,26.289999,9.07,571,50.299999,20.400002,1,2023-05-02
2023-05-02 15:02:00,32.519997,22.93,22.98,589,50.5,20.6,1,2023-05-02
2023-05-02 15:32:00,34.889999,19.619999,15.96,642,50.600002,20.800001,1,2023-05-02
2023-05-02 16:02:00,35.449997,25.129999,7.86,657,50.700001,21.0,1,2023-05-02
2023-05-02 16:32:00,33.769997,27.189999,1.41,608,50.799999,21.1,1,2023-05-02
2023-05-02 17:02:00,31.519999,29.199999,1.47,563,50.900002,21.300001,1,2023-05-02
2023-05-02 17:32:00,29.689999,32.189999,0.59,533,51.0,21.5,1,2023-05-02
2023-05-02 18:02:00,28.079998,35.059998,0.37,522,51.100002,21.6,1,2023-05-02
2023-05-02 18:32:00,26.689999,37.509998,0.05,424,51.200001,21.800001,1,2023-05-02
2023-05-02 19:02:00,25.149998,39.329998,0.0,488,51.299999,21.900002,1,2023-05-02
2023-05-02 19:32:00,24.079998,41.829998,0.0,413,51.5,22.0,1,2023-05-02
2023-05-02 20:02:00,23.339998,42.139999,0.0,436,51.5,22.1,1,2023-05-02
2023-05-02 20:32:00,22.429998,44.489998,0.0,413,51.5,22.1,1,2023-05-02
2023-05-02 21:02:00,21.389999,50.25,0.0,417,51.600002,22.1,1,2023-05-02
2023-05-02 21:32:00,20.799999,61.399998,0.0,413,51.600002,22.1,1,2023-05-02
2023-05-02 22:02:00,20.469999,67.449997,0.0,413,51.600002,22.1,1,2023-05-02
2023-05-02 22:32:00,20.129999,71.739998,0.0,413,51.600002,22.1,1,2023-05-02
2023-05-02 23:02:00,19.839998,73.330002,0.0,413,51.700001,22.1,1,2023-05-02
2023-05-02 23:32:00,19.499998,73.970001,0.0,413,51.700001,22.0,1,2023-05-02
2023-05-03 00:02:00,19.189999,73.299995,0.0,413,51.799999,22.0,1,2023-05-03
2023-05-03 00:32:00,18.869999,66.809998,0.0,413,51.700001,22.0,1,2023-05-03
2023-05-03 01:02:00,18.609999,63.149998,0.0,413,51.700001,21.900002,1,2023-05-03
2023-05-03 01:32:00,18.319998,64.529999,0.0,413,51.700001,21.800001,1,2023-05-03
2023-05-03 02:02:00,18.019999,64.699997,0.0,413,51.700001,21.700001,1,2023-05-03
2023-05-03 02:32:00,17.819998,63.189999,0.0,413,51.700001,21.6,1,2023-05-03
2023-05-03 03:02:00,17.659998,58.139999,0.0,413,51.700001,21.6,1,2023-05-03
2023-05-03 03:32:00,17.499998,54.639999,0.0,413,51.700001,21.5,1,2023-05-03
2023-05-03 04:02:00,17.329998,53.639999,0.0,413,51.700001,21.400002,1,2023-05-03
2023-05-03 04:32:00,17.139999,51.789997,0.13,413,51.700001,21.300001,1,2023-05-03
2023-05-03 05:02:00,17.15,50.349998,0.6,413,51.700001,21.300001,1,2023-05-03
2023-05-03 05:32:00,17.659998,48.84,1.19,413,51.600002,21.1,1,2023-05-03
2023-05-03 06:02:00,18.619999,48.84,1.93,413,51.600002,21.1,1,2023-05-03
2023-05-03 06:32:00,20.139999,48.329998,2.87,413,51.600002,21.0,1,2023-05-03
2023-05-03 07:02:00,22.179998,48.73,3.94,413,51.600002,20.900002,1,2023-05-03
2023-05-03 07:32:00,24.659998,45.959999,8.42,435,51.600002,20.800001,1,2023-05-03
2023-05-03 08:02:00,27.599998,44.110001,17.09,477,51.299999,20.800001,1,2023-05-03
2023-05-03 08:32:00,30.429998,25.799999,23.0,507,51.299999,20.700001,1,2023-05-03
2023-05-03 09:02:00,31.429998,26.019999,12.82,563,51.299999,20.6,1,2023-05-03
2023-05-03 09:32:00,31.779999,24.279999,10.7,540,51.299999,20.6,1,2023-05-03
2023-05-03 10:02:00,32.919998,25.82,11.61,627,51.400002,20.6,1,2023-05-03
2023-05-03 10:32:00,35.429996,25.17,12.139999,683,51.400002,20.6,1,2023-05-03
2023-05-03 11:02:00,37.48,21.369999,12.94,706,51.5,20.6,1,2023-05-03
2023-05-03 11:32:00,38.949997,21.119999,12.809999,758,51.5,20.800001,1,2023-05-03
2023-05-03 12:02:00,40.169998,21.27,14.91,752,51.600002,20.900002,1,2023-05-03
2023-05-03 12:32:00,41.029999,18.549999,16.5,798,51.700001,21.0,1,2023-05-03
2023-05-03 13:02:00,42.16,19.709999,14.16,748,51.799999,21.200001,1,2023-05-03
2023-05-03 13:32:00,42.209999,17.82,20.1,738,52.0,21.5,1,2023-05-03
2023-05-03 14:02:00,41.029999,20.639999,5.48,748,52.100002,21.6,1,2023-05-03
2023-05-03 14:32:00,35.75,22.889999,7.34,702,52.200001,21.900002,1,2023-05-03
2023-05-03 15:02:00,32.529999,25.83,3.47,638,52.299999,22.1,1,2023-05-03
2023-05-03 15:32:00,29.459999,29.91,3.78,578,52.400002,22.400002,1,2023-05-03
2023-05-03 16:02:00,28.079998,37.41,1.92,537,52.600002,22.6,1,2023-05-03
2023-05-03 16:32:00,27.899998,43.329998,1.6,522,52.700001,22.800001,1,2023-05-03
2023-05-03 17:02:00,27.829998,46.709999,1.64,548,52.799999,22.900002,1,2023-05-03
2023-05-03 17:32:00,27.539999,51.48,0.77,533,52.799999,23.0,1,2023-05-03
2023-05-03 18:02:00,26.669998,56.009998,0.19,567,52.900002,23.1,1,2023-05-03
2023-05-03 18:32:00,25.519999,60.799999,0.04,560,52.900002,23.200001,1,2023-05-03
2023-05-03 19:02:00,24.489998,64.589996,0.0,560,52.900002,23.300001,1,2023-05-03
2023-05-03 19:32:00,23.629999,68.470001,0.0,533,52.900002,23.300001,1,2023-05-03
2023-05-03 20:02:00,22.889999,70.559998,0.0,522,52.900002,23.300001,1,2023-05-03
2023-05-03 20:32:00,22.409998,72.330002,0.0,495,53.0,23.300001,1,2023-05-03
2023-05-03 21:02:00,21.969999,73.479996,0.0,510,53.0,23.300001,1,2023-05-03
2023-05-03 21:32:00,21.659998,73.650002,0.0,492,53.0,23.300001,1,2023-05-03
2023-05-03 22:02:00,21.319998,73.099998,0.0,481,53.0,23.200001,1,2023-05-03
2023-05-03 22:32:00,20.989998,74.360001,0.0,526,53.0,23.1,1,2023-05-03
2023-05-03 23:02:00,20.649998,73.849998,0.0,503,53.0,23.1,1,2023-05-03
2023-05-03 23:32:00,20.439999,75.119995,0.0,496,53.0,23.0,1,2023-05-03
2023-05-04 00:02:00,20.239998,75.459999,0.0,477,53.0,23.0,1,2023-05-04
2023-05-04 00:32:00,20.129999,76.43,0.0,477,53.0,22.900002,1,2023-05-04
2023-05-04 01:02:00,19.949999,76.259995,0.0,484,53.0,22.800001,1,2023-05-04
2023-05-04 01:32:00,19.789999,76.659996,0.0,507,53.0,22.800001,1,2023-05-04
2023-05-04 02:02:00,19.579998,77.489998,0.0,473,53.0,22.700001,1,2023-05-04
2023-05-04 02:32:00,19.389999,77.540001,0.0,477,52.900002,22.6,1,2023-05-04
2023-05-04 03:02:00,19.189999,77.659996,0.0,488,53.0,22.5,1,2023-05-04
2023-05-04 03:32:00,18.839998,77.589996,0.0,466,52.900002,22.400002,1,2023-05-04
2023-05-04 04:02:00,18.629999,78.119995,0.0,481,52.900002,22.300001,1,2023-05-04
2023-05-04 04:32:00,18.489998,79.239998,0.06,454,52.900002,22.300001,1,2023-05-04
2023-05-04 05:02:00,18.449999,80.040001,0.27,462,52.900002,22.200001,1,2023-05-04
2023-05-04 05:32:00,18.659998,81.18,0.63,432,52.900002,22.1,1,2023-05-04
2023-05-04 06:02:00,19.089998,81.290001,1.24,450,52.900002,22.0,1,2023-05-04
2023-05-04 06:32:00,19.629999,80.509995,1.13,425,52.900002,21.900002,1,2023-05-04
2023-05-04 07:02:00,19.869999,80.189995,1.53,450,52.900002,21.800001,1,2023-05-04
2023-05-04 07:32:00,19.939999,79.639999,0.64,432,52.799999,21.700001,1,2023-05-04
2023-05-04 08:02:00,19.669998,79.049995,2.21,424,52.799999,21.6,1,2023-05-04
2023-05-04 08:32:00,19.329998,80.029999,4.76,413,52.799999,21.6,1,2023-05-04
2023-05-04 09:02:00,19.599998,80.019997,4.13,413,52.799999,21.5,1,2023-05-04
2023-05-04 09:32:00,20.439999,78.809998,9.57,413,52.799999,21.5,1,2023-05-04
2023-05-04 10:02:00,22.509998,71.959999,6.44,458,52.799999,21.400002,1,2023-05-04
2023-05-04 10:32:00,22.109999,60.52,7.23,413,52.799999,21.300001,1,2023-05-04
2023-05-04 11:02:00,21.299999,57.610001,5.54,413,52.799999,21.300001,1,2023-05-04
2023-05-04 11:32:00,21.289999,59.299999,11.52,413,52.799999,21.300001,1,2023-05-04
2023-05-04 12:02:00,22.899998,61.199997,9.88,413,52.799999,21.200001,1,2023-05-04
2023-05-04 12:32:00,24.059999,52.889999,9.11,413,52.799999,21.200001,1,2023-05-04
2023-05-04 13:02:00,25.049999,49.829998,14.13,443,52.600002,21.1,1,2023-05-04
2023-05-04 13:32:00,26.859999,43.649998,12.75,458,52.600002,21.1,1,2023-05-04
2023-05-04 14:02:00,27.509998,39.189999,13.07,495,52.600002,21.1,1,2023-05-04
2023-05-04 14:32:00,27.649998,39.079998,11.259999,507,52.600002,21.1,1,2023-05-04
2023-05-04 15:02:00,27.909998,41.48,11.349999,488,52.600002,21.1,1,2023-05-04
2023-05-04 15:32:00,28.929998,35.73,13.79,507,52.600002,21.200001,1,2023-05-04
2023-05-04 16:02:00,29.099998,33.279999,11.13,511,52.700001,21.300001,1,2023-05-04
2023-05-04 16:32:00,27.479998,31.679998,5.77,462,52.799999,21.300001,1,2023-05-04
2023-05-04 17:02:00,25.519999,40.18,2.17,470,52.799999,21.400002,1,2023-05-04
2023-05-04 17:32:00,24.729998,46.610001,0.89,421,52.799999,21.5,1,2023-05-04
2023-05-04 18:02:00,23.789999,51.669998,0.66,443,53.100002,21.6,1,2023-05-04
2023-05-04 18:32:00,22.679998,56.629997,0.12,447,53.100002,21.6,1,2023-05-04
2023-05-04 19:02:00,21.369999,61.959999,0.0,413,53.100002,21.700001,1,2023-05-04
2023-05-04 19:32:00,20.169998,65.220001,0.0,413,53.100002,21.800001,1,2023-05-04
2023-05-04 20:02:00,19.339998,69.629997,0.0,413,53.200001,21.800001,1,2023-05-04
2023-05-04 20:32:00,18.929998,70.239998,0.0,413,53.200001,21.800001,1,2023-05-04
2023-05-04 21:02:00,18.559999,70.589996,0.0,413,53.299999,21.800001,1,2023-05-04
2023-05-04 21:32:00,18.199999,72.169998,0.0,413,53.200001,21.800001,1,2023-05-04
2023-05-04 22:02:00,17.859999,71.049995,0.0,413,53.299999,21.800001,1,2023-05-04
2023-05-04 22:32:00,17.409998,70.989998,0.0,413,53.299999,21.800001,1,2023-05-04
2023-05-04 23:02:00,16.999998,71.589996,0.0,413,53.200001,21.800001,1,2023-05-04
2023-05-04 23:32:00,16.869999,73.199997,0.0,413,53.200001,21.700001,1,2023-05-04
2023-05-05 00:02:00,16.869999,72.959999,0.0,413,53.200001,21.6,1,2023-05-05
2023-05-05 00:32:00,16.919998,73.739998,0.0,413,53.200001,21.6,1,2023-05-05
2023-05-05 01:02:00,16.839998,75.729996,0.0,413,53.200001,21.5,1,2023-05-05
2023-05-05 01:32:00,16.769999,75.779999,0.0,413,53.200001,21.5,1,2023-05-05
2023-05-05 02:02:00,16.669998,73.089996,0.0,413,53.100002,21.400002,1,2023-05-05
2023-05-05 02:32:00,16.549999,73.57,0.0,413,53.100002,21.300001,1,2023-05-05
2023-05-05 03:02:00,16.419998,74.419998,0.0,413,53.100002,21.200001,1,2023-05-05
2023-05-05 03:32:00,16.339998,73.879997,0.0,413,53.100002,21.1,1,2023-05-05
2023-05-05 04:02:00,16.219999,73.869995,0.0,413,53.100002,21.1,1,2023-05-05
2023-05-05 04:32:00,16.119999,74.229996,0.08,413,53.100002,21.0,1,2023-05-05
2023-05-05 05:02:00,16.07,76.07,0.19,413,53.100002,21.0,1,2023-05-05
2023-05-05 05:32:00,16.139999,75.769997,0.68,413,53.100002,20.800001,1,2023-05-05
2023-05-05 06:02:00,16.499998,77.110001,1.54,413,53.0,20.800001,1,2023-05-05
2023-05-05 06:32:00,17.369999,75.290001,3.0,413,53.0,20.700001,1,2023-05-05
2023-05-05 07:02:00,19.219999,72.169998,8.8,413,53.0,20.6,1,2023-05-05
2023-05-05 07:32:00,20.579998,34.75,10.07,413,52.900002,20.5,1,2023-05-05
2023-05-05 08:02:00,21.249998,32.130001,12.03,413,52.900002,20.5,1,2023-05-05
2023-05-05 08:32:00,22.149998,31.84,20.76,413,52.900002,20.5,1,2023-05-05
2023-05-05 09:02:00,22.299999,29.049999,15.21,413,52.600002,20.400002,1,2023-05-05
2023-05-05 09:32:00,23.839998,27.369999,36.799999,413,52.600002,20.400002,1,2023-05-05
2023-05-05 10:02:00,26.079998,25.35,22.859999,488,52.600002,20.300001,1,2023-05-05
2023-05-05 10:32:00,27.769999,20.32,37.5,544,52.600002,20.300001,1,2023-05-05
2023-05-05 11:02:00,29.049999,22.08,38.099998,552,52.600002,20.400002,1,2023-05-05
2023-05-05 11:32:00,29.879999,18.869999,31.16,533,52.700001,20.5,1,2023-05-05
2023-05-05 12:02:00,30.629999,18.48,23.439999,563,52.799999,20.5,1,2023-05-05
2023-05-05 12:32:00,31.939999,17.42,36.73,612,52.799999,20.6,1,2023-05-05
2023-05-05 13:02:00,29.889999,16.75,22.109999,578,52.900002,20.800001,1,2023-05-05
2023-05-05 13:32:00,30.539999,16.199999,28.9,526,53.0,21.0,1,2023-05-05
2023-05-05 14:02:00,30.569998,15.63,25.939999,574,53.100002,21.1,1,2023-05-05
2023-05-05 14:32:00,30.389997,16.5,30.66,544,53.200001,21.300001,1,2023-05-05
2023-05-05 15:02:00,30.529999,18.15,20.359999,537,53.299999,21.5,1,2023-05-05
2023-05-05 15:32:00,30.469999,17.34,23.889999,529,53.400002,21.700001,1,2023-05-05
2023-05-05 16:02:00,29.039999,16.879999,12.41,526,53.5,21.900002,1,2023-05-05
2023-05-05 16:32:00,26.519999,18.709999,5.82,484,53.5,22.0,1,2023-05-05
2023-05-05 17:02:00,24.939999,19.939999,5.98,439,53.600002,22.200001,1,2023-05-05
2023-05-05 17:32:00,25.499998,29.119999,2.97,458,53.700001,22.300001,1,2023-05-05
2023-05-05 18:02:00,24.999998,34.549999,1.38,454,54.0,22.5,1,2023-05-05
2023-05-05 18:32:00,23.579998,40.009998,0.29,458,53.799999,22.6,1,2023-05-05
2023-05-05 19:02:00,21.459999,47.669998,0.0,413,53.900002,22.6,1,2023-05-05
2023-05-05 19:32:00,19.889999,53.889999,0.0,413,53.900002,22.800001,1,2023-05-05
2023-05-05 20:02:00,18.989998,57.419998,0.0,413,53.900002,22.800001,1,2023-05-05
2023-05-05 20:32:00,18.119999,62.0,0.0,413,54.0,22.800001,1,2023-05-05
2023-05-05 21:02:00,17.439999,64.669998,0.0,413,54.0,22.800001,1,2023-05-05
2023-05-05 21:32:00,16.819998,66.330002,0.0,413,54.0,22.800001,1,2023-05-05
2023-05-05 22:02:00,16.32,68.5,0.0,413,54.0,22.800001,1,2023-05-05
2023-05-05 22:32:00,15.849998,69.610001,0.0,413,53.900002,22.800001,1,2023-05-05
2023-05-05 23:02:00,15.519999,69.790001,0.0,413,53.900002,22.6,1,2023-05-05
2023-05-05 23:32:00,15.259998,70.43,0.0,413,53.900002,22.6,1,2023-05-05
2023-05-06 00:02:00,15.039999,70.260002,0.0,413,53.900002,22.5,1,2023-05-06
2023-05-06 00:32:00,14.869999,70.599998,0.0,413,53.799999,22.400002,1,2023-05-06
2023-05-06 01:02:00,14.589999,71.979996,0.0,413,53.799999,22.300001,1,2023-05-06
2023-05-06 01:32:00,14.309999,72.519997,0.0,413,53.799999,22.200001,1,2023-05-06
2023-05-06 02:02:00,13.989999,74.459999,0.0,413,53.799999,22.1,1,2023-05-06
2023-05-06 02:32:00,13.679998,75.119995,0.0,413,53.700001,22.0,1,2023-05-06
2023-05-06 03:02:00,13.329999,74.619995,0.0,413,53.700001,21.900002,1,2023-05-06
2023-05-06 03:32:00,12.939999,75.879997,0.0,413,53.600002,21.800001,1,2023-05-06
2023-05-06 04:02:00,12.559999,76.119995,0.02,413,53.600002,21.700001,1,2023-05-06
2023-05-06 04:32:00,12.279999,76.509995,0.44,413,53.600002,21.6,1,2023-05-06
2023-05-06 05:02:00,12.399999,78.279999,1.41,413,53.5,21.5,1,2023-05-06
2023-05-06 05:32:00,13.169999,79.299995,2.47,413,53.5,21.300001,1,2023-05-06
2023-05-06 06:02:00,14.849998,78.349998,3.49,413,53.5,21.200001,1,2023-05-06
2023-05-06 06:32:00,17.439999,74.57,4.67,413,53.400002,21.1,1,2023-05-06
2023-05-06 07:02:00,21.219999,67.369995,6.19,413,53.400002,21.0,1,2023-05-06
2023-05-06 07:32:00,25.499998,47.509998,7.51,477,53.100002,20.900002,1,2023-05-06
2023-05-06 08:02:00,27.769999,27.91,23.5,466,53.100002,20.800001,1,2023-05-06
2023-05-06 08:32:00,30.289999,20.859999,20.41,529,53.0,20.700001,1,2023-05-06
2023-05-06 09:02:00,33.48,19.959999,36.829998,597,53.0,20.6,1,2023-05-06
2023-05-06 09:32:00,35.849998,17.34,40.099998,694,53.0,20.6,1,2023-05-06
2023-05-06 10:02:00,35.939999,12.309999,41.290001,690,53.5,20.6,1,2023-05-06
2023-05-06 10:32:00,38.019997,14.87,39.389999,709,54.700001,20.6,1,2023-05-06
2023-05-06 11:02:00,38.239998,13.16,43.0,747,55.200001,20.700001,1,2023-05-06
2023-05-06 11:32:00,39.009998,13.179999,34.849998,731,55.700001,20.800001,1,2023-05-06
2023-05-06 12:02:00,39.25,12.75,28.4,717,55.900002,21.0,1,2023-05-06
2023-05-06 12:32:00,40.239998,12.889999,51.509998,762,56.100002,21.200001,1,2023-05-06
2023-05-06 13:02:00,40.849998,12.34,33.25,737,56.299999,21.5,1,2023-05-06
2023-05-06 13:32:00,42.329998,11.77,31.279999,737,56.400002,21.700001,1,2023-05-06
2023-05-06 14:02:00,41.399998,12.009999,4.0,741,56.600002,22.0,1,2023-05-06
2023-05-06 14:32:00,40.049999,12.559999,4.08,770,56.799999,22.300001,1,2023-05-06
2023-05-06 15:02:00,37.539997,10.34,17.32,706,56.900002,22.6,1,2023-05-06
2023-05-06 15:32:00,35.449997,12.11,24.709999,698,57.0,22.900002,1,2023-05-06
2023-05-06 16:02:00,33.25,13.5,13.309999,668,57.200001,23.1,1,2023-05-06
2023-05-06 16:32:00,32.099998,23.49,5.92,638,57.200001,23.400002,1,2023-05-06
2023-05-06 17:02:00,30.699999,17.84,5.95,616,57.400002,23.6,1,2023-05-06
2023-05-06 17:32:00,30.479998,27.73,3.08,601,57.400002,23.900002,1,2023-05-06
2023-05-06 18:02:00,29.199999,31.939999,1.44,555,57.5,24.1,1,2023-05-06
2023-05-06 18:32:00,26.899998,38.599998,0.38,548,57.600002,24.300001,1,2023-05-06
2023-05-06 19:02:00,24.099998,46.25,0.01,529,57.600002,24.400002,1,2023-05-06
2023-05-06 19:32:00,22.239998,51.449997,0.0,462,57.400002,24.5,1,2023-05-06
2023-05-06 20:02:00,20.649998,55.639999,0.0,454,57.400002,24.5,1,2023-05-06
2023-05-06 20:32:00,19.489998,58.989998,0.0,417,57.400002,24.6,1,2023-05-06
2023-05-06 21:02:00,18.549999,62.169998,0.0,447,57.400002,24.6,1,2023-05-06
2023-05-06 21:32:00,17.769999,61.32,0.0,421,57.299999,24.6,1,2023-05-06
2023-05-06 22:02:00,17.049999,63.309998,0.0,413,57.299999,24.5,1,2023-05-06
2023-05-06 22:32:00,16.379999,63.169998,0.0,413,57.299999,24.5,1,2023-05-06
2023-05-06 23:02:00,15.849998,64.360001,0.0,413,57.299999,24.400002,1,2023-05-06
2023-05-06 23:32:00,15.339999,67.059998,0.0,413,57.200001,24.300001,1,2023-05-06
2023-05-07 00:02:00,15.039999,68.339996,0.0,413,57.200001,24.200001,1,2023-05-07
2023-05-07 00:32:00,14.739999,69.18,0.0,413,57.200001,24.1,1,2023-05-07
2023-05-07 01:02:00,14.369999,69.900002,0.0,413,57.200001,24.0,1,2023-05-07
2023-05-07 01:32:00,14.009998,71.239998,0.0,413,57.100002,23.800001,1,2023-05-07
2023-05-07 02:02:00,13.669999,71.5,0.0,413,57.0,23.700001,1,2023-05-07
2023-05-07 02:32:00,13.419999,71.970001,0.0,413,57.0,23.5,1,2023-05-07
2023-05-07 03:02:00,13.059999,71.879997,0.0,413,57.0,23.400002,1,2023-05-07
2023-05-07 03:32:00,12.689999,72.900002,0.0,413,56.900002,23.300001,1,2023-05-07
2023-05-07 04:02:00,12.329999,72.43,0.02,413,56.799999,23.1,1,2023-05-07
2023-05-07 04:32:00,11.999999,73.419998,0.45,413,56.799999,23.0,1,2023-05-07
2023-05-07 05:02:00,12.089999,75.07,1.35,413,56.700001,22.800001,1,2023-05-07
2023-05-07 05:32:00,12.979999,75.159996,2.33,413,56.700001,22.6,1,2023-05-07
2023-05-07 06:02:00,14.919999,75.599998,3.28,413,56.600002,22.5,1,2023-05-07
2023-05-07 06:32:00,17.749998,73.019997,4.45,413,56.600002,22.400002,1,2023-05-07
2023-05-07 07:02:00,21.509998,66.629997,5.87,466,56.400002,22.200001,1,2023-05-07
2023-05-07 07:32:00,25.889999,52.25,7.57,529,56.400002,22.1,1,2023-05-07
2023-05-07 08:02:00,28.269999,23.16,24.92,507,56.299999,22.0,1,2023-05-07
2023-05-07 08:32:00,31.429998,19.109999,29.74,582,56.299999,21.800001,1,2023-05-07
2023-05-07 09:02:00,32.73,15.139999,40.529999,585,56.200001,21.800001,1,2023-05-07
2023-05-07 09:32:00,34.239998,12.11,41.34,634,56.200001,21.700001,1,2023-05-07
2023-05-07 10:02:00,35.82,14.46,41.290001,683,56.100002,21.6,1,2023-05-07
2023-05-07 10:32:00,37.079998,13.719999,40.360001,706,56.100002,21.6,1,2023-05-07
2023-05-07 11:02:00,37.73,12.05,45.16,735,56.100002,21.6,1,2023-05-07
2023-05-07 11:32:00,38.079998,12.19,41.889999,720,56.200001,21.800001,1,2023-05-07
2023-05-07 12:02:00,39.41,11.679999,28.789999,741,56.299999,21.900002,1,2023-05-07
2023-05-07 12:32:00,38.609997,8.41,53.93,717,56.400002,22.1,1,2023-05-07
2023-05-07 13:02:00,39.599998,11.889999,31.51,703,56.400002,22.300001,1,2023-05-07
2023-05-07 13:32:00,40.75,10.92,33.790001,731,56.600002,22.5,1,2023-05-07
2023-05-07 14:02:00,39.429996,11.88,20.779999,728,56.600002,22.800001,1,2023-05-07
2023-05-07 14:32:00,40.299999,8.33,34.84,704,56.799999,23.1,1,2023-05-07
2023-05-07 15:02:00,39.559998,8.33,15.46,720,57.0,23.5,1,2023-05-07
2023-05-07 15:32:00,38.899998,9.66,24.029999,687,57.100002,23.800001,1,2023-05-07
2023-05-07 16:02:00,36.709999,11.16,12.57,690,57.299999,24.1,1,2023-05-07
2023-05-07 16:32:00,34.829998,12.27,6.17,675,57.400002,24.5,1,2023-05-07
2023-05-07 17:02:00,34.329998,15.589999,6.02,698,57.600002,24.900002,1,2023-05-07
2023-05-07 17:32:00,34.669998,17.09,2.91,675,57.700001,25.200001,1,2023-05-07
2023-05-07 18:02:00,32.269997,20.58,1.24,630,57.700001,25.5,1,2023-05-07
2023-05-07 18:32:00,28.329998,27.849998,0.38,585,57.799999,25.6,1,2023-05-07
2023-05-07 19:02:00,24.909998,35.649998,0.01,518,57.900002,25.800001,1,2023-05-07
2023-05-07 19:32:00,22.349998,38.700001,0.0,454,57.600002,25.900002,1,2023-05-07
2023-05-07 20:02:00,20.579998,42.489998,0.0,473,57.600002,26.0,1,2023-05-07
2023-05-07 20:32:00,19.199999,44.259998,0.0,466,57.600002,26.0,1,2023-05-07
2023-05-07 21:02:00,18.309999,46.209999,0.0,413,57.600002,26.0,1,2023-05-07
2023-05-07 21:32:00,17.609999,48.289997,0.0,413,57.5,25.900002,1,2023-05-07
2023-05-07 22:02:00,16.949999,49.82,0.0,413,57.5,25.900002,1,2023-05-07
2023-05-07 22:32:00,16.329998,52.739998,0.0,413,57.400002,25.800001,1,2023-05-07
2023-05-07 23:02:00,15.669999,54.189999,0.0,413,57.400002,25.6,1,2023-05-07
2023-05-07 23:32:00,15.139998,54.349998,0.0,413,57.299999,25.5,1,2023-05-07
2023-05-08 00:02:00,14.799999,55.299999,0.0,413,57.200001,25.400002,1,2023-05-08
2023-05-08 00:32:00,14.419999,57.16,0.0,413,57.200001,25.200001,1,2023-05-08
2023-05-08 01:02:00,14.139998,57.939999,0.0,413,57.100002,25.1,1,2023-05-08
2023-05-08 01:32:00,13.909999,58.559998,0.0,413,57.0,24.900002,1,2023-05-08
2023-05-08 02:02:00,13.799999,59.25,0.0,413,57.0,24.700001,1,2023-05-08
2023-05-08 02:32:00,13.769999,61.52,0.0,413,57.0,24.6,1,2023-05-08
2023-05-08 03:02:00,13.889998,60.07,0.0,413,56.900002,24.400002,1,2023-05-08
2023-05-08 03:32:00,13.869999,59.099998,0.0,413,56.799999,24.200001,1,2023-05-08
2023-05-08 04:02:00,13.679998,60.289997,0.03,413,56.799999,24.0,1,2023-05-08
2023-05-08 04:32:00,13.379999,56.849998,0.49,413,56.700001,23.800001,1,2023-05-08
2023-05-08 05:02:00,13.519999,55.91,1.33,413,56.600002,23.700001,1,2023-05-08
2023-05-08 05:32:00,14.489999,54.799999,2.22,413,56.600002,23.5,1,2023-05-08
2023-05-08 06:02:00,16.409998,51.899998,3.21,413,56.5,23.400002,1,2023-05-08
2023-05-08 06:32:00,18.999998,46.779999,7.94,413,56.400002,23.200001,1,2023-05-08
2023-05-08 07:02:00,20.789999,41.799999,4.26,413,56.400002,23.1,1,2023-05-08
2023-05-08 07:32:00,23.199999,39.599998,6.02,447,56.299999,22.900002,1,2023-05-08
2023-05-08 08:02:00,25.569998,35.32,6.13,450,56.200001,22.800001,1,2023-05-08
2023-05-08 08:32:00,27.729998,19.049999,10.86,462,56.100002,22.6,1,2023-05-08
2023-05-08 09:02:00,29.379999,20.35,38.48,537,56.100002,22.6,1,2023-05-08
2023-05-08 09:32:00,30.009998,17.26,13.33,526,56.0,22.5,1,2023-05-08
2023-05-08 10:02:00,31.329998,17.609999,34.82,563,55.900002,22.400002,1,2023-05-08
2023-05-08 10:32:00,34.779999,15.65,35.779999,646,55.900002,22.400002,1,2023-05-08
2023-05-08 11:02:00,36.09,14.13,39.73,653,55.900002,22.400002,1,2023-05-08
2023-05-08 11:32:00,35.549999,13.03,39.360001,672,55.900002,22.400002,1,2023-05-08
2023-05-08 12:02:00,36.41,11.54,28.379999,694,55.900002,22.5,1,2023-05-08
2023-05-08 12:32:00,37.349998,11.87,52.789997,724,55.900002,22.6,1,2023-05-08
2023-05-08 13:02:00,37.709999,11.46,5.32,686,55.900002,22.700001,1,2023-05-08
2023-05-08 13:32:00,38.839996,11.41,34.439999,732,56.0,22.800001,1,2023-05-08
2023-05-08 14:02:00,37.959999,11.63,20.699999,698,56.100002,23.0,1,2023-05-08
2023-05-08 14:32:00,38.649998,10.8,35.66,698,56.100002,23.200001,1,2023-05-08
2023-05-08 15:02:00,37.109997,10.44,15.23,672,56.200001,23.400002,1,2023-05-08
2023-05-08 15:32:00,35.48,11.01,26.049999,642,56.299999,23.6,1,2023-05-08
2023-05-08 16:02:00,33.279999,12.48,12.21,623,56.400002,23.900002,1,2023-05-08
2023-05-08 16:32:00,31.799999,12.82,5.23,582,56.600002,24.200001,1,2023-05-08
2023-05-08 17:02:00,30.149998,15.52,5.76,556,56.600002,24.5,1,2023-05-08
2023-05-08 17:32:00,29.749998,16.77,1.65,544,56.799999,24.6,1,2023-05-08
2023-05-08 18:02:00,27.569998,20.949999,1.2,526,56.799999,24.800001,1,2023-05-08
2023-05-08 18:32:00,24.509998,25.609999,0.4,507,56.900002,25.0,1,2023-05-08
2023-05-08 19:02:00,21.809999,32.079998,0.01,450,56.600002,25.1,1,2023-05-08
2023-05-08 19:32:00,20.099998,37.48,0.0,413,56.600002,25.1,1,2023-05-08
2023-05-08 20:02:00,18.879999,41.27,0.0,413,56.600002,25.1,1,2023-05-08
2023-05-08 20:32:00,17.769999,42.849998,0.0,413,56.600002,25.1,1,2023-05-08
2023-05-08 21:02:00,16.489998,47.099998,0.0,413,56.600002,25.1,1,2023-05-08
2023-05-08 21:32:00,15.469998,49.459999,0.0,413,56.600002,25.0,1,2023-05-08
2023-05-08 22:02:00,14.689999,51.57,0.0,413,56.600002,25.0,1,2023-05-08
2023-05-08 22:32:00,13.959999,54.16,0.0,413,56.5,24.800001,1,2023-05-08
2023-05-08 23:02:00,13.869999,54.049999,0.0,413,56.5,24.700001,1,2023-05-08
2023-05-08 23:32:00,13.989999,53.529999,0.0,413,56.400002,24.6,1,2023-05-08
2023-05-09 00:02:00,13.509999,53.809998,0.0,413,56.400002,24.5,1,2023-05-09
2023-05-09 00:32:00,12.709999,55.110001,0.0,413,56.400002,24.300001,1,2023-05-09
2023-05-09 01:02:00,12.109999,57.579998,0.0,413,56.299999,24.1,1,2023-05-09
2023-05-09 01:32:00,11.559999,59.389999,0.0,413,56.299999,24.0,1,2023-05-09
2023-05-09 02:02:00,11.209999,61.259998,0.0,413,56.299999,23.900002,1,2023-05-09
2023-05-09 02:32:00,11.089999,62.419998,0.0,413,56.200001,23.700001,1,2023-05-09
2023-05-09 03:02:00,11.489999,59.34,0.0,413,56.100002,23.5,1,2023-05-09
2023-05-09 03:32:00,11.559999,56.369999,0.0,413,56.100002,23.400002,1,2023-05-09
2023-05-09 04:02:00,11.669999,55.889999,0.03,413,56.0,23.200001,1,2023-05-09
2023-05-09 04:32:00,11.599998,55.5,0.53,413,55.900002,23.0,1,2023-05-09
2023-05-09 05:02:00,11.999999,53.879997,1.26,413,55.900002,22.900002,1,2023-05-09
2023-05-09 05:32:00,12.819999,53.889999,2.17,413,55.799999,22.700001,1,2023-05-09
2023-05-09 06:02:00,14.869999,53.219997,3.01,413,55.700001,22.6,1,2023-05-09
2023-05-09 06:32:00,17.989998,47.009998,3.99,413,55.700001,22.400002,1,2023-05-09
2023-05-09 07:02:00,21.659998,39.5,5.36,413,55.600002,22.300001,1,2023-05-09
2023-05-09 07:32:00,25.459999,33.809998,7.1,470,55.400002,22.1,1,2023-05-09
2023-05-09 08:02:00,30.389997,20.07,25.199999,544,55.299999,22.0,1,2023-05-09
2023-05-09 08:32:00,30.119999,12.559999,28.699999,511,55.200001,21.900002,1,2023-05-09
2023-05-09 09:02:00,28.409998,13.02,14.54,436,55.200001,21.800001,1,2023-05-09
2023-05-09 09:32:00,27.899998,17.549999,17.08,450,55.100002,21.700001,1,2023-05-09
2023-05-09 10:02:00,27.909998,17.190001,7.91,466,55.100002,21.6,1,2023-05-09
2023-05-09 10:32:00,27.459999,15.77,10.36,413,55.0,21.6,1,2023-05-09
2023-05-09 11:02:00,28.679998,15.009999,9.98,466,55.0,21.6,1,2023-05-09
2023-05-09 11:32:00,28.739998,12.429999,12.559999,473,55.0,21.6,1,2023-05-09
2023-05-09 12:02:00,28.809998,12.429999,14.559999,473,55.0,21.700001,1,2023-05-09
2023-05-09 12:32:00,31.589998,11.53,55.43,571,55.0,21.800001,1,2023-05-09
2023-05-09 13:02:00,31.579998,10.469999,30.76,507,55.0,21.800001,1,2023-05-09
2023-05-09 13:32:00,28.039999,11.889999,25.92,477,55.0,22.0,1,2023-05-09
2023-05-09 14:02:00,27.579998,13.08,20.939999,473,55.100002,22.0,1,2023-05-09
2023-05-09 14:32:00,31.709999,10.9,32.169998,556,55.100002,22.1,1,2023-05-09
2023-05-09 15:02:00,31.949999,10.61,14.57,529,55.100002,22.300001,1,2023-05-09
2023-05-09 15:32:00,26.989998,12.62,11.09,458,55.200001,22.400002,1,2023-05-09
2023-05-09 16:02:00,26.079998,13.82,7.77,450,55.200001,22.5,1,2023-05-09
2023-05-09 16:32:00,25.099998,13.599999,6.54,417,55.200001,22.6,1,2023-05-09
2023-05-09 17:02:00,25.069998,15.87,2.69,428,55.299999,22.800001,1,2023-05-09
2023-05-09 17:32:00,23.739998,22.299999,1.88,413,55.400002,22.900002,1,2023-05-09
2023-05-09 18:02:00,21.589998,28.26,1.06,413,55.400002,23.0,1,2023-05-09
2023-05-09 18:32:00,19.739998,34.919998,0.34,413,55.400002,23.1,1,2023-05-09
2023-05-09 19:02:00,17.909998,40.779999,0.01,413,55.5,23.1,1,2023-05-09
2023-05-09 19:32:00,16.379999,45.709999,0.0,413,55.5,23.1,1,2023-05-09
2023-05-09 20:02:00,15.129999,50.509998,0.0,413,55.5,23.200001,1,2023-05-09
2023-05-09 20:32:00,14.239999,53.5,0.0,413,55.5,23.1,1,2023-05-09
2023-05-09 21:02:00,13.389998,55.989998,0.0,413,55.5,23.1,1,2023-05-09
2023-05-09 21:32:00,12.649999,59.459999,0.0,413,55.5,23.1,1,2023-05-09
2023-05-09 22:02:00,12.269999,61.949997,0.0,413,55.400002,23.0,1,2023-05-09
2023-05-09 22:32:00,11.729999,63.059998,0.0,413,55.400002,23.0,1,2023-05-09
2023-05-09 23:02:00,11.379999,65.699997,0.0,413,55.400002,22.800001,1,2023-05-09
2023-05-09 23:32:00,11.159999,65.909996,0.0,413,55.400002,22.700001,1,2023-05-09
2023-05-10 00:02:00,11.329999,67.040001,0.0,413,55.299999,22.6,1,2023-05-10
2023-05-10 00:32:00,11.449999,65.379997,0.0,413,55.200001,22.5,1,2023-05-10
2023-05-10 01:02:00,11.479999,64.040001,0.0,413,55.200001,22.400002,1,2023-05-10
2023-05-10 01:32:00,11.299999,65.639999,0.0,413,55.200001,22.200001,1,2023-05-10
2023-05-10 02:02:00,10.999999,66.43,0.0,413,55.100002,22.1,1,2023-05-10
2023-05-10 02:32:00,10.499999,66.659996,0.0,413,55.0,22.0,1,2023-05-10
2023-05-10 03:02:00,9.959999,67.979996,0.0,413,55.0,21.800001,1,2023-05-10
2023-05-10 03:32:00,9.709999,69.790001,0.0,413,54.900002,21.700001,1,2023-05-10
2023-05-10 04:02:00,9.599998,69.18,0.04,413,54.900002,21.6,1,2023-05-10
2023-05-10 04:32:00,9.589999,69.709999,0.47,413,54.799999,21.5,1,2023-05-10
2023-05-10 05:02:00,9.959999,69.330002,1.27,413,54.799999,21.300001,1,2023-05-10
2023-05-10 05:32:00,10.999999,66.93,2.32,413,54.700001,21.200001,1,2023-05-10
2023-05-10 06:02:00,12.889998,64.150002,3.42,413,54.700001,21.0,1,2023-05-10
2023-05-10 06:32:00,15.729999,57.59,4.51,413,54.700001,21.0,1,2023-05-10
2023-05-10 07:02:00,18.989998,47.869999,5.89,413,54.600002,20.800001,1,2023-05-10
2023-05-10 07:32:00,22.379999,42.829998,7.53,413,54.299999,20.700001,1,2023-05-10
2023-05-10 08:02:00,27.189999,30.92,23.41,436,54.200001,20.6,1,2023-05-10
2023-05-10 08:32:00,25.789999,20.689999,27.369999,413,54.100002,20.5,1,2023-05-10
2023-05-10 09:02:00,25.499998,22.609999,37.950001,413,54.100002,20.5,1,2023-05-10
2023-05-10 09:32:00,28.479998,19.76,37.989998,511,55.299999,20.400002,1,2023-05-10
2023-05-10 10:02:00,28.189999,20.85,41.34,503,59.400002,20.300001,1,2023-05-10
2023-05-10 10:32:00,31.579998,17.42,34.290001,567,61.200001,20.1,1,2023-05-10
2023-05-10 11:02:00,33.009998,16.33,40.57,578,62.200001,20.0,1,2023-05-10
2023-05-10 11:32:00,32.529999,16.299999,36.399998,593,65.300003,19.900002,1,2023-05-10
2023-05-10 12:02:00,33.829998,15.75,30.029999,623,65.0,19.800001,1,2023-05-10
2023-05-10 12:32:00,36.059998,14.41,46.549999,661,64.700005,19.900002,1,2023-05-10
2023-05-10 13:02:00,35.879997,13.09,20.92,646,64.5,20.0,1,2023-05-10
2023-05-10 13:32:00,38.439999,13.88,34.029999,694,64.400002,20.1,1,2023-05-10
2023-05-10 14:02:00,38.09,12.349999,17.549999,686,64.300003,20.200001,1,2023-05-10
2023-05-10 14:32:00,38.899998,11.809999,29.799999,706,64.300003,20.400002,1,2023-05-10
2023-05-10 15:02:00,36.639999,12.23,17.75,646,64.200005,20.5,1,2023-05-10
2023-05-10 15:32:00,36.469997,12.5,20.959999,627,64.099998,20.700001,1,2023-05-10
2023-05-10 16:02:00,34.759998,14.04,9.46,582,64.0,20.900002,1,2023-05-10
2023-05-10 16:32:00,32.459999,14.849999,5.18,544,64.0,21.1,1,2023-05-10
2023-05-10 17:02:00,30.529999,16.91,4.29,571,64.0,21.300001,1,2023-05-10
2023-05-10 17:32:00,30.509998,20.91,2.65,526,64.0,21.5,1,2023-05-10
2023-05-10 18:02:00,29.189999,24.609999,1.28,518,64.0,21.6,1,2023-05-10
2023-05-10 18:32:00,25.939999,27.939999,0.39,518,63.900002,21.800001,1,2023-05-10
2023-05-10 19:02:00,22.469999,36.77,0.02,466,63.799999,22.0,1,2023-05-10
2023-05-10 19:32:00,19.839998,44.25,0.0,413,63.700001,22.1,1,2023-05-10
2023-05-10 20:02:00,18.119999,49.399998,0.0,413,63.600002,22.200001,1,2023-05-10
2023-05-10 20:32:00,16.989998,52.789997,0.0,413,63.600002,22.300001,1,2023-05-10
2023-05-10 21:02:00,16.409998,56.079998,0.0,413,63.600002,22.300001,1,2023-05-10
2023-05-10 21:32:00,15.689999,57.849998,0.0,413,63.600002,22.300001,1,2023-05-10
2023-05-10 22:02:00,14.929998,60.389999,0.0,413,63.5,22.300001,1,2023-05-10
2023-05-10 22:32:00,14.269999,62.389999,0.0,413,63.400002,22.300001,1,2023-05-10
2023-05-10 23:02:00,13.719998,64.189995,0.0,413,63.400002,22.300001,1,2023-05-10
2023-05-10 23:32:00,13.259999,64.400002,0.0,413,63.400002,22.200001,1,2023-05-10
2023-05-11 00:02:00,12.689999,66.269997,0.0,413,63.299999,22.1,1,2023-05-11
2023-05-11 00:32:00,12.249999,66.879997,0.0,413,63.200001,22.1,1,2023-05-11
2023-05-11 01:02:00,11.859999,68.900002,0.0,413,63.200001,22.0,1,2023-05-11
2023-05-11 01:32:00,11.679998,69.689995,0.0,413,63.200001,21.900002,1,2023-05-11
2023-05-11 02:02:00,11.369999,70.580002,0.0,413,63.100002,21.800001,1,2023-05-11
2023-05-11 02:32:00,11.029999,71.139999,0.0,413,63.0,21.700001,1,2023-05-11
2023-05-11 03:02:00,10.729999,72.43,0.0,413,63.0,21.6,1,2023-05-11
2023-05-11 03:32:00,10.519999,73.389999,0.0,413,62.900002,21.5,1,2023-05-11
2023-05-11 04:02:00,10.279999,73.540001,0.04,413,62.799999,21.400002,1,2023-05-11
2023-05-11 04:32:00,10.139998,73.169998,0.49,413,62.799999,21.300001,1,2023-05-11
2023-05-11 05:02:00,10.589999,75.369995,1.42,413,62.799999,21.1,1,2023-05-11
2023-05-11 05:32:00,12.139998,71.159996,2.3,413,62.700001,21.0,1,2023-05-11
2023-05-11 06:02:00,14.469998,66.860001,3.2,413,62.600002,20.900002,1,2023-05-11
2023-05-11 06:32:00,17.449999,50.169998,4.21,413,62.5,20.800001,1,2023-05-11
2023-05-11 07:02:00,19.519999,35.27,5.81,413,62.5,20.6,1,2023-05-11
2023-05-11 07:32:00,21.999998,29.49,7.19,413,62.400002,20.6,1,2023-05-11
2023-05-11 08:02:00,25.369999,21.0,22.35,425,62.299999,20.5,1,2023-05-11
2023-05-11 08:32:00,29.199999,18.01,24.799999,518,62.299999,20.400002,1,2023-05-11
2023-05-11 09:02:00,31.259998,18.969999,36.5,507,62.299999,20.300001,1,2023-05-11
2023-05-11 09:32:00,33.949997,14.009999,12.33,582,62.200001,20.300001,1,2023-05-11
2023-05-11 10:02:00,33.549999,14.839999,13.62,589,63.200001,20.200001,1,2023-05-11
2023-05-11 10:32:00,34.699997,14.08,12.41,585,63.600002,20.200001,1,2023-05-11
2023-05-11 11:02:00,35.199997,13.79,12.58,657,63.5,20.1,1,2023-05-11
2023-05-11 11:32:00,35.949997,13.84,12.559999,650,63.5,20.1,1,2023-05-11
2023-05-11 12:02:00,36.609997,12.19,10.71,675,63.5,20.300001,1,2023-05-11
2023-05-11 12:32:00,37.329998,13.849999,12.08,694,63.600002,20.300001,1,2023-05-11
2023-05-11 13:02:00,36.919998,13.28,9.309999,675,63.799999,20.5,1,2023-05-11
2023-05-11 13:32:00,36.769997,12.0,10.73,683,64.0,20.6,1,2023-05-11
2023-05-11 14:02:00,36.66,11.36,15.309999,661,64.200005,20.800001,1,2023-05-11
2023-05-11 14:32:00,37.939999,10.599999,18.469999,686,64.400002,21.0,1,2023-05-11
2023-05-11 15:02:00,37.519997,11.759999,17.73,612,65.599998,21.300001,1,2023-05-11
2023-05-11 15:32:00,35.16,12.02,8.88,634,67.700005,21.5,1,2023-05-11
2023-05-11 16:02:00,33.289997,12.679999,5.11,593,67.200005,21.800001,1,2023-05-11
2023-05-11 16:32:00,31.139997,14.62,4.71,571,67.0,21.900002,1,2023-05-11
2023-05-11 17:02:00,31.459999,18.869999,4.37,567,66.800003,22.0,1,2023-05-11
2023-05-11 17:32:00,31.469999,21.77,3.31,529,66.700005,22.1,1,2023-05-11
2023-05-11 18:02:00,30.089998,26.82,1.58,552,66.5,22.200001,1,2023-05-11
2023-05-11 18:32:00,27.499998,28.809999,0.36,514,66.400002,22.300001,1,2023-05-11
2023-05-11 19:02:00,24.429998,35.559998,0.02,447,66.300003,22.400002,1,2023-05-11
2023-05-11 19:32:00,22.509998,41.700001,0.0,436,66.099998,22.5,1,2023-05-11
2023-05-11 20:02:00,21.369999,43.549999,0.0,417,65.900002,22.6,1,2023-05-11
2023-05-11 20:32:00,20.389999,46.110001,0.0,413,65.800003,22.6,1,2023-05-11
2023-05-11 21:02:00,19.73,43.849998,0.0,413,65.800003,22.700001,1,2023-05-11
2023-05-11 21:32:00,19.15,47.52,0.0,413,65.700005,22.700001,1,2023-05-11
2023-05-11 22:02:00,18.689999,48.869999,0.0,413,65.599998,22.800001,1,2023-05-11
2023-05-11 22:32:00,18.289999,50.77,0.0,413,65.5,22.800001,1,2023-05-11
2023-05-11 23:02:00,18.029999,56.610001,0.0,413,65.400002,22.700001,1,2023-05-11
2023-05-11 23:32:00,17.98,55.98,0.0,413,65.400002,22.700001,1,2023-05-11
2023-05-12 00:02:00,17.699999,55.719997,0.0,413,65.300003,22.6,1,2023-05-12
2023-05-12 00:32:00,17.309999,57.029999,0.0,413,65.200005,22.6,1,2023-05-12
2023-05-12 01:02:00,16.999998,57.919998,0.0,413,65.200005,22.5,1,2023-05-12
2023-05-12 01:32:00,16.629999,57.939999,0.0,413,65.099998,22.5,1,2023-05-12
2023-05-12 02:02:00,16.249998,60.029999,0.0,413,65.0,22.400002,1,2023-05-12
2023-05-12 02:32:00,16.179998,60.43,0.0,413,64.900002,22.300001,1,2023-05-12
2023-05-12 03:02:00,16.129999,60.029999,0.0,413,64.900002,22.300001,1,2023-05-12
2023-05-12 03:32:00,16.259998,62.43,0.0,413,64.800003,22.200001,1,2023-05-12
2023-05-12 04:02:00,16.109999,61.349998,0.04,413,64.700005,22.1,1,2023-05-12
2023-05-12 04:32:00,16.029999,63.32,0.45,413,64.700005,22.0,1,2023-05-12
2023-05-12 05:02:00,16.269999,61.449997,1.53,413,64.700005,22.0,1,2023-05-12
2023-05-12 05:32:00,16.939999,56.610001,2.56,413,64.599998,21.800001,1,2023-05-12
2023-05-12 06:02:00,18.039999,56.379997,4.4,413,64.5,21.800001,1,2023-05-12
2023-05-12 06:32:00,20.569998,54.860001,6.93,413,64.5,21.700001,1,2023-05-12
2023-05-12 07:02:00,24.359999,50.459999,8.429999,421,64.400002,21.6,1,2023-05-12
2023-05-12 07:32:00,27.729998,43.040001,10.09,484,64.300003,21.5,1,2023-05-12
2023-05-12 08:02:00,30.219999,22.67,14.719999,533,64.300003,21.5,1,2023-05-12
2023-05-12 08:32:00,25.799999,21.639999,12.71,462,64.200005,21.5,1,2023-05-12
2023-05-12 09:02:00,24.679998,24.959999,22.889999,413,64.200005,21.400002,1,2023-05-12
2023-05-12 09:32:00,27.289999,23.09,25.359999,462,64.099998,21.400002,1,2023-05-12
2023-05-12 10:02:00,28.939999,20.619999,23.289999,522,64.0,21.400002,1,2023-05-12
2023-05-12 10:32:00,29.399998,20.629999,10.469999,537,64.0,21.400002,1,2023-05-12
2023-05-12 11:02:00,30.039999,21.85,24.32,484,64.0,21.400002,1,2023-05-12
2023-05-12 11:32:00,29.009998,22.439999,10.13,469,64.0,21.5,1,2023-05-12
2023-05-12 12:02:00,27.409998,24.369999,10.599999,473,64.0,21.5,1,2023-05-12
2023-05-12 12:32:00,26.639999,25.66,13.83,454,63.900002,21.6,1,2023-05-12
2023-05-12 13:02:00,26.579998,26.559999,13.0,462,63.900002,21.700001,1,2023-05-12
2023-05-12 13:32:00,25.149998,29.559999,10.49,432,63.900002,21.800001,1,2023-05-12
2023-05-12 14:02:00,24.919998,31.49,9.53,413,63.799999,22.0,1,2023-05-12
2023-05-12 14:32:00,24.249998,33.739998,6.7,413,63.799999,22.0,1,2023-05-12
2023-05-12 15:02:00,25.209999,30.73,10.889999,413,63.799999,22.1,1,2023-05-12
2023-05-12 15:32:00,27.199999,28.969999,19.5,447,63.799999,22.200001,1,2023-05-12
2023-05-12 16:02:00,26.929998,28.34,7.13,439,63.799999,22.300001,1,2023-05-12
2023-05-12 16:32:00,25.739998,30.23,5.99,420,63.799999,22.400002,1,2023-05-12
2023-05-12 17:02:00,27.409998,30.619999,4.57,450,63.799999,22.5,1,2023-05-12
2023-05-12 17:32:00,28.899998,30.34,2.95,488,63.799999,22.5,1,2023-05-12
2023-05-12 18:02:00,27.909998,30.16,1.23,458,63.799999,22.6,1,2023-05-12
2023-05-12 18:32:00,25.469999,34.869999,0.09,432,63.700001,22.700001,1,2023-05-12
2023-05-12 19:02:00,23.279999,41.09,0.0,413,63.600002,22.800001,1,2023-05-12
2023-05-12 19:32:00,21.269999,50.149998,0.0,413,63.600002,22.800001,1,2023-05-12
2023-05-12 20:02:00,19.789999,59.299999,0.0,413,63.600002,22.800001,1,2023-05-12
2023-05-12 20:32:00,18.989998,63.899998,0.0,413,63.5,22.900002,1,2023-05-12
2023-05-12 21:02:00,18.289999,69.439995,0.0,413,63.5,22.900002,1,2023-05-12
2023-05-12 21:32:00,17.999998,73.110001,0.0,413,63.5,22.900002,1,2023-05-12
2023-05-12 22:02:00,17.809999,73.580002,0.0,413,63.400002,22.800001,1,2023-05-12
2023-05-12 22:32:00,17.589998,75.779999,0.0,413,63.400002,22.800001,1,2023-05-12
2023-05-12 23:02:00,17.48,78.809998,0.0,413,63.400002,22.800001,1,2023-05-12
2023-05-12 23:32:00,17.249998,78.330002,0.0,413,63.299999,22.700001,1,2023-05-12
2023-05-13 00:02:00,16.98,78.860001,0.0,413,63.299999,22.6,1,2023-05-13
2023-05-13 00:32:00,16.719999,78.379997,0.0,413,63.200001,22.6,1,2023-05-13
2023-05-13 01:02:00,16.48,77.540001,0.0,413,63.200001,22.5,1,2023-05-13
2023-05-13 01:32:00,16.23,77.610001,0.0,413,63.200001,22.400002,1,2023-05-13
2023-05-13 02:02:00,15.879999,77.080002,0.0,413,63.100002,22.300001,1,2023-05-13
2023-05-13 02:32:00,15.579999,77.769997,0.0,413,63.100002,22.200001,1,2023-05-13
2023-05-13 03:02:00,15.369999,77.889999,0.0,413,63.0,22.1,1,2023-05-13
2023-05-13 03:32:00,15.229999,77.830002,0.0,413,63.0,22.1,1,2023-05-13
2023-05-13 04:02:00,15.029999,77.739998,0.06,413,63.0,22.0,1,2023-05-13
2023-05-13 04:32:00,14.939999,78.849998,0.61,413,62.900002,21.900002,1,2023-05-13
2023-05-13 05:02:00,15.239999,78.379997,1.45,413,62.900002,21.800001,1,2023-05-13
2023-05-13 05:32:00,16.269999,78.040001,2.4,413,62.900002,21.700001,1,2023-05-13
2023-05-13 06:02:00,18.159998,78.729996,3.41,413,62.799999,21.6,1,2023-05-13
2023-05-13 06:32:00,20.73,72.650002,4.64,413,62.799999,21.5,1,2023-05-13
2023-05-13 07:02:00,23.819998,63.379997,6.36,413,62.700001,21.5,1,2023-05-13
2023-05-13 07:32:00,27.109999,56.57,8.44,466,62.600002,21.300001,1,2023-05-13
2023-05-13 08:02:00,29.809998,36.459999,18.469999,507,62.600002,21.300001,1,2023-05-13
2023-05-13 08:32:00,26.999998,38.049999,21.58,439,62.5,21.200001,1,2023-05-13
2023-05-13 09:02:00,28.679998,36.149998,44.040001,466,62.5,21.1,1,2023-05-13
2023-05-13 09:32:00,30.889997,32.52,21.9,507,62.5,21.1,1,2023-05-13
2023-05-13 10:02:00,30.179998,32.309998,33.059998,507,62.400002,21.1,1,2023-05-13
2023-05-13 10:32:00,30.109999,32.509998,10.26,484,62.400002,21.1,1,2023-05-13
2023-05-13 11:02:00,28.829998,34.779999,19.41,466,62.400002,21.1,1,2023-05-13
2023-05-13 11:32:00,31.579998,29.199999,18.699999,559,62.299999,21.200001,1,2023-05-13
2023-05-13 12:02:00,34.209999,25.91,12.0,601,62.299999,21.200001,1,2023-05-13
2023-05-13 12:32:00,34.149998,25.309999,20.73,627,62.299999,21.300001,1,2023-05-13
2023-05-13 13:02:00,32.779999,27.43,22.98,537,62.299999,21.5,1,2023-05-13
2023-05-13 13:32:00,32.59,26.309999,46.02,544,62.299999,21.5,1,2023-05-13
2023-05-13 14:02:00,31.319998,27.73,15.589999,529,62.299999,21.700001,1,2023-05-13
2023-05-13 14:32:00,31.079998,27.189999,8.13,529,62.299999,21.800001,1,2023-05-13
2023-05-13 15:02:00,27.309998,31.74,7.09,462,62.299999,22.0,1,2023-05-13
2023-05-13 15:32:00,26.679998,35.18,2.57,417,62.299999,22.1,1,2023-05-13
2023-05-13 16:02:00,25.699999,44.5,7.02,413,62.400002,22.200001,1,2023-05-13
2023-05-13 16:32:00,26.759998,45.869999,4.37,432,62.400002,22.300001,1,2023-05-13
2023-05-13 17:02:00,26.759998,46.91,1.07,466,62.400002,22.5,1,2023-05-13
2023-05-13 17:32:00,24.729998,53.199997,0.91,417,62.400002,22.6,1,2023-05-13
2023-05-13 18:02:00,23.309999,61.119999,1.45,420,62.400002,22.6,1,2023-05-13
2023-05-13 18:32:00,22.799999,65.760002,0.31,413,62.400002,22.700001,1,2023-05-13
2023-05-13 19:02:00,21.889999,69.839996,0.02,413,62.400002,22.700001,1,2023-05-13
2023-05-13 19:32:00,21.069998,71.529999,0.0,417,62.299999,22.800001,1,2023-05-13
2023-05-13 20:02:00,20.309999,67.610001,0.0,413,62.299999,22.800001,1,2023-05-13
2023-05-13 20:32:00,19.469999,66.57,0.0,413,62.299999,22.800001,1,2023-05-13
2023-05-13 21:02:00,18.709999,69.939995,0.0,413,62.299999,22.800001,1,2023-05-13
2023-05-13 21:32:00,17.989998,72.110001,0.0,413,62.299999,22.800001,1,2023-05-13
2023-05-13 22:02:00,17.459999,74.330002,0.0,413,62.299999,22.700001,1,2023-05-13
2023-05-13 22:32:00,17.079998,75.599998,0.0,413,62.200001,22.6,1,2023-05-13
2023-05-13 23:02:00,16.679998,76.739998,0.0,413,62.200001,22.6,1,2023-05-13
2023-05-13 23:32:00,16.369999,77.099998,0.0,413,62.200001,22.6,1,2023-05-13
2023-05-14 00:02:00,16.049999,77.939995,0.0,413,62.100002,22.5,1,2023-05-14
2023-05-14 00:32:00,15.809999,78.479996,0.0,413,62.100002,22.5,1,2023-05-14
2023-05-14 01:02:00,15.519999,79.639999,0.0,413,62.100002,22.300001,1,2023-05-14
2023-05-14 01:32:00,15.279999,80.089996,0.0,413,62.100002,22.300001,1,2023-05-14
2023-05-14 02:02:00,15.039999,81.279999,0.0,413,62.0,22.200001,1,2023-05-14
2023-05-14 02:32:00,14.949999,81.220001,0.0,413,61.900002,22.1,1,2023-05-14
2023-05-14 03:02:00,14.709999,80.369995,0.0,413,61.900002,22.0,1,2023-05-14
2023-05-14 03:32:00,14.409999,81.049995,0.0,413,61.900002,21.900002,1,2023-05-14
2023-05-14 04:02:00,14.239999,82.479996,0.07,413,61.900002,21.800001,1,2023-05-14
2023-05-14 04:32:00,14.239999,82.650002,0.69,413,61.799999,21.800001,1,2023-05-14
2023-05-14 05:02:00,14.739999,82.470001,2.39,413,61.799999,21.6,1,2023-05-14
2023-05-14 05:32:00,16.019999,80.459999,3.13,413,61.700001,21.5,1,2023-05-14
2023-05-14 06:02:00,17.449999,77.25,4.51,413,61.700001,21.5,1,2023-05-14
2023-05-14 06:32:00,19.609999,77.360001,6.32,413,61.700001,21.400002,1,2023-05-14
2023-05-14 07:02:00,22.589998,70.150002,7.97,413,61.600002,21.300001,1,2023-05-14
2023-05-14 07:32:00,26.089998,60.84,10.29,417,61.5,21.200001,1,2023-05-14
2023-05-14 08:02:00,24.159998,44.489998,17.879999,413,61.299999,21.1,1,2023-05-14
2023-05-14 08:32:00,25.059999,43.619999,23.07,413,61.299999,21.1,1,2023-05-14
2023-05-14 09:02:00,27.729998,38.110001,36.969997,458,61.299999,21.0,1,2023-05-14
2023-05-14 09:32:00,29.609999,34.349998,36.52,495,61.200001,21.0,1,2023-05-14
2023-05-14 10:02:00,31.139997,31.129999,43.419998,537,61.100002,21.0,1,2023-05-14
2023-05-14 10:32:00,32.699997,28.459999,33.130001,556,61.100002,21.0,1,2023-05-14
2023-05-14 11:02:00,34.269997,24.58,43.619999,604,61.100002,21.0,1,2023-05-14
2023-05-14 11:32:00,33.649998,23.119999,33.059998,597,61.0,21.0,1,2023-05-14
2023-05-14 12:02:00,35.419998,19.5,39.099998,638,61.0,21.1,1,2023-05-14
2023-05-14 12:32:00,37.079998,17.199999,49.84,664,61.0,21.200001,1,2023-05-14
2023-05-14 13:02:00,37.09,15.139999,24.039999,661,61.0,21.300001,1,2023-05-14
2023-05-14 13:32:00,34.449997,14.29,34.82,623,61.100002,21.5,1,2023-05-14
2023-05-14 14:02:00,33.509998,14.679999,28.33,612,61.0,21.6,1,2023-05-14
2023-05-14 14:32:00,34.82,12.73,35.739998,600,61.100002,21.800001,1,2023-05-14
2023-05-14 15:02:00,34.109997,12.809999,26.59,593,61.100002,21.900002,1,2023-05-14
2023-05-14 15:32:00,32.379997,14.349999,18.469999,563,61.100002,22.1,1,2023-05-14
2023-05-14 16:02:00,32.829998,13.79,10.09,571,61.100002,22.200001,1,2023-05-14
2023-05-14 16:32:00,35.109997,17.459999,3.48,604,61.200001,22.300001,1,2023-05-14
2023-05-14 17:02:00,35.809998,19.969999,2.62,638,61.200001,22.5,1,2023-05-14
2023-05-14 17:32:00,34.98,20.189999,1.79,612,61.200001,22.6,1,2023-05-14
2023-05-14 18:02:00,32.689999,21.98,1.66,563,61.299999,22.800001,1,2023-05-14
2023-05-14 18:32:00,30.069998,25.25,0.42,533,61.299999,22.900002,1,2023-05-14
2023-05-14 19:02:00,26.369999,31.429998,0.02,462,61.299999,23.0,1,2023-05-14
2023-05-14 19:32:00,23.919998,35.029999,0.0,447,61.299999,23.1,1,2023-05-14
2023-05-14 20:02:00,22.489998,38.989998,0.0,413,61.299999,23.1,1,2023-05-14
2023-05-14 20:32:00,21.519999,41.5,0.0,413,61.299999,23.200001,1,2023-05-14
2023-05-14 21:02:00,20.849998,42.82,0.0,413,61.299999,23.300001,1,2023-05-14
2023-05-14 21:32:00,20.389999,42.82,0.0,413,61.299999,23.300001,1,2023-05-14
2023-05-14 22:02:00,20.219999,42.509998,0.0,413,61.299999,23.300001,1,2023-05-14
2023-05-14 22:32:00,19.989998,41.939999,0.0,413,61.299999,23.300001,1,2023-05-14
2023-05-14 23:02:00,19.689999,42.329998,0.0,413,61.299999,23.300001,1,2023-05-14
2023-05-14 23:32:00,19.439999,43.809998,0.0,413,61.299999,23.200001,1,2023-05-14
2023-05-15 00:02:00,19.299999,44.559998,0.0,413,61.200001,23.200001,1,2023-05-15
2023-05-15 00:32:00,19.089998,46.279999,0.0,413,61.200001,23.1,1,2023-05-15
2023-05-15 01:02:00,19.049999,46.309998,0.0,413,61.200001,23.1,1,2023-05-15
2023-05-15 01:32:00,18.829998,48.5,0.0,413,61.100002,23.0,1,2023-05-15
2023-05-15 02:02:00,18.559999,50.439999,0.0,413,61.100002,23.0,1,2023-05-15
2023-05-15 02:32:00,17.949999,53.599998,0.0,413,61.100002,22.900002,1,2023-05-15
2023-05-15 03:02:00,17.459999,55.419998,0.0,413,61.100002,22.800001,1,2023-05-15
2023-05-15 03:32:00,17.029999,60.27,0.0,413,61.100002,22.700001,1,2023-05-15
2023-05-15 04:02:00,16.799999,63.68,0.05,413,61.0,22.6,1,2023-05-15
2023-05-15 04:32:00,16.949999,63.0,0.67,413,61.0,22.6,1,2023-05-15
2023-05-15 05:02:00,17.739998,58.879997,1.31,413,60.900002,22.5,1,2023-05-15
2023-05-15 05:32:00,18.659998,56.68,1.95,413,60.900002,22.400002,1,2023-05-15
2023-05-15 06:02:00,19.489998,56.329998,2.51,413,60.900002,22.300001,1,2023-05-15
2023-05-15 06:32:00,20.719999,55.610001,3.24,413,60.799999,22.300001,1,2023-05-15
2023-05-15 07:02:00,21.419998,53.369999,2.22,413,60.799999,22.1,1,2023-05-15
2023-05-15 07:32:00,21.279999,53.93,2.33,413,60.700001,22.1,1,2023-05-15
2023-05-15 08:02:00,21.119999,56.879997,1.93,413,60.700001,22.0,1,2023-05-15
2023-05-15 08:32:00,20.549999,59.34,1.92,413,60.700001,22.0,1,2023-05-15
2023-05-15 09:02:00,19.939999,63.57,3.15,413,60.600002,21.900002,1,2023-05-15
2023-05-15 09:32:00,21.799999,63.509998,13.65,413,60.600002,21.800001,1,2023-05-15
2023-05-15 10:02:00,26.079998,58.07,13.63,421,60.5,21.800001,1,2023-05-15
2023-05-15 10:32:00,27.729998,37.799999,13.77,458,60.299999,21.800001,1,2023-05-15
2023-05-15 11:02:00,31.809998,31.359999,16.609999,526,60.299999,21.700001,1,2023-05-15
2023-05-15 11:32:00,34.689999,25.83,14.09,597,60.100002,21.6,1,2023-05-15
2023-05-15 12:02:00,35.049999,22.35,30.66,582,60.100002,21.6,1,2023-05-15
2023-05-15 12:32:00,36.91,19.789999,43.239998,638,60.0,21.6,1,2023-05-15
2023-05-15 13:02:00,38.669998,18.66,28.91,698,59.900002,21.700001,1,2023-05-15
2023-05-15 13:32:00,38.739998,16.91,19.26,679,59.900002,21.700001,1,2023-05-15
2023-05-15 14:02:00,37.829998,16.609999,26.439999,600,59.900002,21.800001,1,2023-05-15
2023-05-15 14:32:00,37.23,16.389999,33.32,627,61.100002,22.0,1,2023-05-15
2023-05-15 15:02:00,37.079998,14.92,26.029999,623,64.200005,22.1,1,2023-05-15
2023-05-15 15:32:00,34.98,14.45,18.969999,578,64.700005,22.300001,1,2023-05-15
2023-05-15 16:02:00,32.259998,14.79,9.179999,559,66.300003,22.5,1,2023-05-15
2023-05-15 16:32:00,30.219999,17.85,5.29,503,65.900002,22.700001,1,2023-05-15
2023-05-15 17:02:00,30.969999,22.0,4.28,511,65.5,22.800001,1,2023-05-15
2023-05-15 17:32:00,31.369999,22.029999,3.04,537,65.300003,23.0,1,2023-05-15
2023-05-15 18:02:00,29.799999,26.98,1.55,492,65.099998,23.0,1,2023-05-15
2023-05-15 18:32:00,27.109999,29.73,0.6,458,64.900002,23.1,1,2023-05-15
2023-05-15 19:02:00,23.689999,36.110001,0.05,439,64.800003,23.200001,1,2023-05-15
2023-05-15 19:32:00,21.369999,40.849998,0.0,413,64.599998,23.300001,1,2023-05-15
2023-05-15 20:02:00,20.23,44.619999,0.0,413,64.5,23.300001,1,2023-05-15
2023-05-15 20:32:00,19.359999,49.43,0.0,413,64.400002,23.300001,1,2023-05-15
2023-05-15 21:02:00,18.309999,54.59,0.0,413,64.300003,23.300001,1,2023-05-15
2023-05-15 21:32:00,17.199999,58.579998,0.0,413,64.300003,23.300001,1,2023-05-15
2023-05-15 22:02:00,16.32,62.43,0.0,413,64.200005,23.300001,1,2023-05-15
2023-05-15 22:32:00,16.079998,63.939999,0.0,413,64.099998,23.300001,1,2023-05-15
2023-05-15 23:02:00,15.539999,65.860001,0.0,413,64.0,23.300001,1,2023-05-15
2023-05-15 23:32:00,15.099998,66.659996,0.0,413,64.0,23.200001,1,2023-05-15
2023-05-16 00:02:00,14.539999,67.629997,0.0,413,63.900002,23.1,1,2023-05-16
2023-05-16 00:32:00,14.109999,69.199997,0.0,413,63.799999,23.0,1,2023-05-16
2023-05-16 01:02:00,14.169999,67.979996,0.0,413,63.799999,23.0,1,2023-05-16
2023-05-16 01:32:00,14.059999,69.989998,0.0,413,63.700001,22.800001,1,2023-05-16
2023-05-16 02:02:00,13.799999,70.409996,0.0,413,63.600002,22.800001,1,2023-05-16
2023-05-16 02:32:00,13.319999,70.849998,0.0,413,63.600002,22.6,1,2023-05-16
2023-05-16 03:02:00,13.249999,72.330002,0.0,413,63.600002,22.6,1,2023-05-16
2023-05-16 03:32:00,13.629999,72.799995,0.0,413,63.5,22.5,1,2023-05-16
2023-05-16 04:02:00,14.079999,72.260002,0.01,413,63.400002,22.300001,1,2023-05-16
2023-05-16 04:32:00,14.239999,73.040001,0.32,413,63.400002,22.200001,1,2023-05-16
2023-05-16 05:02:00,14.399999,75.68,0.21,413,63.299999,22.1,1,2023-05-16
2023-05-16 05:32:00,14.909999,75.299995,1.07,413,63.200001,22.0,1,2023-05-16
2023-05-16 06:02:00,15.309999,72.059998,1.02,413,63.200001,21.900002,1,2023-05-16
2023-05-16 06:32:00,15.949999,72.5,1.17,413,63.200001,21.800001,1,2023-05-16
2023-05-16 07:02:00,16.799999,69.07,8.15,413,63.100002,21.6,1,2023-05-16
2023-05-16 07:32:00,17.519999,66.68,1.27,413,63.0,21.6,1,2023-05-16
2023-05-16 08:02:00,17.239998,67.57,1.39,413,63.0,21.5,1,2023-05-16
2023-05-16 08:32:00,17.119999,67.080002,1.93,413,63.0,21.400002,1,2023-05-16
2023-05-16 09:02:00,17.559999,66.339996,5.26,413,62.900002,21.300001,1,2023-05-16
2023-05-16 09:32:00,18.269999,63.579998,1.08,413,62.799999,21.200001,1,2023-05-16
2023-05-16 10:02:00,17.599998,62.899998,2.07,413,62.799999,21.200001,1,2023-05-16
2023-05-16 10:32:00,17.199999,61.959999,1.27,413,62.799999,21.1,1,2023-05-16
2023-05-16 11:02:00,17.969999,60.649998,9.65,413,62.700001,21.0,1,2023-05-16
2023-05-16 11:32:00,19.319998,57.199997,5.22,413,62.700001,21.0,1,2023-05-16
2023-05-16 12:02:00,19.349998,56.279999,4.02,413,62.600002,21.0,1,2023-05-16
2023-05-16 12:32:00,18.73,56.73,1.32,413,62.600002,20.900002,1,2023-05-16
2023-05-16 13:02:00,17.539999,59.169998,1.49,413,62.5,20.800001,1,2023-05-16
2023-05-16 13:32:00,17.079998,50.829998,2.5,413,62.5,20.800001,1,2023-05-16
2023-05-16 14:02:00,16.379999,46.329998,1.45,413,62.5,20.800001,1,2023-05-16
2023-05-16 14:32:00,15.889998,50.639999,0.89,413,62.400002,20.800001,1,2023-05-16
2023-05-16 15:02:00,15.699999,66.080002,0.67,413,62.400002,20.700001,1,2023-05-16
2023-05-16 15:32:00,15.299999,68.150002,3.45,413,62.400002,20.700001,1,2023-05-16
2023-05-16 16:02:00,17.359999,63.16,3.71,413,62.299999,20.6,1,2023-05-16
2023-05-16 16:32:00,18.629999,58.57,3.44,413,62.299999,20.6,1,2023-05-16
2023-05-16 17:02:00,18.759998,56.529999,3.82,413,62.299999,20.5,1,2023-05-16
2023-05-16 17:32:00,19.169998,55.82,3.39,413,62.200001,20.5,1,2023-05-16
2023-05-16 18:02:00,19.139999,55.049999,1.8,413,62.200001,20.5,1,2023-05-16
2023-05-16 18:32:00,17.879999,60.369999,0.81,413,62.100002,20.5,1,2023-05-16
2023-05-16 19:02:00,16.099998,66.43,0.05,413,62.100002,20.400002,1,2023-05-16
2023-05-16 19:32:00,14.359999,71.839996,0.0,413,62.100002,20.400002,1,2023-05-16
2023-05-16 20:02:00,13.259999,74.739998,0.0,413,62.100002,20.300001,1,2023-05-16
2023-05-16 20:32:00,12.509999,77.290001,0.0,413,62.100002,20.300001,1,2023-05-16
2023-05-16 21:02:00,12.029999,77.989998,0.0,413,62.0,20.300001,1,2023-05-16
2023-05-16 21:32:00,11.589999,78.589996,0.0,413,62.0,20.300001,1,2023-05-16
2023-05-16 22:02:00,11.199999,78.509995,0.0,413,61.900002,20.200001,1,2023-05-16
2023-05-16 22:32:00,10.749999,79.599998,0.0,413,61.900002,20.1,1,2023-05-16
2023-05-16 23:02:00,10.449999,80.139999,0.0,413,61.900002,20.1,1,2023-05-16
2023-05-16 23:32:00,10.449999,81.659996,0.0,413,61.900002,20.0,1,2023-05-16
2023-05-17 00:02:00,10.569999,82.970001,0.0,413,61.799999,20.0,1,2023-05-17
2023-05-17 00:32:00,10.479999,81.959999,0.0,413,61.799999,19.900002,1,2023-05-17
2023-05-17 01:02:00,10.189999,81.889999,0.0,413,61.700001,19.800001,1,2023-05-17
2023-05-17 01:32:00,9.829999,80.5,0.0,413,61.700001,19.800001,1,2023-05-17
2023-05-17 02:02:00,9.459999,81.759995,0.0,413,61.700001,19.6,1,2023-05-17
2023-05-17 02:32:00,9.309999,82.049995,0.0,413,61.700001,19.6,1,2023-05-17
2023-05-17 03:02:00,8.999999,81.519997,0.0,413,61.600002,19.5,1,2023-05-17
2023-05-17 03:32:00,8.739999,83.339996,0.0,413,61.600002,19.400002,1,2023-05-17
2023-05-17 04:02:00,8.829999,84.309998,0.1,413,61.5,19.300001,1,2023-05-17
2023-05-17 04:32:00,9.169999,84.849998,0.64,413,61.5,19.300001,1,2023-05-17
2023-05-17 05:02:00,9.769999,84.970001,1.58,413,61.5,19.1,1,2023-05-17
2023-05-17 05:32:00,10.569999,82.479996,2.06,413,61.400002,19.1,1,2023-05-17
2023-05-17 06:02:00,12.249999,85.269997,3.73,413,61.400002,19.0,1,2023-05-17
2023-05-17 06:32:00,15.699999,78.119995,4.74,413,61.299999,18.900002,1,2023-05-17
2023-05-17 07:02:00,18.369999,70.659996,7.18,413,61.299999,18.800001,1,2023-05-17
2023-05-17 07:32:00,21.339998,65.150002,9.73,413,61.299999,18.800001,1,2023-05-17
2023-05-17 08:02:00,23.859999,58.18,10.82,413,61.200001,18.6,1,2023-05-17
2023-05-17 08:32:00,25.649998,55.079998,10.91,413,60.700001,18.6,1,2023-05-17
2023-05-17 09:02:00,29.119999,45.939999,33.459999,470,60.700001,18.6,1,2023-05-17
2023-05-17 09:32:00,32.079998,20.959999,37.75,499,60.600002,18.6,1,2023-05-17
2023-05-17 10:02:00,33.769997,15.98,42.73,559,60.5,18.5,1,2023-05-17
2023-05-17 10:32:00,36.09,14.33,37.619999,642,60.5,18.6,1,2023-05-17
2023-05-17 11:02:00,35.919998,13.69,41.899998,649,60.5,18.6,1,2023-05-17
2023-05-17 11:32:00,37.489998,14.07,31.41,664,60.400002,18.6,1,2023-05-17
2023-05-17 12:02:00,36.829998,13.11,39.309998,694,60.400002,18.800001,1,2023-05-17
2023-05-17 12:32:00,40.41,12.469999,46.98,702,60.400002,18.900002,1,2023-05-17
2023-05-17 13:02:00,41.649998,10.77,36.919998,688,60.299999,19.0,1,2023-05-17
2023-05-17 13:32:00,43.0,9.02,32.75,697,60.299999,19.200001,1,2023-05-17
2023-05-17 14:02:00,42.57,11.759999,32.98,707,60.299999,19.400002,1,2023-05-17
2023-05-17 14:32:00,42.579998,11.15,34.599998,700,60.299999,19.6,1,2023-05-17
2023-05-17 15:02:00,42.25,10.28,30.129999,693,60.299999,19.900002,1,2023-05-17
2023-05-17 15:32:00,40.75,10.469999,16.629999,695,60.400002,20.200001,1,2023-05-17
2023-05-17 16:02:00,37.629997,11.179999,14.87,686,60.5,20.5,1,2023-05-17
2023-05-17 16:32:00,35.899998,15.45,9.98,630,60.5,20.800001,1,2023-05-17
2023-05-17 17:02:00,35.16,18.219999,6.84,627,60.700001,21.200001,1,2023-05-17
2023-05-17 17:32:00,34.889999,20.43,3.92,642,60.700001,21.5,1,2023-05-17
2023-05-17 18:02:00,33.07,27.17,1.56,582,60.700001,21.800001,1,2023-05-17
2023-05-17 18:32:00,29.039999,33.919998,0.59,544,60.900002,22.0,1,2023-05-17
2023-05-17 19:02:00,25.199999,40.169998,0.05,518,60.900002,22.200001,1,2023-05-17
2023-05-17 19:32:00,22.799999,42.009998,0.0,436,61.100002,22.400002,1,2023-05-17
2023-05-17 20:02:00,21.549999,43.879997,0.0,413,61.100002,22.5,1,2023-05-17
2023-05-17 20:32:00,20.599998,46.099998,0.0,413,61.100002,22.6,1,2023-05-17
2023-05-17 21:02:00,19.939999,47.950001,0.0,413,61.100002,22.700001,1,2023-05-17
2023-05-17 21:32:00,19.469999,52.73,0.0,413,61.100002,22.800001,1,2023-05-17
2023-05-17 22:02:00,18.829998,57.16,0.0,413,61.100002,22.800001,1,2023-05-17
2023-05-17 22:32:00,18.319998,60.16,0.0,413,61.100002,22.800001,1,2023-05-17
2023-05-17 23:02:00,17.709999,63.899998,0.0,413,61.0,22.800001,1,2023-05-17
2023-05-17 23:32:00,16.829998,67.32,0.0,413,61.0,22.800001,1,2023-05-17
2023-05-18 00:02:00,16.019999,70.709999,0.0,413,61.0,22.700001,1,2023-05-18
2023-05-18 00:32:00,15.339999,72.75,0.0,413,60.900002,22.6,1,2023-05-18
2023-05-18 01:02:00,14.819999,74.650002,0.0,413,60.900002,22.6,1,2023-05-18
2023-05-18 01:32:00,14.419999,75.779999,0.0,413,60.900002,22.5,1,2023-05-18
2023-05-18 02:02:00,14.059999,76.379997,0.0,413,60.900002,22.400002,1,2023-05-18
2023-05-18 02:32:00,13.779999,77.059998,0.0,413,60.799999,22.300001,1,2023-05-18
2023-05-18 03:02:00,13.399999,77.739998,0.0,413,60.700001,22.200001,1,2023-05-18
2023-05-18 03:32:00,13.169999,78.619995,0.0,413,60.700001,22.1,1,2023-05-18
2023-05-18 04:02:00,12.849998,79.009995,0.1,413,60.700001,22.0,1,2023-05-18
2023-05-18 04:32:00,12.729999,80.0,0.86,413,60.700001,21.900002,1,2023-05-18
2023-05-18 05:02:00,13.149999,80.489998,1.45,413,60.600002,21.800001,1,2023-05-18
2023-05-18 05:32:00,13.979999,80.540001,3.26,413,60.600002,21.700001,1,2023-05-18
2023-05-18 06:02:00,15.499999,79.699997,5.55,413,60.5,21.6,1,2023-05-18
2023-05-18 06:32:00,17.589998,75.479996,5.83,413,60.5,21.5,1,2023-05-18
2023-05-18 07:02:00,20.309999,69.889999,8.32,413,60.400002,21.400002,1,2023-05-18
2023-05-18 07:32:00,23.339998,61.389999,10.34,424,60.299999,21.300001,1,2023-05-18
2023-05-18 08:02:00,28.439999,49.169998,17.389999,447,59.900002,21.1,1,2023-05-18
2023-05-18 08:32:00,29.019999,32.599998,18.99,518,59.799999,21.1,1,2023-05-18
2023-05-18 09:02:00,29.129999,30.359999,36.619999,492,59.700001,21.0,1,2023-05-18
2023-05-18 09:32:00,31.259998,26.279999,39.759998,548,59.600002,20.900002,1,2023-05-18
2023-05-18 10:02:00,31.019999,25.609999,42.649998,567,59.5,20.900002,1,2023-05-18
2023-05-18 10:32:00,31.829998,23.359999,38.989998,560,59.299999,20.800001,1,2023-05-18
2023-05-18 11:02:00,31.869999,20.26,6.08,537,59.299999,20.900002,1,2023-05-18
2023-05-18 11:32:00,33.34,16.959999,6.03,570,59.200001,20.900002,1,2023-05-18
2023-05-18 12:02:00,33.59,14.559999,7.03,605,59.200001,21.0,1,2023-05-18
2023-05-18 12:32:00,33.429996,15.63,7.85,585,59.200001,21.0,1,2023-05-18
2023-05-18 13:02:00,34.829998,11.08,7.39,638,59.100002,21.1,1,2023-05-18
2023-05-18 13:32:00,32.73,12.53,5.68,589,59.200001,21.200001,1,2023-05-18
2023-05-18 14:02:00,30.469999,12.849999,7.32,526,59.200001,21.300001,1,2023-05-18
2023-05-18 14:32:00,32.549999,11.34,2.79,526,59.200001,21.400002,1,2023-05-18
2023-05-18 15:02:00,31.469999,12.65,6.29,526,59.200001,21.6,1,2023-05-18
2023-05-18 15:32:00,34.439999,10.71,11.969999,548,59.299999,21.6,1,2023-05-18
2023-05-18 16:02:00,33.679996,11.34,2.74,574,59.299999,21.800001,1,2023-05-18
2023-05-18 16:32:00,31.159998,14.98,8.09,529,59.299999,21.800001,1,2023-05-18
2023-05-18 17:02:00,30.839998,21.299999,5.64,522,59.299999,22.0,1,2023-05-18
2023-05-18 17:32:00,31.719999,25.879999,3.87,537,59.299999,22.1,1,2023-05-18
2023-05-18 18:02:00,31.139997,27.43,1.9,529,59.299999,22.1,1,2023-05-18
2023-05-18 18:32:00,28.689999,30.92,0.72,470,59.400002,22.200001,1,2023-05-18
2023-05-18 19:02:00,25.189999,37.5,0.06,443,59.5,22.300001,1,2023-05-18
2023-05-18 19:32:00,22.079998,46.649998,0.0,413,59.700001,22.300001,1,2023-05-18
2023-05-18 20:02:00,20.189999,51.719997,0.0,413,59.700001,22.5,1,2023-05-18
2023-05-18 20:32:00,19.279999,57.029999,0.0,413,59.700001,22.5,1,2023-05-18
2023-05-18 21:02:00,18.249998,60.649998,0.0,413,59.700001,22.5,1,2023-05-18
2023-05-18 21:32:00,17.519999,61.439999,0.0,413,59.700001,22.5,1,2023-05-18
2023-05-18 22:02:00,17.129999,64.189995,0.0,413,59.700001,22.5,1,2023-05-18
2023-05-18 22:32:00,16.769999,67.889999,0.0,413,59.700001,22.5,1,2023-05-18
2023-05-18 23:02:00,16.4,68.659996,0.0,413,59.700001,22.5,1,2023-05-18
2023-05-18 23:32:00,16.049999,70.119995,0.0,413,59.700001,22.400002,1,2023-05-18
2023-05-19 00:02:00,15.479999,71.5,0.0,413,59.700001,22.300001,1,2023-05-19
2023-05-19 00:32:00,15.069999,73.040001,0.0,413,59.700001,22.300001,1,2023-05-19
2023-05-19 01:02:00,14.629999,73.150002,0.0,413,59.700001,22.200001,1,2023-05-19
2023-05-19 01:32:00,14.289999,74.659996,0.0,413,59.700001,22.1,1,2023-05-19
2023-05-19 02:02:00,13.989999,75.709999,0.0,413,59.700001,22.1,1,2023-05-19
2023-05-19 02:32:00,13.729999,75.839996,0.0,413,59.600002,22.0,1,2023-05-19
2023-05-19 03:02:00,13.719998,78.349998,0.0,413,59.600002,21.900002,1,2023-05-19
2023-05-19 03:32:00,13.459999,77.93,0.0,413,59.5,21.800001,1,2023-05-19
2023-05-19 04:02:00,13.429998,77.650002,0.11,413,59.5,21.800001,1,2023-05-19
2023-05-19 04:32:00,13.569999,77.959999,0.75,413,59.5,21.6,1,2023-05-19
2023-05-19 05:02:00,14.179998,78.129997,1.79,413,59.5,21.5,1,2023-05-19
2023-05-19 05:32:00,15.389998,76.959999,3.14,413,59.400002,21.5,1,2023-05-19
2023-05-19 06:02:00,17.299999,75.639999,4.37,413,59.400002,21.400002,1,2023-05-19
2023-05-19 06:32:00,20.039999,69.559998,5.85,413,59.299999,21.300001,1,2023-05-19
2023-05-19 07:02:00,23.429998,60.129997,7.45,413,59.0,21.1,1,2023-05-19
2023-05-19 07:32:00,27.299999,50.459999,9.139999,481,58.900002,21.1,1,2023-05-19
2023-05-19 08:02:00,28.499998,26.029999,17.68,417,58.700001,21.0,1,2023-05-19
2023-05-19 08:32:00,30.329998,21.34,19.199999,499,58.600002,21.0,1,2023-05-19
2023-05-19 09:02:00,32.019997,19.43,23.01,507,58.400002,20.900002,1,2023-05-19
2023-05-19 09:32:00,33.349998,17.279999,25.91,548,58.299999,20.800001,1,2023-05-19
2023-05-19 10:02:00,33.949997,15.11,11.57,612,58.100002,20.800001,1,2023-05-19
2023-05-19 10:32:00,33.199997,15.009999,7.78,571,58.100002,20.800001,1,2023-05-19
2023-05-19 11:02:00,34.219997,11.69,6.4,582,58.0,20.900002,1,2023-05-19
2023-05-19 11:32:00,34.0,12.77,6.3,589,57.900002,20.900002,1,2023-05-19
2023-05-19 12:02:00,33.509998,12.03,7.24,574,57.900002,21.0,1,2023-05-19
2023-05-19 12:32:00,32.119999,13.16,7.86,526,57.900002,21.1,1,2023-05-19
2023-05-19 13:02:00,32.439999,13.179999,7.01,484,57.900002,21.200001,1,2023-05-19
2023-05-19 13:32:00,32.059998,12.83,6.12,526,57.900002,21.300001,1,2023-05-19
2023-05-19 14:02:00,33.599998,12.34,4.36,556,57.900002,21.400002,1,2023-05-19
2023-05-19 14:32:00,31.969999,12.559999,4.45,526,57.900002,21.5,1,2023-05-19
2023-05-19 15:02:00,30.699999,15.29,3.75,499,57.900002,21.6,1,2023-05-19
2023-05-19 15:32:00,31.139997,17.52,16.639999,518,57.900002,21.800001,1,2023-05-19
2023-05-19 16:02:00,30.809998,17.609999,10.17,503,57.900002,21.900002,1,2023-05-19
2023-05-19 16:32:00,29.589998,22.959999,5.22,473,57.900002,22.0,1,2023-05-19
2023-05-19 17:02:00,30.419998,23.959999,5.35,484,58.0,22.1,1,2023-05-19
2023-05-19 17:32:00,30.519999,27.33,3.01,503,58.100002,22.200001,1,2023-05-19
2023-05-19 18:02:00,29.289999,30.459999,1.46,470,58.100002,22.300001,1,2023-05-19
2023-05-19 18:32:00,27.439999,35.52,0.45,470,58.299999,22.400002,1,2023-05-19
2023-05-19 19:02:00,25.489998,40.669998,0.04,473,58.299999,22.5,1,2023-05-19
2023-05-19 19:32:00,24.159998,46.779999,0.0,454,58.5,22.6,1,2023-05-19
2023-05-19 20:02:00,23.389999,49.899998,0.0,413,58.5,22.6,1,2023-05-19
2023-05-19 20:32:00,22.769999,50.259998,0.0,425,58.600002,22.6,1,2023-05-19
2023-05-19 21:02:00,22.309999,49.02,0.0,413,58.600002,22.700001,1,2023-05-19
2023-05-19 21:32:00,21.259998,49.5,0.0,413,58.600002,22.700001,1,2023-05-19
2023-05-19 22:02:00,20.119999,57.669998,0.0,413,58.700001,22.800001,1,2023-05-19
2023-05-19 22:32:00,19.48,63.029999,0.0,413,58.700001,22.800001,1,2023-05-19
2023-05-19 23:02:00,19.199999,68.299995,0.0,413,58.700001,22.700001,1,2023-05-19
2023-05-19 23:32:00,19.089998,71.439995,0.0,413,58.700001,22.700001,1,2023-05-19
2023-05-20 00:02:00,18.629999,73.639999,0.0,413,58.700001,22.6,1,2023-05-20
2023-05-20 00:32:00,18.389999,76.790001,0.0,413,58.700001,22.6,1,2023-05-20
2023-05-20 01:02:00,18.089998,78.809998,0.0,413,58.700001,22.6,1,2023-05-20
2023-05-20 01:32:00,17.789999,79.449997,0.0,413,58.700001,22.5,1,2023-05-20
2023-05-20 02:02:00,17.569998,81.229996,0.0,413,58.600002,22.5,1,2023-05-20
2023-05-20 02:32:00,17.409998,82.400002,0.0,413,58.600002,22.400002,1,2023-05-20
2023-05-20 03:02:00,17.249998,82.720001,0.0,413,58.600002,22.300001,1,2023-05-20
2023-05-20 03:32:00,16.949999,82.239998,0.0,413,58.600002,22.300001,1,2023-05-20
2023-05-20 04:02:00,16.789999,82.589996,0.05,413,58.5,22.200001,1,2023-05-20
2023-05-20 04:32:00,16.789999,82.209999,0.21,413,58.5,22.1,1,2023-05-20
2023-05-20 05:02:00,16.919998,80.949997,0.59,413,58.5,22.0,1,2023-05-20
2023-05-20 05:32:00,17.179998,79.699997,1.06,413,58.5,22.0,1,2023-05-20
2023-05-20 06:02:00,17.699999,79.209999,2.19,413,58.400002,21.800001,1,2023-05-20
2023-05-20 06:32:00,18.559999,76.659996,2.13,413,58.400002,21.800001,1,2023-05-20
2023-05-20 07:02:00,19.469999,73.129997,4.29,413,58.299999,21.700001,1,2023-05-20
2023-05-20 07:32:00,20.709999,69.279999,5.5,413,58.299999,21.6,1,2023-05-20
2023-05-20 08:02:00,22.659998,64.699997,7.06,413,58.299999,21.6,1,2023-05-20
2023-05-20 08:32:00,23.789999,61.219997,2.97,413,58.200001,21.5,1,2023-05-20
2023-05-20 09:02:00,23.489998,60.969997,7.67,413,58.100002,21.5,1,2023-05-20
2023-05-20 09:32:00,25.509998,54.16,9.96,417,58.299999,21.400002,1,2023-05-20
2023-05-20 10:02:00,26.879999,44.789997,6.94,413,57.700001,21.300001,1,2023-05-20
2023-05-20 10:32:00,24.989998,43.369999,6.37,413,57.600002,21.300001,1,2023-05-20
2023-05-20 11:02:00,24.509998,45.329998,5.65,413,57.600002,21.300001,1,2023-05-20
2023-05-20 11:32:00,25.139999,41.5,10.889999,413,57.600002,21.300001,1,2023-05-20
2023-05-20 12:02:00,27.359999,39.540001,12.25,428,57.400002,21.200001,1,2023-05-20
2023-05-20 12:32:00,28.329998,33.040001,12.13,450,57.400002,21.200001,1,2023-05-20
2023-05-20 13:02:00,29.489998,31.639999,11.52,473,57.299999,21.200001,1,2023-05-20
2023-05-20 13:32:00,29.099998,29.719999,8.69,470,57.200001,21.300001,1,2023-05-20
2023-05-20 14:02:00,26.739998,30.199999,11.71,443,57.200001,21.300001,1,2023-05-20
2023-05-20 14:32:00,26.089998,28.67,11.599999,413,57.100002,21.300001,1,2023-05-20
2023-05-20 15:02:00,26.169998,33.809998,4.72,413,57.100002,21.300001,1,2023-05-20
2023-05-20 15:32:00,26.739998,37.079998,6.29,413,57.100002,21.300001,1,2023-05-20
2023-05-20 16:02:00,27.449999,37.380001,4.92,424,57.200001,21.5,1,2023-05-20
2023-05-20 16:32:00,26.849998,40.649998,3.79,413,57.200001,21.5,1,2023-05-20
2023-05-20 17:02:00,25.559999,45.529999,2.12,413,57.200001,21.5,1,2023-05-20
2023-05-20 17:32:00,23.879999,50.509998,1.56,413,57.700001,21.6,1,2023-05-20
2023-05-20 18:02:00,22.449999,54.599998,1.1,413,57.600002,21.6,1,2023-05-20
2023-05-20 18:32:00,21.169998,58.57,0.43,413,57.600002,21.6,1,2023-05-20
2023-05-20 19:02:00,19.899998,62.899998,0.04,413,57.600002,21.6,1,2023-05-20
2023-05-20 19:32:00,18.909998,68.019997,0.0,413,57.600002,21.700001,1,2023-05-20
2023-05-20 20:02:00,18.189999,70.659996,0.0,413,57.600002,21.700001,1,2023-05-20
2023-05-20 20:32:00,17.809999,73.18,0.0,413,57.600002,21.700001,1,2023-05-20
2023-05-20 21:02:00,17.539999,74.869995,0.0,413,57.600002,21.700001,1,2023-05-20
2023-05-20 21:32:00,17.349998,75.989998,0.0,413,57.700001,21.6,1,2023-05-20
2023-05-20 22:02:00,17.059999,77.080002,0.0,413,57.600002,21.6,1,2023-05-20
2023-05-20 22:32:00,16.739998,78.25,0.0,413,57.700001,21.6,1,2023-05-20
2023-05-20 23:02:00,16.189999,80.519997,0.0,413,57.600002,21.5,1,2023-05-20
2023-05-20 23:32:00,16.119999,81.919998,0.0,413,57.600002,21.5,1,2023-05-20
2023-05-21 00:02:00,16.039999,82.809998,0.0,413,57.600002,21.5,1,2023-05-21
2023-05-21 00:32:00,15.819999,82.439995,0.0,413,57.600002,21.400002,1,2023-05-21
2023-05-21 01:02:00,15.459999,82.339996,0.0,413,57.600002,21.300001,1,2023-05-21
2023-05-21 01:32:00,14.949999,82.150002,0.0,413,57.600002,21.300001,1,2023-05-21
2023-05-21 02:02:00,14.399999,82.439995,0.0,413,57.600002,21.200001,1,2023-05-21
2023-05-21 02:32:00,13.999999,83.400002,0.0,413,57.600002,21.1,1,2023-05-21
2023-05-21 03:02:00,13.729999,83.779999,0.0,413,57.5,21.1,1,2023-05-21
2023-05-21 03:32:00,13.509999,83.659996,0.0,413,57.5,21.0,1,2023-05-21
2023-05-21 04:02:00,13.239999,84.290001,0.1,413,57.5,21.0,1,2023-05-21
2023-05-21 04:32:00,13.259999,84.799995,0.53,413,57.400002,20.800001,1,2023-05-21
2023-05-21 05:02:00,13.569999,85.259995,1.26,413,57.400002,20.800001,1,2023-05-21
2023-05-21 05:32:00,14.349998,85.080002,2.22,413,57.400002,20.700001,1,2023-05-21
2023-05-21 06:02:00,15.549998,83.459999,3.11,413,57.400002,20.6,1,2023-05-21
2023-05-21 06:32:00,16.98,80.269997,4.68,413,57.299999,20.5,1,2023-05-21
2023-05-21 07:02:00,18.949999,76.0,6.58,413,57.200001,20.5,1,2023-05-21
2023-05-21 07:32:00,21.679998,69.040001,8.72,413,57.200001,20.400002,1,2023-05-21
2023-05-21 08:02:00,24.709999,58.939999,11.92,413,57.100002,20.300001,1,2023-05-21
2023-05-21 08:32:00,27.849998,51.360001,14.73,454,56.600002,20.300001,1,2023-05-21
2023-05-21 09:02:00,30.639997,41.899998,11.889999,473,56.5,20.200001,1,2023-05-21
2023-05-21 09:32:00,26.089998,43.129997,12.33,413,56.400002,20.1,1,2023-05-21
2023-05-21 10:02:00,25.909998,48.349998,13.929999,413,56.400002,20.1,1,2023-05-21
2023-05-21 10:32:00,27.519999,43.009998,37.779999,413,56.299999,20.1,1,2023-05-21
2023-05-21 11:02:00,27.779999,49.139999,40.119999,417,56.299999,20.1,1,2023-05-21
2023-05-21 11:32:00,30.549999,43.450001,13.48,481,56.299999,20.1,1,2023-05-21
2023-05-21 12:02:00,30.679998,43.959999,15.86,481,56.200001,20.200001,1,2023-05-21
2023-05-21 12:32:00,29.999998,34.130001,3.08,458,56.100002,20.200001,1,2023-05-21
2023-05-21 13:02:00,29.959999,47.0,19.08,443,56.0,20.300001,1,2023-05-21
2023-05-21 13:32:00,34.949997,38.719997,41.849998,571,55.900002,20.300001,1,2023-05-21
2023-05-21 14:02:00,37.079998,31.929998,12.0,593,55.799999,20.300001,1,2023-05-21
2023-05-21 14:32:00,38.25,34.41,40.959999,630,55.700001,20.5,1,2023-05-21
2023-05-21 15:02:00,42.66,25.57,39.16,717,55.400002,20.5,1,2023-05-21
2023-05-21 15:32:00,39.169998,21.109999,20.539999,694,55.200001,20.6,1,2023-05-21
2023-05-21 16:02:00,33.309998,25.059999,14.969999,567,55.200001,20.800001,1,2023-05-21
2023-05-21 16:32:00,31.069998,30.969999,7.47,515,55.299999,21.0,1,2023-05-21
2023-05-21 17:02:00,32.059998,31.209999,7.69,567,55.400002,21.1,1,2023-05-21
2023-05-21 17:32:00,30.349998,35.779999,0.15,526,55.5,21.300001,1,2023-05-21
2023-05-21 18:02:00,24.459999,51.039997,0.14,469,55.700001,21.5,1,2023-05-21
2023-05-21 18:32:00,21.309999,62.419998,0.39,413,56.0,21.6,1,2023-05-21
2023-05-21 19:02:00,20.119999,68.07,0.0,413,56.100002,21.800001,1,2023-05-21
2023-05-21 19:32:00,19.269999,70.849998,0.0,413,56.200001,21.900002,1,2023-05-21
2023-05-21 20:02:00,18.359999,74.199997,0.0,413,56.299999,22.0,1,2023-05-21
2023-05-21 20:32:00,17.809999,76.82,0.0,413,56.400002,22.0,1,2023-05-21
2023-05-21 21:02:00,17.409998,78.25,0.0,413,56.400002,22.1,1,2023-05-21
2023-05-21 21:32:00,16.719999,78.720001,0.0,413,56.400002,22.1,1,2023-05-21
2023-05-21 22:02:00,16.049999,79.939995,0.0,413,56.400002,22.1,1,2023-05-21
2023-05-21 22:32:00,15.539999,79.939995,0.0,413,56.400002,22.0,1,2023-05-21
2023-05-21 23:02:00,15.029999,80.379997,0.0,413,56.400002,22.0,1,2023-05-21
2023-05-21 23:32:00,14.579999,80.790001,0.0,413,56.5,22.0,1,2023-05-21
2023-05-22 00:02:00,14.179998,81.419998,0.0,413,56.400002,21.900002,1,2023-05-22
2023-05-22 00:32:00,13.689999,81.279999,0.0,413,56.400002,21.800001,1,2023-05-22
2023-05-22 01:02:00,13.439999,83.619995,0.0,413,56.400002,21.700001,1,2023-05-22
2023-05-22 01:32:00,13.409999,84.139999,0.0,413,56.400002,21.6,1,2023-05-22
2023-05-22 02:02:00,13.169999,83.93,0.0,413,56.400002,21.6,1,2023-05-22
2023-05-22 02:32:00,12.919999,83.689995,0.0,413,56.400002,21.5,1,2023-05-22
2023-05-22 03:02:00,12.599998,84.080002,0.0,413,56.400002,21.300001,1,2023-05-22
2023-05-22 03:32:00,12.319999,84.220001,0.0,413,56.299999,21.300001,1,2023-05-22
2023-05-22 04:02:00,12.079999,84.089996,0.16,413,56.299999,21.1,1,2023-05-22
2023-05-22 04:32:00,12.009999,84.689995,0.79,413,56.299999,21.1,1,2023-05-22
2023-05-22 05:02:00,12.659999,87.009995,1.59,413,56.299999,21.0,1,2023-05-22
2023-05-22 05:32:00,14.129999,87.659996,2.36,413,56.200001,20.800001,1,2023-05-22
2023-05-22 06:02:00,16.659998,85.650002,3.29,413,56.100002,20.800001,1,2023-05-22
2023-05-22 06:32:00,19.98,78.650002,4.57,413,56.100002,20.6,1,2023-05-22
2023-05-22 07:02:00,23.789999,69.830002,7.06,413,55.600002,20.5,1,2023-05-22
2023-05-22 07:32:00,27.589998,63.829998,10.46,473,55.5,20.5,1,2023-05-22
2023-05-22 08:02:00,29.349998,38.93,20.299999,439,55.400002,20.400002,1,2023-05-22
2023-05-22 08:32:00,31.649998,34.75,17.369999,492,55.200001,20.300001,1,2023-05-22
2023-05-22 09:02:00,34.859997,28.719999,41.799999,544,55.5,20.300001,1,2023-05-22
2023-05-22 09:32:00,37.59,24.869999,42.48,585,60.400002,20.200001,1,2023-05-22
2023-05-22 10:02:00,38.109997,24.889999,7.35,623,60.900002,20.1,1,2023-05-22
2023-05-22 10:32:00,35.709999,25.41,9.9,567,60.900002,20.1,1,2023-05-22
2023-05-22 11:02:00,35.57,22.43,10.07,571,60.700001,20.1,1,2023-05-22
2023-05-22 11:32:00,36.16,17.73,8.97,616,60.600002,20.200001,1,2023-05-22
2023-05-22 12:02:00,35.329998,14.88,11.719999,605,60.5,20.300001,1,2023-05-22
2023-05-22 12:32:00,32.959999,17.5,16.029999,540,60.400002,20.300001,1,2023-05-22
2023-05-22 13:02:00,24.239998,29.719999,6.0,462,60.299999,20.5,1,2023-05-22
2023-05-22 13:32:00,25.309999,20.25,4.24,458,60.299999,20.5,1,2023-05-22
2023-05-22 14:02:00,24.529999,23.57,4.44,432,60.100002,20.6,1,2023-05-22
2023-05-22 14:32:00,25.979998,21.02,6.34,428,60.100002,20.800001,1,2023-05-22
2023-05-22 15:02:00,29.069998,20.959999,7.72,470,60.0,20.900002,1,2023-05-22
2023-05-22 15:32:00,32.079998,17.5,16.029999,537,59.900002,21.0,1,2023-05-22
2023-05-22 16:02:00,32.349998,17.359999,18.24,533,59.799999,21.1,1,2023-05-22
2023-05-22 16:32:00,33.009998,17.91,8.4,556,59.700001,21.200001,1,2023-05-22
2023-05-22 17:02:00,34.449997,30.519999,4.55,582,59.700001,21.300001,1,2023-05-22
2023-05-22 17:32:00,33.799999,23.41,3.3,574,59.700001,21.400002,1,2023-05-22
2023-05-22 18:02:00,32.48,26.309999,1.99,552,59.600002,21.5,1,2023-05-22
2023-05-22 18:32:00,29.739998,33.790001,0.84,499,59.600002,21.6,1,2023-05-22
2023-05-22 19:02:00,25.589998,40.73,0.13,454,59.600002,21.6,1,2023-05-22
2023-05-22 19:32:00,22.279999,48.889999,0.0,432,59.700001,21.800001,1,2023-05-22
2023-05-22 20:02:00,20.239998,54.5,0.0,413,59.700001,21.800001,1,2023-05-22
2023-05-22 20:32:00,18.829998,58.799999,0.0,413,59.700001,21.900002,1,2023-05-22
2023-05-22 21:02:00,17.859999,62.059998,0.0,413,59.700001,22.0,1,2023-05-22
2023-05-22 21:32:00,17.019999,64.639999,0.0,413,59.700001,22.0,1,2023-05-22
2023-05-22 22:02:00,16.389999,67.559998,0.0,413,59.600002,22.0,1,2023-05-22
2023-05-22 22:32:00,15.799998,69.339996,0.0,413,59.600002,22.0,1,2023-05-22
2023-05-22 23:02:00,15.279999,71.360001,0.0,413,59.5,22.0,1,2023-05-22
2023-05-22 23:32:00,14.849998,73.0,0.0,413,59.5,22.0,1,2023-05-22
2023-05-23 00:02:00,14.439999,74.830002,0.0,413,59.5,21.900002,1,2023-05-23
2023-05-23 00:32:00,14.109999,76.059998,0.0,413,59.400002,21.800001,1,2023-05-23
2023-05-23 01:02:00,13.729999,76.739998,0.0,413,59.299999,21.800001,1,2023-05-23
2023-05-23 01:32:00,13.409999,77.650002,0.0,413,59.299999,21.700001,1,2023-05-23
2023-05-23 02:02:00,13.119999,77.449997,0.0,413,59.299999,21.6,1,2023-05-23
2023-05-23 02:32:00,12.919999,78.549995,0.0,413,59.200001,21.5,1,2023-05-23
2023-05-23 03:02:00,12.649999,78.639999,0.0,413,59.100002,21.5,1,2023-05-23
2023-05-23 03:32:00,12.319999,80.059998,0.0,413,59.100002,21.300001,1,2023-05-23
2023-05-23 04:02:00,12.109999,80.889999,0.19,413,59.0,21.300001,1,2023-05-23
2023-05-23 04:32:00,12.139998,81.459999,0.83,413,58.900002,21.1,1,2023-05-23
2023-05-23 05:02:00,12.849998,82.659996,1.38,413,58.900002,21.0,1,2023-05-23
2023-05-23 05:32:00,14.189999,81.150002,2.45,413,58.799999,20.900002,1,2023-05-23
2023-05-23 06:02:00,17.15,71.919998,3.41,413,58.700001,20.800001,1,2023-05-23
2023-05-23 06:32:00,20.839998,62.809998,4.35,413,58.600002,20.700001,1,2023-05-23
2023-05-23 07:02:00,24.529999,50.860001,6.53,425,58.100002,20.6,1,2023-05-23
2023-05-23 07:32:00,28.369999,42.66,8.8,484,58.0,20.5,1,2023-05-23
2023-05-23 08:02:00,30.719999,25.519999,21.209999,533,57.799999,20.5,1,2023-05-23
2023-05-23 08:32:00,27.849998,27.24,5.85,466,57.700001,20.400002,1,2023-05-23
2023-05-23 09:02:00,27.339998,27.189999,7.57,454,57.5,20.300001,1,2023-05-23
2023-05-23 09:32:00,28.389999,23.9,7.89,470,57.299999,20.300001,1,2023-05-23
2023-05-23 10:02:00,29.159998,22.41,8.179999,473,57.0,20.300001,1,2023-05-23
2023-05-23 10:32:00,28.719999,19.609999,8.02,484,56.900002,20.300001,1,2023-05-23
2023-05-23 11:02:00,29.059998,19.0,8.389999,469,56.799999,20.300001,1,2023-05-23
2023-05-23 11:32:00,29.929998,17.35,7.11,514,56.600002,20.300001,1,2023-05-23
2023-05-23 12:02:00,28.849998,17.83,8.9,495,56.600002,20.400002,1,2023-05-23
2023-05-23 12:32:00,29.449999,18.469999,9.51,510,56.5,20.5,1,2023-05-23
2023-05-23 13:02:00,30.529999,17.59,8.95,533,56.400002,20.6,1,2023-05-23
2023-05-23 13:32:00,30.109999,17.959999,8.25,515,56.400002,20.700001,1,2023-05-23
2023-05-23 14:02:00,30.329998,16.73,7.9,510,56.299999,20.800001,1,2023-05-23
2023-05-23 14:32:00,30.009998,15.54,16.789999,496,56.299999,20.900002,1,2023-05-23
2023-05-23 15:02:00,30.399998,14.94,28.209999,518,56.299999,21.1,1,2023-05-23
2023-05-23 15:32:00,31.579998,17.059999,14.059999,556,56.299999,21.1,1,2023-05-23
2023-05-23 16:02:00,30.999998,15.62,12.4,526,56.299999,21.300001,1,2023-05-23
2023-05-23 16:32:00,29.859999,16.07,6.32,484,56.299999,21.5,1,2023-05-23
2023-05-23 17:02:00,32.489998,22.129999,4.39,537,56.299999,21.6,1,2023-05-23
2023-05-23 17:32:00,33.699997,23.6,3.21,567,56.299999,21.6,1,2023-05-23
2023-05-23 18:02:00,32.879997,20.789999,1.96,511,56.400002,21.800001,1,2023-05-23
2023-05-23 18:32:00,30.469999,24.639999,0.74,492,56.5,21.900002,1,2023-05-23
2023-05-23 19:02:00,27.269999,30.92,0.14,439,56.600002,22.0,1,2023-05-23
2023-05-23 19:32:00,24.319998,37.439999,0.0,439,56.799999,22.1,1,2023-05-23
2023-05-23 20:02:00,22.409998,44.349998,0.0,413,57.0,22.200001,1,2023-05-23
2023-05-23 20:32:00,21.279999,50.509998,0.0,413,57.100002,22.300001,1,2023-05-23
2023-05-23 21:02:00,20.469999,52.599998,0.0,413,57.200001,22.300001,1,2023-05-23
2023-05-23 21:32:00,19.969999,39.57,0.0,413,57.200001,22.300001,1,2023-05-23
2023-05-23 22:02:00,19.749998,37.809998,0.0,413,57.200001,22.400002,1,2023-05-23
2023-05-23 22:32:00,19.389999,38.239998,0.0,413,57.299999,22.300001,1,2023-05-23
2023-05-23 23:02:00,19.079998,40.860001,0.0,413,57.299999,22.300001,1,2023-05-23
2023-05-23 23:32:00,18.829998,40.049999,0.0,413,57.299999,22.300001,1,2023-05-23
2023-05-24 00:02:00,18.359999,43.149998,0.0,413,57.299999,22.300001,1,2023-05-24
2023-05-24 00:32:00,17.949999,42.41,0.0,413,57.299999,22.300001,1,2023-05-24
2023-05-24 01:02:00,17.669998,43.110001,0.0,413,57.299999,22.300001,1,2023-05-24
2023-05-24 01:32:00,17.459999,42.079998,0.0,413,57.299999,22.200001,1,2023-05-24
2023-05-24 02:02:00,17.089998,47.91,0.0,413,57.299999,22.1,1,2023-05-24
2023-05-24 02:32:00,16.709999,50.639999,0.0,413,57.200001,22.1,1,2023-05-24
2023-05-24 03:02:00,16.379999,52.709999,0.0,413,57.200001,22.0,1,2023-05-24
2023-05-24 03:32:00,16.15,51.23,0.0,413,57.200001,22.0,1,2023-05-24
2023-05-24 04:02:00,16.049999,49.549999,0.16,413,57.200001,21.900002,1,2023-05-24
2023-05-24 04:32:00,16.219999,48.82,1.02,413,57.200001,21.800001,1,2023-05-24
2023-05-24 05:02:00,17.239998,49.779999,2.28,413,57.200001,21.800001,1,2023-05-24
2023-05-24 05:32:00,18.4,47.32,2.88,413,57.100002,21.6,1,2023-05-24
2023-05-24 06:02:00,19.279999,41.399998,3.52,413,57.0,21.6,1,2023-05-24
2023-05-24 06:32:00,21.469999,41.959999,4.7,413,56.900002,21.5,1,2023-05-24
2023-05-24 07:02:00,25.049999,34.84,8.78,413,56.5,21.5,1,2023-05-24
2023-05-24 07:32:00,28.839998,34.719997,9.42,454,56.299999,21.400002,1,2023-05-24
2023-05-24 08:02:00,27.969999,22.789999,21.209999,492,56.200001,21.300001,1,2023-05-24
2023-05-24 08:32:00,26.169998,25.49,17.119999,425,56.0,21.300001,1,2023-05-24
2023-05-24 09:02:00,28.569998,22.439999,25.93,466,55.700001,21.200001,1,2023-05-24
2023-05-24 09:32:00,29.139999,21.16,31.16,518,55.5,21.200001,1,2023-05-24
2023-05-24 10:02:00,30.459999,20.35,34.290001,518,55.200001,21.200001,1,2023-05-24
2023-05-24 10:32:00,31.659998,19.129999,30.869999,526,55.0,21.200001,1,2023-05-24
2023-05-24 11:02:00,33.57,20.039999,41.389999,593,54.799999,21.300001,1,2023-05-24
2023-05-24 11:32:00,31.579998,25.699999,21.689999,571,54.600002,21.300001,1,2023-05-24
2023-05-24 12:02:00,32.34,23.24,18.66,578,54.5,21.300001,1,2023-05-24
2023-05-24 12:32:00,30.929998,25.33,35.23,537,54.299999,21.5,1,2023-05-24
2023-05-24 13:02:00,33.23,19.809999,40.02,593,54.200001,21.5,1,2023-05-24
2023-05-24 13:32:00,33.719997,21.059999,8.29,638,54.100002,21.6,1,2023-05-24
2023-05-24 14:02:00,31.469999,23.449999,19.639999,571,54.0,21.800001,1,2023-05-24
2023-05-24 14:32:00,31.039999,21.76,27.849998,526,53.900002,21.900002,1,2023-05-24
2023-05-24 15:02:00,30.899998,22.039999,13.38,526,53.900002,22.0,1,2023-05-24
2023-05-24 15:32:00,29.529999,24.279999,10.4,488,53.900002,22.200001,1,2023-05-24
2023-05-24 16:02:00,28.179998,24.639999,8.59,488,54.0,22.300001,1,2023-05-24
2023-05-24 16:32:00,28.999998,17.6,6.57,473,54.0,22.5,1,2023-05-24
2023-05-24 17:02:00,29.919998,18.469999,4.63,492,54.0,22.6,1,2023-05-24
2023-05-24 17:32:00,29.699999,19.859999,3.19,484,54.100002,22.6,1,2023-05-24
2023-05-24 18:02:00,28.959999,21.779999,1.69,469,54.200001,22.800001,1,2023-05-24
2023-05-24 18:32:00,27.979998,22.469999,1.05,477,54.299999,22.900002,1,2023-05-24
2023-05-24 19:02:00,27.049999,26.369999,0.13,466,54.400002,23.0,1,2023-05-24
2023-05-24 19:32:00,25.659998,25.049999,0.0,428,54.5,23.0,1,2023-05-24
2023-05-24 20:02:00,24.709999,28.619999,0.0,413,54.700001,23.1,1,2023-05-24
2023-05-24 20:32:00,23.949999,30.119999,0.0,413,54.799999,23.1,1,2023-05-24
2023-05-24 21:02:00,23.339998,31.679998,0.0,413,54.900002,23.1,1,2023-05-24
2023-05-24 21:32:00,22.859999,33.889999,0.0,413,55.0,23.200001,1,2023-05-24
2023-05-24 22:02:00,22.319998,35.290001,0.0,413,55.0,23.200001,1,2023-05-24
2023-05-24 22:32:00,21.789999,39.329998,0.0,413,55.0,23.200001,1,2023-05-24
2023-05-24 23:02:00,21.409998,39.200001,0.0,413,55.100002,23.1,1,2023-05-24
2023-05-24 23:32:00,21.159998,40.860001,0.0,413,55.100002,23.1,1,2023-05-24
2023-05-25 00:03:00,21.149998,41.259998,0.0,413,55.200001,23.1,1,2023-05-25
2023-05-25 00:33:00,21.079998,40.969997,0.0,413,55.200001,23.1,1,2023-05-25
2023-05-25 01:03:00,20.799999,40.189999,0.0,413,55.200001,23.0,1,2023-05-25
2023-05-25 01:33:00,20.48,40.18,0.0,413,55.200001,23.0,1,2023-05-25
2023-05-25 02:03:00,20.039999,41.18,0.0,413,55.200001,23.0,1,2023-05-25
2023-05-25 02:33:00,19.569998,45.189999,0.0,413,55.200001,22.900002,1,2023-05-25
2023-05-25 03:03:00,19.139999,43.559998,0.0,413,55.200001,22.800001,1,2023-05-25
2023-05-25 03:33:00,18.929998,43.529999,0.0,413,55.200001,22.800001,1,2023-05-25
2023-05-25 04:03:00,18.73,44.700001,0.09,413,55.200001,22.700001,1,2023-05-25
2023-05-25 04:33:00,18.699999,46.110001,0.63,413,55.200001,22.6,1,2023-05-25
2023-05-25 05:03:00,18.949999,44.969997,1.4,413,55.100002,22.6,1,2023-05-25
2023-05-25 05:33:00,19.439999,44.18,2.48,413,55.0,22.6,1,2023-05-25
2023-05-25 06:03:00,20.059999,41.639999,4.4,413,55.0,22.5,1,2023-05-25
2023-05-25 06:33:00,21.059999,42.419998,4.24,413,54.900002,22.400002,1,2023-05-25
2023-05-25 07:03:00,21.649998,40.73,5.42,413,54.799999,22.300001,1,2023-05-25
2023-05-25 07:33:00,21.869999,40.02,6.28,413,54.700001,22.300001,1,2023-05-25
2023-05-25 08:03:00,23.689999,37.309998,9.599999,413,54.600002,22.300001,1,2023-05-25
2023-05-25 08:33:00,24.519999,34.829998,12.27,413,53.299999,22.200001,1,2023-05-25
2023-05-25 09:03:00,23.869999,36.16,13.24,413,54.200001,22.1,1,2023-05-25
2023-05-25 09:33:00,24.409998,35.829998,11.969999,413,53.799999,22.1,1,2023-05-25
2023-05-25 10:03:00,24.259998,35.540001,9.8,413,53.600002,22.1,1,2023-05-25
2023-05-25 10:33:00,22.409998,39.950001,5.17,413,53.5,22.1,1,2023-05-25
2023-05-25 11:03:00,20.329998,51.860001,4.13,413,53.799999,22.0,1,2023-05-25
2023-05-25 11:33:00,23.339998,47.709999,12.849999,413,53.799999,22.1,1,2023-05-25
2023-05-25 12:03:00,23.749998,35.25,9.309999,413,53.400002,22.1,1,2023-05-25
2023-05-25 12:33:00,24.399998,34.23,13.24,413,53.299999,22.1,1,2023-05-25
2023-05-25 13:03:00,26.259998,30.299999,33.200001,421,53.100002,22.1,1,2023-05-25
2023-05-25 13:33:00,27.849998,28.599998,26.709999,466,52.900002,22.1,1,2023-05-25
2023-05-25 14:03:00,28.019999,26.5,22.119999,477,52.600002,22.1,1,2023-05-25
2023-05-25 14:33:00,27.759998,26.269999,22.99,454,52.400002,22.1,1,2023-05-25
2023-05-25 15:03:00,26.849998,26.869999,17.76,420,52.299999,22.200001,1,2023-05-25
2023-05-25 15:33:00,26.059999,28.299999,11.84,413,52.200001,22.300001,1,2023-05-25
2023-05-25 16:03:00,25.189999,29.49,2.84,413,52.200001,22.400002,1,2023-05-25
2023-05-25 16:33:00,24.119999,32.630001,5.39,413,52.299999,22.5,1,2023-05-25
2023-05-25 17:03:00,25.139999,31.67,4.15,413,52.400002,22.6,1,2023-05-25
2023-05-25 17:33:00,25.209999,33.419998,4.12,413,52.400002,22.800001,1,2023-05-25
2023-05-25 18:03:00,25.289999,32.16,4.19,413,52.400002,22.800001,1,2023-05-25
2023-05-25 18:33:00,25.439999,33.049999,2.48,413,52.5,22.800001,1,2023-05-25
2023-05-25 19:03:00,23.719999,33.349998,0.38,413,52.600002,22.900002,1,2023-05-25
2023-05-25 19:33:00,22.489998,37.099998,0.05,413,52.900002,23.0,1,2023-05-25
2023-05-25 20:03:00,21.869999,37.98,0.0,413,52.900002,23.0,1,2023-05-25
2023-05-25 20:33:00,21.349998,39.129997,0.0,413,53.0,23.0,1,2023-05-25
2023-05-25 21:03:00,20.909998,42.529999,0.0,413,53.100002,23.0,1,2023-05-25
2023-05-25 21:33:00,20.509998,42.579998,0.0,413,53.100002,23.1,1,2023-05-25
2023-05-25 22:03:00,20.189999,44.25,0.0,413,53.200001,23.0,1,2023-05-25
2023-05-25 22:33:00,19.499998,46.899998,0.0,413,53.200001,23.0,1,2023-05-25
2023-05-25 23:03:00,19.179998,45.029999,0.0,413,53.299999,23.0,1,2023-05-25
2023-05-25 23:33:00,18.329998,54.610001,0.0,413,53.299999,23.0,1,2023-05-25
2023-05-26 00:02:00,16.809999,67.110001,0.0,413,53.299999,22.800001,1,2023-05-26
2023-05-26 00:32:00,16.199999,67.919998,0.0,413,53.299999,22.800001,1,2023-05-26
2023-05-26 01:02:00,15.739999,71.799995,0.0,413,53.299999,22.800001,1,2023-05-26
2023-05-26 01:32:00,15.039999,78.199997,0.0,413,53.299999,22.700001,1,2023-05-26
2023-05-26 02:02:00,14.859999,80.18,0.0,413,53.299999,22.6,1,2023-05-26
2023-05-26 02:32:00,14.979999,80.18,0.0,413,53.299999,22.5,1,2023-05-26
2023-05-26 03:02:00,15.039999,80.489998,0.0,413,53.299999,22.5,1,2023-05-26
2023-05-26 03:32:00,15.039999,80.049995,0.0,413,53.299999,22.300001,1,2023-05-26
2023-05-26 04:02:00,15.169999,79.32,0.04,413,53.299999,22.300001,1,2023-05-26
2023-05-26 04:32:00,15.279999,78.949997,0.25,413,53.299999,22.1,1,2023-05-26
2023-05-26 05:02:00,15.599998,77.25,0.45,413,53.299999,22.1,1,2023-05-26
2023-05-26 05:32:00,15.849998,78.209999,1.37,413,53.200001,22.0,1,2023-05-26
2023-05-26 06:02:00,16.73,76.869995,4.92,413,53.200001,21.900002,1,2023-05-26
2023-05-26 06:32:00,18.599998,72.260002,5.19,413,53.100002,21.800001,1,2023-05-26
2023-05-26 07:02:00,20.839998,67.949997,6.45,413,53.0,21.700001,1,2023-05-26
2023-05-26 07:32:00,24.849998,59.59,9.95,413,52.600002,21.6,1,2023-05-26
2023-05-26 08:02:00,30.619999,49.360001,24.549999,454,52.400002,21.5,1,2023-05-26
2023-05-26 08:32:00,24.229998,47.669998,10.34,425,52.200001,21.5,1,2023-05-26
2023-05-26 09:02:00,24.509998,45.73,36.189999,413,52.0,21.5,1,2023-05-26
2023-05-26 09:32:00,25.539999,42.98,40.27,413,51.799999,21.400002,1,2023-05-26
2023-05-26 10:02:00,26.929998,35.989998,44.879997,428,51.5,21.300001,1,2023-05-26
2023-05-26 10:32:00,27.819998,29.799999,35.25,466,51.299999,21.300001,1,2023-05-26
2023-05-26 11:02:00,28.019999,28.859999,42.93,473,51.0,21.300001,1,2023-05-26
2023-05-26 11:32:00,27.909998,31.16,21.639999,499,50.799999,21.400002,1,2023-05-26
2023-05-26 12:02:00,29.279999,27.209999,47.149998,526,50.700001,21.5,1,2023-05-26
2023-05-26 12:32:00,30.159998,29.939999,40.029999,533,50.400002,21.5,1,2023-05-26
2023-05-26 13:02:00,30.399998,27.17,13.73,537,50.200001,21.6,1,2023-05-26
2023-05-26 13:32:00,29.899998,25.039999,12.67,522,50.0,21.700001,1,2023-05-26
2023-05-26 14:02:00,30.519999,27.65,25.76,559,49.900002,21.800001,1,2023-05-26
2023-05-26 14:32:00,30.669998,30.039999,34.630001,556,49.600002,21.900002,1,2023-05-26
2023-05-26 15:02:00,30.569998,29.309999,10.179999,552,49.400002,22.1,1,2023-05-26
2023-05-26 15:32:00,29.309998,23.93,16.67,499,49.299999,22.200001,1,2023-05-26
2023-05-26 16:02:00,28.639999,27.98,14.299999,507,49.299999,22.400002,1,2023-05-26
2023-05-26 16:32:00,27.269999,26.699999,6.79,477,49.299999,22.6,1,2023-05-26
2023-05-26 17:02:00,29.379999,27.349998,4.52,428,49.400002,22.800001,1,2023-05-26
2023-05-26 17:32:00,31.279999,26.4,3.62,507,49.400002,23.0,1,2023-05-26
2023-05-26 18:02:00,30.819998,29.289999,2.14,515,49.600002,23.200001,1,2023-05-26
2023-05-26 18:32:00,28.709999,34.669998,0.73,450,49.700001,23.300001,1,2023-05-26
2023-05-26 19:02:00,26.269999,37.919998,0.16,436,49.799999,23.5,1,2023-05-26
2023-05-26 19:32:00,24.059999,42.989998,0.0,413,49.900002,23.6,1,2023-05-26
2023-05-26 20:02:00,22.109999,46.809998,0.0,413,50.200001,23.6,1,2023-05-26
2023-05-26 20:32:00,20.689999,53.349998,0.0,413,50.200001,23.700001,1,2023-05-26
2023-05-26 21:02:00,19.519999,57.629997,0.0,413,50.299999,23.800001,1,2023-05-26
2023-05-26 21:32:00,18.559999,59.439999,0.0,413,50.400002,23.800001,1,2023-05-26
2023-05-26 22:02:00,17.839998,62.149998,0.0,413,50.400002,23.800001,1,2023-05-26
2023-05-26 22:32:00,17.349998,61.869999,0.0,413,50.5,23.700001,1,2023-05-26
2023-05-26 23:02:00,17.73,59.829998,0.0,413,50.5,23.700001,1,2023-05-26
2023-05-26 23:32:00,17.679998,58.43,0.0,413,50.600002,23.6,1,2023-05-26
2023-05-27 00:02:00,17.389999,58.52,0.0,413,50.600002,23.6,1,2023-05-27
2023-05-27 00:32:00,17.789999,54.779999,0.0,413,50.700001,23.5,1,2023-05-27
2023-05-27 01:02:00,18.059999,50.799999,0.0,413,50.700001,23.400002,1,2023-05-27
2023-05-27 01:32:00,17.809999,49.950001,0.0,413,50.700001,23.300001,1,2023-05-27
2023-05-27 02:02:00,17.609999,54.379997,0.0,413,50.700001,23.200001,1,2023-05-27
2023-05-27 02:32:00,17.73,55.719997,0.0,413,50.700001,23.1,1,2023-05-27
2023-05-27 03:02:00,17.809999,52.73,0.0,413,50.700001,23.0,1,2023-05-27
2023-05-27 03:32:00,17.749998,47.329998,0.0,413,50.700001,23.0,1,2023-05-27
2023-05-27 04:02:00,17.509998,50.48,0.22,413,50.700001,22.800001,1,2023-05-27
2023-05-27 04:32:00,17.209999,56.77,0.85,413,50.700001,22.800001,1,2023-05-27
2023-05-27 05:02:00,17.179998,56.110001,1.69,413,50.600002,22.6,1,2023-05-27
2023-05-27 05:32:00,18.279999,56.139999,3.43,413,50.600002,22.6,1,2023-05-27
2023-05-27 06:02:00,19.839998,52.75,2.66,413,50.5,22.5,1,2023-05-27
2023-05-27 06:32:00,20.759998,50.700001,4.55,413,50.5,22.400002,1,2023-05-27
2023-05-27 07:02:00,22.749998,49.869999,7.05,413,50.400002,22.300001,1,2023-05-27
2023-05-27 07:32:00,25.399998,40.77,11.71,413,49.900002,22.300001,1,2023-05-27
2023-05-27 08:02:00,28.039999,44.389999,14.46,413,49.700001,22.1,1,2023-05-27
2023-05-27 08:32:00,26.039999,30.24,18.1,413,49.5,22.1,1,2023-05-27
2023-05-27 09:02:00,24.759998,30.01,21.0,413,49.299999,22.1,1,2023-05-27
2023-05-27 09:32:00,25.109999,33.84,24.32,413,49.100002,22.0,1,2023-05-27
2023-05-27 10:02:00,25.469999,34.040001,31.539999,413,48.900002,22.0,1,2023-05-27
2023-05-27 10:32:00,25.659998,33.509998,35.25,413,48.700001,22.0,1,2023-05-27
2023-05-27 11:02:00,26.349998,26.459999,35.18,470,48.5,22.0,1,2023-05-27
2023-05-27 11:32:00,28.079998,22.869999,22.689999,495,48.299999,22.0,1,2023-05-27
2023-05-27 12:02:00,29.739998,18.42,39.290001,518,48.100002,22.0,1,2023-05-27
2023-05-27 12:32:00,29.919998,18.15,42.52,526,47.900002,22.1,1,2023-05-27
2023-05-27 13:02:00,31.999998,14.809999,45.939999,589,47.700001,22.1,1,2023-05-27
2023-05-27 13:32:00,32.75,17.35,38.899998,556,47.5,22.200001,1,2023-05-27
2023-05-27 14:02:00,31.709999,16.51,21.33,526,47.400002,22.300001,1,2023-05-27
2023-05-27 14:32:00,30.879999,15.04,18.09,503,47.299999,22.400002,1,2023-05-27
2023-05-27 15:02:00,28.669998,21.67,9.65,481,47.299999,22.5,1,2023-05-27
2023-05-27 15:32:00,27.659998,36.16,18.41,499,47.200001,22.6,1,2023-05-27
2023-05-27 16:02:00,26.369999,36.84,10.78,447,47.200001,22.800001,1,2023-05-27
2023-05-27 16:32:00,26.079998,33.709999,7.94,424,47.200001,22.900002,1,2023-05-27
2023-05-27 17:02:00,26.319998,33.700001,4.71,432,47.299999,23.0,1,2023-05-27
2023-05-27 17:32:00,25.979998,34.869999,2.22,413,47.299999,23.1,1,2023-05-27
2023-05-27 18:02:00,24.919998,36.149998,1.83,413,47.299999,23.300001,1,2023-05-27
2023-05-27 18:32:00,24.599998,38.599998,0.55,413,47.600002,23.300001,1,2023-05-27
2023-05-27 19:02:00,23.839998,42.219997,0.13,413,47.799999,23.400002,1,2023-05-27
2023-05-27 19:32:00,23.019999,45.139999,0.0,413,47.900002,23.5,1,2023-05-27
2023-05-27 20:02:00,22.319998,50.309998,0.0,413,47.900002,23.5,1,2023-05-27
2023-05-27 20:32:00,21.339998,55.079998,0.0,413,47.900002,23.5,1,2023-05-27
2023-05-27 21:02:00,20.809999,57.610001,0.0,413,48.0,23.5,1,2023-05-27
2023-05-27 21:32:00,20.399998,59.02,0.0,413,48.100002,23.5,1,2023-05-27
2023-05-27 22:02:00,19.469999,61.609997,0.0,413,48.100002,23.5,1,2023-05-27
2023-05-27 22:32:00,18.779999,65.639999,0.0,413,48.100002,23.5,1,2023-05-27
2023-05-27 23:02:00,18.48,69.099998,0.0,413,48.200001,23.400002,1,2023-05-27
2023-05-27 23:32:00,18.349998,71.720001,0.0,413,48.200001,23.400002,1,2023-05-27
2023-05-28 00:02:00,18.429998,69.959999,0.0,413,48.200001,23.300001,1,2023-05-28
2023-05-28 00:32:00,18.319998,71.139999,0.0,413,48.200001,23.300001,1,2023-05-28
2023-05-28 01:02:00,18.339998,69.799995,0.0,413,48.200001,23.1,1,2023-05-28
2023-05-28 01:32:00,18.109999,71.189995,0.0,413,48.200001,23.1,1,2023-05-28
2023-05-28 02:02:00,17.529999,74.360001,0.0,413,48.200001,23.0,1,2023-05-28
2023-05-28 02:32:00,17.069998,77.989998,0.0,413,48.200001,23.0,1,2023-05-28
2023-05-28 03:02:00,17.019999,65.439995,0.0,413,48.200001,22.900002,1,2023-05-28
2023-05-28 03:32:00,16.969999,57.639999,0.0,413,48.200001,22.800001,1,2023-05-28
2023-05-28 04:02:00,16.859999,52.289997,0.27,413,48.200001,22.700001,1,2023-05-28
2023-05-28 04:32:00,16.779999,53.439999,0.97,413,48.200001,22.6,1,2023-05-28
2023-05-28 05:02:00,17.209999,54.139999,1.71,413,48.200001,22.6,1,2023-05-28
2023-05-28 05:32:00,18.459999,53.059998,2.43,413,48.200001,22.5,1,2023-05-28
2023-05-28 06:02:00,20.389999,50.59,3.13,413,48.100002,22.400002,1,2023-05-28
2023-05-28 06:32:00,22.569998,47.579998,4.04,413,47.600002,22.300001,1,2023-05-28
2023-05-28 07:02:00,25.049999,43.459999,5.99,413,47.600002,22.300001,1,2023-05-28
2023-05-28 07:32:00,27.719999,50.57,8.61,413,47.5,22.200001,1,2023-05-28
2023-05-28 08:02:00,29.829998,24.58,25.75,458,47.299999,22.1,1,2023-05-28
2023-05-28 08:32:00,30.869999,23.789999,12.34,462,47.200001,22.1,1,2023-05-28
2023-05-28 09:02:00,31.179998,23.34,14.45,481,46.900002,22.0,1,2023-05-28
2023-05-28 09:32:00,31.829998,21.99,14.889999,469,46.600002,22.0,1,2023-05-28
2023-05-28 10:02:00,30.579998,22.33,23.049999,481,46.5,22.0,1,2023-05-28
2023-05-28 10:32:00,31.459999,19.27,26.99,473,46.200001,22.0,1,2023-05-28
2023-05-28 11:02:00,32.739998,18.440001,37.759998,507,46.0,22.0,1,2023-05-28
2023-05-28 11:32:00,32.699997,17.68,16.559999,533,45.900002,22.0,1,2023-05-28
2023-05-28 12:02:00,36.679996,16.59,48.879997,582,45.700001,22.0,1,2023-05-28
2023-05-28 12:32:00,33.199997,15.62,42.27,552,45.600002,22.1,1,2023-05-28
2023-05-28 13:02:00,31.589998,17.16,40.869999,511,45.5,22.1,1,2023-05-28
2023-05-28 13:32:00,33.0,17.219999,32.399998,540,45.299999,22.200001,1,2023-05-28
2023-05-28 14:02:00,32.259998,17.959999,19.98,496,45.200001,22.300001,1,2023-05-28
2023-05-28 14:32:00,31.779999,17.889999,39.700001,529,45.200001,22.300001,1,2023-05-28
2023-05-28 15:02:00,32.169998,18.0,33.59,556,45.100002,22.400002,1,2023-05-28
2023-05-28 15:32:00,31.039999,17.619999,16.109999,533,45.100002,22.5,1,2023-05-28
2023-05-28 16:02:00,30.559998,18.559999,14.28,511,44.900002,22.6,1,2023-05-28
2023-05-28 16:32:00,29.649998,17.799999,6.45,470,44.900002,22.700001,1,2023-05-28
2023-05-28 17:02:00,32.199997,25.889999,4.46,495,44.900002,22.800001,1,2023-05-28
2023-05-28 17:32:00,33.859997,21.639999,3.21,533,44.799999,22.800001,1,2023-05-28
2023-05-28 18:02:00,33.399998,24.42,2.13,526,44.900002,23.0,1,2023-05-28
2023-05-28 18:32:00,30.999998,30.23,0.93,503,44.900002,23.1,1,2023-05-28
2023-05-28 19:02:00,27.429998,36.32,0.24,470,44.900002,23.1,1,2023-05-28
2023-05-28 19:32:00,24.549999,41.5,0.0,413,45.0,23.300001,1,2023-05-28
2023-05-28 20:02:00,23.199999,40.989998,0.0,413,45.400002,23.300001,1,2023-05-28
2023-05-28 20:32:00,22.289999,41.32,0.0,413,45.5,23.400002,1,2023-05-28
2023-05-28 21:02:00,21.409998,43.189999,0.0,413,45.5,23.400002,1,2023-05-28
2023-05-28 21:32:00,20.73,44.879997,0.0,413,45.5,23.400002,1,2023-05-28
2023-05-28 22:02:00,20.079998,48.23,0.0,413,45.600002,23.400002,1,2023-05-28
2023-05-28 22:32:00,19.209999,51.849998,0.0,413,45.600002,23.400002,1,2023-05-28
2023-05-28 23:02:00,18.569998,54.18,0.0,413,45.600002,23.400002,1,2023-05-28
2023-05-28 23:32:00,17.809999,58.419998,0.0,413,45.700001,23.400002,1,2023-05-28
2023-05-29 00:02:00,16.999998,61.849998,0.0,413,45.600002,23.300001,1,2023-05-29
2023-05-29 00:32:00,16.809999,62.539997,0.0,413,45.700001,23.300001,1,2023-05-29
2023-05-29 01:02:00,16.689999,61.969997,0.0,413,45.700001,23.200001,1,2023-05-29
2023-05-29 01:32:00,16.349998,63.859997,0.0,413,45.700001,23.1,1,2023-05-29
2023-05-29 02:02:00,16.199999,63.509998,0.0,413,45.700001,23.1,1,2023-05-29
2023-05-29 02:32:00,15.759998,65.029999,0.0,413,45.700001,23.0,1,2023-05-29
2023-05-29 03:02:00,15.289999,67.189995,0.0,413,45.700001,22.900002,1,2023-05-29
2023-05-29 03:32:00,14.589999,70.169998,0.0,413,45.700001,22.800001,1,2023-05-29
2023-05-29 04:02:00,14.049999,73.419998,0.27,413,45.700001,22.800001,1,2023-05-29
2023-05-29 04:32:00,14.049999,75.739998,0.86,413,45.700001,22.6,1,2023-05-29
2023-05-29 05:02:00,15.079999,73.68,1.62,413,45.700001,22.6,1,2023-05-29
2023-05-29 05:32:00,17.089998,65.519997,2.29,413,45.600002,22.5,1,2023-05-29
2023-05-29 06:02:00,19.949999,61.52,3.02,413,45.600002,22.400002,1,2023-05-29
2023-05-29 06:32:00,23.089998,68.589996,3.91,413,45.100002,22.300001,1,2023-05-29
2023-05-29 07:02:00,26.479998,63.899998,5.86,413,45.100002,22.200001,1,2023-05-29
2023-05-29 07:32:00,29.529999,53.279999,8.8,417,44.900002,22.1,1,2023-05-29
2023-05-29 08:02:00,29.759998,30.709999,26.09,420,44.799999,22.0,1,2023-05-29
2023-05-29 08:32:00,30.839998,26.24,16.27,447,44.600002,22.0,1,2023-05-29
2023-05-29 09:02:00,32.829998,24.379999,32.34,507,44.5,22.0,1,2023-05-29
2023-05-29 09:32:00,34.779999,21.15,38.450001,526,44.200001,21.900002,1,2023-05-29
2023-05-29 10:02:00,34.809998,19.57,42.739998,518,45.700001,21.800001,1,2023-05-29
2023-05-29 10:32:00,35.019997,17.699999,33.059998,526,53.200001,21.800001,1,2023-05-29
2023-05-29 11:02:00,35.619999,14.42,44.98,556,58.900002,21.800001,1,2023-05-29
2023-05-29 11:32:00,34.539997,19.189999,18.859999,541,61.299999,21.700001,1,2023-05-29
2023-05-29 12:02:00,35.809998,18.23,49.34,563,61.799999,21.6,1,2023-05-29
2023-05-29 12:32:00,33.399998,16.039999,47.039997,529,61.799999,21.6,1,2023-05-29
2023-05-29 13:02:00,33.82,18.58,5.58,518,61.700001,21.6,1,2023-05-29
2023-05-29 13:32:00,33.049999,18.67,18.41,470,61.700001,21.6,1,2023-05-29
2023-05-29 14:02:00,32.919998,19.939999,22.029999,518,62.5,21.800001,1,2023-05-29
2023-05-29 14:32:00,28.839998,28.98,28.76,447,64.200005,21.800001,1,2023-05-29
2023-05-29 15:02:00,29.349998,29.75,36.369999,470,65.400002,22.0,1,2023-05-29
2023-05-29 15:32:00,28.839998,21.9,16.99,481,65.300003,22.0,1,2023-05-29
2023-05-29 16:02:00,30.089998,19.16,14.67,477,64.900002,22.200001,1,2023-05-29
2023-05-29 16:32:00,26.979998,22.189999,5.08,425,64.700005,22.300001,1,2023-05-29
2023-05-29 17:02:00,28.209999,23.16,1.0,432,64.5,22.5,1,2023-05-29
2023-05-29 17:32:00,27.379999,29.91,0.35,462,64.300003,22.6,1,2023-05-29
2023-05-29 18:02:00,24.019999,38.790001,0.19,413,64.200005,22.700001,1,2023-05-29
2023-05-29 18:32:00,21.799999,46.689999,0.17,413,64.0,22.800001,1,2023-05-29
2023-05-29 19:02:00,21.089998,50.369999,0.11,413,63.900002,22.900002,1,2023-05-29
2023-05-29 19:32:00,20.319998,55.879997,0.0,413,63.799999,23.0,1,2023-05-29
2023-05-29 20:02:00,19.279999,62.099998,0.0,413,63.600002,23.0,1,2023-05-29
2023-05-29 20:32:00,18.449999,67.18,0.0,413,63.600002,23.0,1,2023-05-29
2023-05-29 21:02:00,17.98,70.729996,0.0,413,63.5,23.0,1,2023-05-29
2023-05-29 21:32:00,18.019999,71.269997,0.0,413,63.400002,23.0,1,2023-05-29
2023-05-29 22:02:00,17.829998,71.779999,0.0,413,63.299999,23.0,1,2023-05-29
2023-05-29 22:32:00,17.609999,71.199997,0.0,413,63.200001,23.0,1,2023-05-29
2023-05-29 23:02:00,17.449999,68.239998,0.0,413,63.100002,22.900002,1,2023-05-29
2023-05-29 23:32:00,17.409998,66.949997,0.0,413,63.0,22.900002,1,2023-05-29
2023-05-30 00:02:00,16.999998,69.769997,0.0,413,63.0,22.800001,1,2023-05-30
2023-05-30 00:32:00,16.439999,72.599998,0.0,413,62.900002,22.800001,1,2023-05-30
2023-05-30 01:02:00,15.949999,75.419998,0.0,413,62.799999,22.700001,1,2023-05-30
2023-05-30 01:32:00,15.439999,77.439995,0.0,413,62.799999,22.6,1,2023-05-30
2023-05-30 02:02:00,15.029999,78.139999,0.0,413,62.600002,22.6,1,2023-05-30
2023-05-30 02:32:00,14.729999,79.869995,0.0,413,62.5,22.5,1,2023-05-30
2023-05-30 03:02:00,14.319999,80.689995,0.0,413,62.5,22.5,1,2023-05-30
2023-05-30 03:32:00,14.009998,81.549995,0.0,413,62.400002,22.300001,1,2023-05-30
2023-05-30 04:02:00,13.799999,82.099998,0.23,413,62.299999,22.300001,1,2023-05-30
2023-05-30 04:32:00,13.799999,83.970001,0.72,413,62.299999,22.1,1,2023-05-30
2023-05-30 05:02:00,14.429998,84.32,1.33,413,62.200001,22.1,1,2023-05-30
2023-05-30 05:32:00,16.129999,83.099998,2.0,413,62.100002,22.0,1,2023-05-30
2023-05-30 06:02:00,19.049999,75.449997,2.79,413,62.100002,22.0,1,2023-05-30
2023-05-30 06:32:00,22.409998,76.629997,3.68,413,61.900002,21.800001,1,2023-05-30
2023-05-30 07:02:00,26.089998,69.540001,5.55,413,61.700001,21.800001,1,2023-05-30
2023-05-30 07:32:00,30.009998,74.389999,8.33,413,61.600002,21.6,1,2023-05-30
2023-05-30 08:02:00,26.299999,35.099998,25.35,413,61.5,21.6,1,2023-05-30
2023-05-30 08:32:00,26.789999,32.279999,14.92,413,61.299999,21.6,1,2023-05-30
2023-05-30 09:02:00,31.139997,24.1,33.119999,462,61.100002,21.5,1,2023-05-30
2023-05-30 09:32:00,31.579998,23.369999,39.66,473,61.0,21.5,1,2023-05-30
2023-05-30 10:02:00,34.779999,23.25,45.799999,526,60.900002,21.5,1,2023-05-30
2023-05-30 10:32:00,36.009998,20.15,39.189999,574,60.700001,21.5,1,2023-05-30
2023-05-30 11:02:00,34.759998,16.779999,46.739998,518,60.600002,21.5,1,2023-05-30
2023-05-30 11:32:00,34.32,19.939999,20.76,544,60.5,21.5,1,2023-05-30
2023-05-30 12:02:00,35.75,18.84,53.75,556,60.299999,21.5,1,2023-05-30
2023-05-30 12:32:00,33.82,16.52,48.599998,597,60.200001,21.5,1,2023-05-30
2023-05-30 13:02:00,35.25,15.599999,9.639999,571,60.100002,21.5,1,2023-05-30
2023-05-30 13:32:00,30.299999,16.289999,44.239998,518,59.900002,21.6,1,2023-05-30
2023-05-30 14:02:00,27.439999,18.23,22.6,492,59.799999,21.6,1,2023-05-30
2023-05-30 14:32:00,28.589998,17.709999,43.049999,499,59.700001,21.700001,1,2023-05-30
2023-05-30 15:02:00,28.929998,18.549999,35.049999,526,59.5,21.800001,1,2023-05-30
2023-05-30 15:32:00,28.149998,17.42,17.49,462,59.299999,21.900002,1,2023-05-30
2023-05-30 16:02:00,23.629999,39.369999,14.66,424,59.299999,22.0,1,2023-05-30
2023-05-30 16:32:00,20.879999,43.779999,5.28,413,59.400002,22.1,1,2023-05-30
2023-05-30 17:02:00,29.049999,51.289997,4.06,428,59.400002,22.200001,1,2023-05-30
2023-05-30 17:32:00,31.449999,49.899998,2.97,462,59.400002,22.300001,1,2023-05-30
2023-05-30 18:02:00,31.479998,41.879997,2.05,510,59.400002,22.5,1,2023-05-30
2023-05-30 18:32:00,29.369999,49.189999,0.88,470,59.5,22.6,1,2023-05-30
2023-05-30 19:02:00,25.579998,58.389999,0.23,439,59.5,22.6,1,2023-05-30
2023-05-30 19:32:00,22.579998,66.559998,0.0,413,59.5,22.700001,1,2023-05-30
2023-05-30 20:02:00,20.799999,70.110001,0.0,413,59.5,22.800001,1,2023-05-30
2023-05-30 20:32:00,19.549999,72.639999,0.0,413,59.5,22.800001,1,2023-05-30
2023-05-30 21:02:00,18.599998,74.07,0.0,413,59.5,22.800001,1,2023-05-30
2023-05-30 21:32:00,17.809999,74.260002,0.0,413,59.5,22.800001,1,2023-05-30
2023-05-30 22:02:00,17.239998,75.470001,0.0,413,59.5,22.800001,1,2023-05-30
2023-05-30 22:32:00,16.73,75.290001,0.0,413,59.5,22.800001,1,2023-05-30
2023-05-30 23:02:00,16.339998,76.159996,0.0,413,59.5,22.700001,1,2023-05-30
2023-05-30 23:32:00,16.029999,76.900002,0.0,413,59.5,22.700001,1,2023-05-30
2023-05-01 00:02:00,12.799999,81.720001,0.0,413,63.400002,17.6,2,2023-05-01
2023-05-01 00:32:00,12.549999,81.650002,0.0,413,63.400002,17.400002,2,2023-05-01
2023-05-01 01:02:00,12.399999,82.75,0.0,413,63.400002,17.200001,2,2023-05-01
2023-05-01 01:32:00,12.359999,83.559998,0.0,413,63.299999,17.0,2,2023-05-01
2023-05-01 02:02:00,12.199999,83.389999,0.0,413,63.299999,16.900002,2,2023-05-01
2023-05-01 02:32:00,11.929998,83.82,0.0,413,63.200001,16.700001,2,2023-05-01
2023-05-01 03:02:00,11.669999,84.269997,0.0,413,63.200001,16.5,2,2023-05-01
2023-05-01 03:32:00,11.399999,84.489998,0.0,413,63.200001,16.300001,2,2023-05-01
2023-05-01 04:02:00,11.139998,84.689995,0.0,421,63.100002,16.200001,2,2023-05-01
2023-05-01 04:32:00,11.009999,84.349998,0.12,413,63.0,16.1,2,2023-05-01
2023-05-01 05:02:00,10.929998,84.559998,0.6,413,63.0,15.900001,2,2023-05-01
2023-05-01 05:32:00,11.449999,86.099998,1.34,413,63.0,15.800001,2,2023-05-01
2023-05-01 06:02:00,12.579999,86.949997,2.33,417,63.0,15.700001,2,2023-05-01
2023-05-01 06:32:00,14.629999,81.729996,3.72,443,63.0,15.800001,2,2023-05-01
2023-05-01 07:02:00,17.679998,75.489998,5.73,413,63.0,16.0,2,2023-05-01
2023-05-01 07:32:00,22.609999,71.019997,20.91,443,63.0,16.300001,2,2023-05-01
2023-05-01 08:02:00,28.919998,60.899998,19.18,428,63.100002,16.800001,2,2023-05-01
2023-05-01 08:32:00,28.999998,36.469997,12.38,413,63.200001,17.6,2,2023-05-01
2023-05-01 09:02:00,27.929998,33.469997,12.99,413,63.299999,18.300001,2,2023-05-01
2023-05-01 09:32:00,29.439999,31.519999,12.92,413,63.400002,19.0,2,2023-05-01
2023-05-01 10:02:00,31.429998,29.879999,12.929999,413,63.600002,19.700001,2,2023-05-01
2023-05-01 10:32:00,32.809998,25.18,13.389999,413,63.700001,20.5,2,2023-05-01
2023-05-01 11:02:00,33.359997,21.309999,14.16,413,63.799999,21.300001,2,2023-05-01
2023-05-01 11:32:00,33.299999,24.219999,17.719999,413,64.0,22.0,2,2023-05-01
2023-05-01 12:02:00,34.039997,21.09,19.26,413,64.0,22.800001,2,2023-05-01
2023-05-01 12:32:00,31.759998,21.789999,14.71,413,64.099998,23.400002,2,2023-05-01
2023-05-01 13:02:00,30.629999,25.58,20.959999,413,64.200005,23.800001,2,2023-05-01
2023-05-01 13:32:00,29.629999,25.529999,7.52,413,64.300003,24.1,2,2023-05-01
2023-05-01 14:02:00,30.539999,23.359999,21.33,413,64.300003,24.300001,2,2023-05-01
2023-05-01 14:32:00,29.829998,24.699999,32.969997,413,64.700005,24.5,2,2023-05-01
2023-05-01 15:02:00,30.009998,21.049999,21.07,413,65.400002,24.700001,2,2023-05-01
2023-05-01 15:32:00,29.109999,23.279999,4.7,413,65.599998,25.0,2,2023-05-01
2023-05-01 16:02:00,28.039999,23.67,11.45,413,65.599998,25.200001,2,2023-05-01
2023-05-01 16:32:00,29.729998,39.059998,2.69,413,65.700005,25.1,2,2023-05-01
2023-05-01 17:02:00,30.019999,43.790001,1.7,413,65.599998,25.1,2,2023-05-01
2023-05-01 17:32:00,28.839998,46.129997,0.97,413,65.599998,25.0,2,2023-05-01
2023-05-01 18:02:00,27.149998,49.450001,0.47,413,65.599998,24.800001,2,2023-05-01
2023-05-01 18:32:00,25.169998,55.110001,0.07,413,65.599998,24.6,2,2023-05-01
2023-05-01 19:02:00,23.129999,60.379997,0.0,413,65.5,24.300001,2,2023-05-01
2023-05-01 19:32:00,21.459999,64.729996,0.0,413,65.400002,23.900002,2,2023-05-01
2023-05-01 20:02:00,20.23,68.150002,0.0,413,65.400002,23.6,2,2023-05-01
2023-05-01 20:32:00,19.319998,69.589996,0.0,413,65.300003,23.200001,2,2023-05-01
2023-05-01 21:02:00,18.509998,72.199997,0.0,413,65.200005,22.900002,2,2023-05-01
2023-05-01 21:32:00,17.819998,73.619995,0.0,417,65.200005,22.5,2,2023-05-01
2023-05-01 22:02:00,17.289999,74.589996,0.0,413,65.099998,22.200001,2,2023-05-01
2023-05-01 22:32:00,16.769999,75.349998,0.0,413,65.0,21.900002,2,2023-05-01
2023-05-01 23:02:00,16.199999,76.239998,0.0,421,64.900002,21.6,2,2023-05-01
2023-05-01 23:32:00,15.769999,77.129997,0.0,417,64.900002,21.300001,2,2023-05-01
2023-05-02 00:02:00,15.319999,77.269997,0.0,413,64.800003,21.0,2,2023-05-02
2023-05-02 00:32:00,14.999999,77.580002,0.0,428,64.700005,20.700001,2,2023-05-02
2023-05-02 01:02:00,14.769999,77.970001,0.0,413,64.700005,20.400002,2,2023-05-02
2023-05-02 01:32:00,14.539999,78.479996,0.0,413,64.700005,20.1,2,2023-05-02
2023-05-02 02:02:00,14.329999,79.209999,0.0,443,64.599998,19.900002,2,2023-05-02
2023-05-02 02:32:00,14.199999,79.119995,0.0,417,64.5,19.6,2,2023-05-02
2023-05-02 03:02:00,13.989999,79.619995,0.0,413,64.5,19.400002,2,2023-05-02
2023-05-02 03:32:00,13.849998,80.209999,0.0,413,64.5,19.200001,2,2023-05-02
2023-05-02 04:02:00,13.729999,80.639999,0.0,417,64.400002,19.0,2,2023-05-02
2023-05-02 04:32:00,13.679998,81.43,0.13,432,64.300003,18.800001,2,2023-05-02
2023-05-02 05:02:00,13.849998,81.979996,0.67,417,64.300003,18.6,2,2023-05-02
2023-05-02 05:32:00,14.659999,81.689995,1.56,413,64.300003,18.5,2,2023-05-02
2023-05-02 06:02:00,16.029999,79.339996,1.69,421,64.200005,18.5,2,2023-05-02
2023-05-02 06:32:00,17.949999,69.029999,3.45,417,64.200005,18.5,2,2023-05-02
2023-05-02 07:02:00,20.779999,61.189999,7.19,413,64.200005,18.6,2,2023-05-02
2023-05-02 07:32:00,25.979998,59.169998,19.57,413,64.300003,18.900002,2,2023-05-02
2023-05-02 08:02:00,31.909998,51.669998,19.16,450,64.300003,19.300001,2,2023-05-02
2023-05-02 08:32:00,33.82,28.66,20.33,413,64.400002,20.0,2,2023-05-02
2023-05-02 09:02:00,30.759998,28.08,18.59,413,64.5,20.800001,2,2023-05-02
2023-05-02 09:32:00,29.219999,31.74,17.82,413,64.599998,21.5,2,2023-05-02
2023-05-02 10:02:00,31.349998,24.4,31.809999,413,64.700005,22.1,2,2023-05-02
2023-05-02 10:32:00,34.889999,23.139999,35.009998,413,64.900002,22.900002,2,2023-05-02
2023-05-02 11:02:00,37.509998,22.16,29.84,432,64.900002,23.900002,2,2023-05-02
2023-05-02 11:32:00,37.789997,20.83,22.15,417,65.200005,25.0,2,2023-05-02
2023-05-02 12:02:00,39.369999,25.609999,28.26,433,65.200005,26.1,2,2023-05-02
2023-05-02 12:32:00,40.629997,31.809999,15.49,427,65.400002,26.800001,2,2023-05-02
2023-05-02 13:02:00,40.209999,31.609999,14.349999,413,65.400002,27.300001,2,2023-05-02
2023-05-02 13:32:00,38.41,23.6,13.549999,413,65.5,27.800001,2,2023-05-02
2023-05-02 14:02:00,32.389999,25.99,3.27,413,65.5,28.0,2,2023-05-02
2023-05-02 14:32:00,28.999998,29.32,9.62,413,65.5,27.800001,2,2023-05-02
2023-05-02 15:02:00,32.709999,25.08,21.139999,413,65.400002,27.700001,2,2023-05-02
2023-05-02 15:32:00,34.07,22.219999,9.5,413,65.400002,28.0,2,2023-05-02
2023-05-02 16:02:00,34.98,28.17,6.95,413,65.5,28.300001,2,2023-05-02
2023-05-02 16:32:00,33.719997,27.92,1.23,413,65.5,28.300001,2,2023-05-02
2023-05-02 17:02:00,31.459999,29.269999,1.69,413,65.400002,28.1,2,2023-05-02
2023-05-02 17:32:00,29.709999,31.949999,0.58,413,65.400002,27.800001,2,2023-05-02
2023-05-02 18:02:00,28.179998,35.029999,0.33,413,65.300003,27.5,2,2023-05-02
2023-05-02 18:32:00,26.769999,38.489998,0.04,413,65.200005,27.1,2,2023-05-02
2023-05-02 19:02:00,25.239998,40.989998,0.0,413,65.200005,26.800001,2,2023-05-02
2023-05-02 19:32:00,24.159998,41.869999,0.0,413,65.099998,26.400002,2,2023-05-02
2023-05-02 20:02:00,23.429998,41.689999,0.0,413,65.0,26.0,2,2023-05-02
2023-05-02 20:32:00,22.169998,45.279999,0.0,413,64.900002,25.6,2,2023-05-02
2023-05-02 21:02:00,21.169998,52.969997,0.0,413,64.900002,25.300001,2,2023-05-02
2023-05-02 21:32:00,20.719999,63.849998,0.0,413,64.800003,24.900002,2,2023-05-02
2023-05-02 22:02:00,20.339998,69.849998,0.0,413,64.700005,24.6,2,2023-05-02
2023-05-02 22:32:00,20.019999,73.459999,0.0,413,64.700005,24.300001,2,2023-05-02
2023-05-02 23:02:00,19.679998,75.909996,0.0,413,64.599998,24.0,2,2023-05-02
2023-05-02 23:32:00,19.309999,76.470001,0.0,447,64.5,23.700001,2,2023-05-02
2023-05-03 00:02:00,18.909998,76.889999,0.0,413,64.5,23.400002,2,2023-05-03
2023-05-03 00:32:00,18.609999,62.16,0.0,413,64.400002,23.1,2,2023-05-03
2023-05-03 01:02:00,18.48,69.529999,0.0,413,64.300003,22.900002,2,2023-05-03
2023-05-03 01:32:00,18.249998,68.580002,0.0,413,64.300003,22.6,2,2023-05-03
2023-05-03 02:02:00,17.989998,68.389999,0.0,413,64.300003,22.300001,2,2023-05-03
2023-05-03 02:32:00,17.769999,63.009998,0.0,413,64.200005,22.1,2,2023-05-03
2023-05-03 03:02:00,17.539999,54.93,0.0,413,64.099998,21.900002,2,2023-05-03
2023-05-03 03:32:00,17.4,52.759998,0.0,413,64.0,21.6,2,2023-05-03
2023-05-03 04:02:00,17.279999,51.699997,0.0,413,64.0,21.5,2,2023-05-03
2023-05-03 04:32:00,17.119999,54.649998,0.14,413,64.0,21.300001,2,2023-05-03
2023-05-03 05:02:00,17.089998,50.469997,0.61,413,63.900002,21.0,2,2023-05-03
2023-05-03 05:32:00,17.679998,45.93,1.22,413,63.799999,20.900002,2,2023-05-03
2023-05-03 06:02:00,18.849998,43.700001,2.05,413,63.799999,20.800001,2,2023-05-03
2023-05-03 06:32:00,20.569998,42.799999,3.06,413,63.799999,20.800001,2,2023-05-03
2023-05-03 07:02:00,22.739998,47.029999,4.5,413,63.799999,21.0,2,2023-05-03
2023-05-03 07:32:00,25.559999,44.809998,15.16,413,63.799999,21.200001,2,2023-05-03
2023-05-03 08:02:00,29.289999,40.079998,16.15,413,63.900002,21.6,2,2023-05-03
2023-05-03 08:32:00,29.689999,26.5,24.75,413,64.0,22.1,2,2023-05-03
2023-05-03 09:02:00,30.339998,27.719999,10.82,413,64.0,22.6,2,2023-05-03
2023-05-03 09:32:00,31.369999,24.4,9.92,413,64.099998,23.1,2,2023-05-03
2023-05-03 10:02:00,33.439999,25.41,12.74,413,64.200005,23.800001,2,2023-05-03
2023-05-03 10:32:00,35.539997,22.51,12.509999,443,64.300003,24.400002,2,2023-05-03
2023-05-03 11:02:00,37.639999,24.789999,13.58,458,64.400002,25.1,2,2023-05-03
2023-05-03 11:32:00,39.16,19.959999,14.4,440,64.5,25.900002,2,2023-05-03
2023-05-03 12:02:00,40.209999,18.33,15.33,427,64.599998,26.700001,2,2023-05-03
2023-05-03 12:32:00,41.16,19.219999,16.18,420,64.700005,27.5,2,2023-05-03
2023-05-03 13:02:00,42.419998,19.15,12.559999,422,64.900002,28.300001,2,2023-05-03
2023-05-03 13:32:00,42.699997,17.199999,24.539999,440,64.900002,29.0,2,2023-05-03
2023-05-03 14:02:00,40.439999,20.35,5.03,422,65.0,29.5,2,2023-05-03
2023-05-03 14:32:00,35.179996,24.019999,7.68,413,65.0,29.5,2,2023-05-03
2023-05-03 15:02:00,32.239998,27.209999,3.36,413,64.900002,29.400002,2,2023-05-03
2023-05-03 15:32:00,29.579998,30.609999,3.98,413,64.900002,29.0,2,2023-05-03
2023-05-03 16:02:00,28.079998,38.09,1.71,413,64.800003,28.6,2,2023-05-03
2023-05-03 16:32:00,28.079998,41.709999,1.51,413,64.700005,28.300001,2,2023-05-03
2023-05-03 17:02:00,28.109999,45.799999,1.48,413,64.700005,28.0,2,2023-05-03
2023-05-03 17:32:00,27.699999,50.189999,0.68,413,64.599998,27.800001,2,2023-05-03
2023-05-03 18:02:00,26.829998,54.629997,0.16,413,64.5,27.5,2,2023-05-03
2023-05-03 18:32:00,25.719999,58.91,0.03,413,64.5,27.1,2,2023-05-03
2023-05-03 19:02:00,24.699999,62.669998,0.0,413,64.400002,26.800001,2,2023-05-03
2023-05-03 19:32:00,23.769999,66.709999,0.0,413,64.300003,26.5,2,2023-05-03
2023-05-03 20:02:00,22.999998,69.040001,0.0,443,64.300003,26.1,2,2023-05-03
2023-05-03 20:32:00,22.459999,70.629997,0.0,447,64.200005,25.800001,2,2023-05-03
2023-05-03 21:02:00,22.029999,71.989998,0.0,462,64.099998,25.5,2,2023-05-03
2023-05-03 21:32:00,21.559999,73.150002,0.0,473,64.099998,25.200001,2,2023-05-03
2023-05-03 22:02:00,21.119999,74.199997,0.0,503,64.0,24.900002,2,2023-05-03
2023-05-03 22:32:00,20.709999,75.43,0.0,503,63.900002,24.6,2,2023-05-03
2023-05-03 23:02:00,20.469999,77.199997,0.0,492,63.799999,24.400002,2,2023-05-03
2023-05-03 23:32:00,20.209999,77.279999,0.0,518,63.799999,24.1,2,2023-05-03
2023-05-04 00:02:00,20.069998,77.540001,0.0,503,63.799999,23.900002,2,2023-05-04
2023-05-04 00:32:00,19.969999,78.860001,0.0,518,63.700001,23.6,2,2023-05-04
2023-05-04 01:02:00,19.809999,78.799995,0.0,518,63.600002,23.5,2,2023-05-04
2023-05-04 01:32:00,19.679998,79.119995,0.0,540,63.600002,23.200001,2,2023-05-04
2023-05-04 02:02:00,19.419998,80.119995,0.0,533,63.600002,23.0,2,2023-05-04
2023-05-04 02:32:00,19.23,80.959999,0.0,563,63.5,22.800001,2,2023-05-04
2023-05-04 03:02:00,18.999998,80.619995,0.0,548,63.400002,22.6,2,2023-05-04
2023-05-04 03:32:00,18.589998,82.360001,0.0,548,63.400002,22.5,2,2023-05-04
2023-05-04 04:02:00,18.409998,82.519997,0.0,559,63.400002,22.300001,2,2023-05-04
2023-05-04 04:32:00,18.289999,83.25,0.06,548,63.299999,22.1,2,2023-05-04
2023-05-04 05:02:00,18.259998,83.879997,0.29,510,63.299999,21.900002,2,2023-05-04
2023-05-04 05:32:00,18.459999,83.659996,0.59,548,63.200001,21.800001,2,2023-05-04
2023-05-04 06:02:00,18.879999,83.599998,1.2,540,63.200001,21.700001,2,2023-05-04
2023-05-04 06:32:00,19.539999,81.529999,1.03,484,63.200001,21.6,2,2023-05-04
2023-05-04 07:02:00,19.909998,80.25,1.54,477,63.200001,21.6,2,2023-05-04
2023-05-04 07:32:00,20.059999,79.18,0.58,492,63.100002,21.6,2,2023-05-04
2023-05-04 08:02:00,19.679998,79.759995,2.24,484,63.100002,21.5,2,2023-05-04
2023-05-04 08:32:00,19.299999,80.860001,4.68,481,63.100002,21.5,2,2023-05-04
2023-05-04 09:02:00,19.639999,80.919998,4.17,473,63.100002,21.5,2,2023-05-04
2023-05-04 09:32:00,20.489998,80.970001,10.559999,466,63.100002,21.5,2,2023-05-04
2023-05-04 10:02:00,22.619999,70.939995,6.54,466,63.100002,21.6,2,2023-05-04
2023-05-04 10:32:00,21.799999,62.309998,6.58,413,63.100002,21.800001,2,2023-05-04
2023-05-04 11:02:00,20.769999,62.609997,5.85,413,63.100002,21.900002,2,2023-05-04
2023-05-04 11:32:00,20.949999,63.77,11.36,413,63.100002,22.0,2,2023-05-04
2023-05-04 12:02:00,23.029999,58.75,10.12,413,63.100002,22.1,2,2023-05-04
2023-05-04 12:32:00,24.229998,52.41,9.57,413,63.100002,22.300001,2,2023-05-04
2023-05-04 13:02:00,25.309999,49.459999,13.62,413,63.200001,22.6,2,2023-05-04
2023-05-04 13:32:00,27.109999,41.610001,12.599999,413,63.200001,23.0,2,2023-05-04
2023-05-04 14:02:00,27.149998,38.43,12.94,413,63.200001,23.400002,2,2023-05-04
2023-05-04 14:32:00,27.139999,39.169998,11.04,413,63.299999,23.800001,2,2023-05-04
2023-05-04 15:02:00,27.499998,36.919998,10.91,413,63.400002,24.1,2,2023-05-04
2023-05-04 15:32:00,27.819998,36.869999,12.59,413,63.400002,24.400002,2,2023-05-04
2023-05-04 16:02:00,28.539999,32.899998,10.429999,413,63.400002,24.800001,2,2023-05-04
2023-05-04 16:32:00,26.919998,31.26,5.64,413,63.400002,25.0,2,2023-05-04
2023-05-04 17:02:00,25.109999,34.579998,1.92,413,63.400002,25.0,2,2023-05-04
2023-05-04 17:32:00,24.829998,40.099998,0.79,413,63.400002,24.800001,2,2023-05-04
2023-05-04 18:02:00,24.089998,46.439999,0.59,413,63.400002,24.6,2,2023-05-04
2023-05-04 18:32:00,22.939999,56.5,0.1,413,63.299999,24.400002,2,2023-05-04
2023-05-04 19:02:00,20.649998,66.150002,0.0,413,63.200001,24.1,2,2023-05-04
2023-05-04 19:32:00,19.449999,70.489998,0.0,413,63.200001,23.800001,2,2023-05-04
2023-05-04 20:02:00,18.639999,74.739998,0.0,413,63.100002,23.5,2,2023-05-04
2023-05-04 20:32:00,18.339998,74.650002,0.0,417,63.0,23.200001,2,2023-05-04
2023-05-04 21:02:00,18.119999,75.669998,0.0,413,63.0,23.0,2,2023-05-04
2023-05-04 21:32:00,17.709999,77.299995,0.0,425,63.0,22.700001,2,2023-05-04
2023-05-04 22:02:00,17.419998,75.860001,0.0,425,62.900002,22.5,2,2023-05-04
2023-05-04 22:32:00,16.869999,76.989998,0.0,439,62.799999,22.1,2,2023-05-04
2023-05-04 23:02:00,16.48,78.099998,0.0,432,62.799999,21.900002,2,2023-05-04
2023-05-04 23:32:00,16.379999,79.900002,0.0,420,62.799999,21.700001,2,2023-05-04
2023-05-05 00:02:00,16.489998,80.989998,0.0,484,62.700001,21.5,2,2023-05-05
2023-05-05 00:32:00,16.499998,79.369995,0.0,417,62.600002,21.300001,2,2023-05-05
2023-05-05 01:02:00,16.409998,79.720001,0.0,458,62.5,21.1,2,2023-05-05
2023-05-05 01:32:00,16.379999,79.409996,0.0,424,62.5,21.0,2,2023-05-05
2023-05-05 02:02:00,16.269999,78.07,0.0,428,62.5,20.800001,2,2023-05-05
2023-05-05 02:32:00,16.189999,78.610001,0.0,417,62.5,20.6,2,2023-05-05
2023-05-05 03:02:00,16.079998,79.049995,0.0,439,62.400002,20.5,2,2023-05-05
2023-05-05 03:32:00,16.019999,78.489998,0.0,413,62.299999,20.300001,2,2023-05-05
2023-05-05 04:02:00,15.909999,79.699997,0.0,413,62.299999,20.1,2,2023-05-05
2023-05-05 04:32:00,15.869999,78.619995,0.07,413,62.299999,20.0,2,2023-05-05
2023-05-05 05:02:00,15.769999,80.589996,0.19,436,62.299999,19.900002,2,2023-05-05
2023-05-05 05:32:00,15.829999,79.93,0.65,443,62.200001,19.800001,2,2023-05-05
2023-05-05 06:02:00,16.239998,80.57,1.43,417,62.200001,19.700001,2,2023-05-05
2023-05-05 06:32:00,17.209999,77.900002,2.89,413,62.200001,19.700001,2,2023-05-05
2023-05-05 07:02:00,19.569998,63.049999,12.36,413,62.200001,19.700001,2,2023-05-05
2023-05-05 07:32:00,19.819998,38.759998,10.809999,413,62.200001,20.0,2,2023-05-05
2023-05-05 08:02:00,20.249998,34.73,12.74,413,62.200001,20.300001,2,2023-05-05
2023-05-05 08:32:00,21.409998,33.099998,24.68,413,62.299999,20.6,2,2023-05-05
2023-05-05 09:02:00,21.059999,33.380001,14.98,413,62.299999,21.1,2,2023-05-05
2023-05-05 09:32:00,22.689999,29.359999,23.65,413,62.5,21.6,2,2023-05-05
2023-05-05 10:02:00,24.419998,29.289999,32.75,413,62.5,22.400002,2,2023-05-05
2023-05-05 10:32:00,25.969999,23.129999,41.16,413,62.700001,23.300001,2,2023-05-05
2023-05-05 11:02:00,27.259998,23.119999,29.519999,413,62.900002,24.300001,2,2023-05-05
2023-05-05 11:32:00,28.459999,20.779999,30.469999,413,63.0,24.800001,2,2023-05-05
2023-05-05 12:02:00,28.739998,20.1,34.91,413,63.0,25.400002,2,2023-05-05
2023-05-05 12:32:00,29.759998,18.809999,35.790001,413,63.100002,26.0,2,2023-05-05
2023-05-05 13:02:00,27.819998,20.889999,24.99,413,63.200001,26.6,2,2023-05-05
2023-05-05 13:32:00,28.919998,17.67,36.5,413,63.299999,27.1,2,2023-05-05
2023-05-05 14:02:00,28.929998,17.109999,28.76,413,63.400002,28.1,2,2023-05-05
2023-05-05 14:32:00,28.029999,19.279999,25.889999,413,63.400002,28.5,2,2023-05-05
2023-05-05 15:02:00,28.419998,21.059999,17.93,413,63.400002,28.300001,2,2023-05-05
2023-05-05 15:32:00,26.889999,20.34,9.04,413,63.400002,28.400002,2,2023-05-05
2023-05-05 16:02:00,26.239998,18.889999,10.15,413,63.400002,28.5,2,2023-05-05
2023-05-05 16:32:00,25.119999,21.189999,5.69,413,63.400002,28.200001,2,2023-05-05
2023-05-05 17:02:00,23.719999,21.9,6.01,413,63.299999,28.0,2,2023-05-05
2023-05-05 17:32:00,24.809999,26.76,2.55,413,63.200001,27.6,2,2023-05-05
2023-05-05 18:02:00,24.709999,34.219997,1.27,413,63.200001,27.300001,2,2023-05-05
2023-05-05 18:32:00,22.879999,43.290001,0.26,413,63.0,27.0,2,2023-05-05
2023-05-05 19:02:00,20.609999,51.959999,0.0,413,63.0,26.5,2,2023-05-05
2023-05-05 19:32:00,19.139999,56.709999,0.0,413,62.900002,26.1,2,2023-05-05
2023-05-05 20:02:00,18.309999,62.139999,0.0,413,62.799999,25.6,2,2023-05-05
2023-05-05 20:32:00,17.589998,64.909996,0.0,413,62.700001,25.1,2,2023-05-05
2023-05-05 21:02:00,16.929998,67.019997,0.0,413,62.600002,24.700001,2,2023-05-05
2023-05-05 21:32:00,16.379999,69.139999,0.0,413,62.5,24.300001,2,2023-05-05
2023-05-05 22:02:00,15.909999,71.110001,0.0,413,62.400002,23.900002,2,2023-05-05
2023-05-05 22:32:00,15.449999,71.449997,0.0,413,62.299999,23.5,2,2023-05-05
2023-05-05 23:02:00,15.169999,72.939995,0.0,413,62.200001,23.1,2,2023-05-05
2023-05-05 23:32:00,14.909999,73.650002,0.0,413,62.100002,22.800001,2,2023-05-05
2023-05-06 00:02:00,14.719998,74.360001,0.0,413,62.100002,22.5,2,2023-05-06
2023-05-06 00:32:00,14.489999,73.769997,0.0,413,62.0,22.1,2,2023-05-06
2023-05-06 01:02:00,14.209999,75.279999,0.0,413,61.900002,21.800001,2,2023-05-06
2023-05-06 01:32:00,13.959999,76.349998,0.0,413,61.900002,21.5,2,2023-05-06
2023-05-06 02:02:00,13.689999,77.360001,0.0,413,61.799999,21.200001,2,2023-05-06
2023-05-06 02:32:00,13.329999,78.049995,0.0,413,61.700001,21.0,2,2023-05-06
2023-05-06 03:02:00,12.989999,78.189995,0.0,413,61.700001,20.6,2,2023-05-06
2023-05-06 03:32:00,12.659999,79.009995,0.0,413,61.600002,20.400002,2,2023-05-06
2023-05-06 04:02:00,12.289999,78.07,0.02,413,61.5,20.1,2,2023-05-06
2023-05-06 04:32:00,12.079999,79.860001,0.49,413,61.5,19.800001,2,2023-05-06
2023-05-06 05:02:00,12.239999,80.25,1.58,413,61.400002,19.6,2,2023-05-06
2023-05-06 05:32:00,13.309999,80.18,2.77,413,61.299999,19.400002,2,2023-05-06
2023-05-06 06:02:00,15.109999,78.830002,4.05,413,61.299999,19.300001,2,2023-05-06
2023-05-06 06:32:00,18.15,73.269997,6.1,413,61.400002,19.400002,2,2023-05-06
2023-05-06 07:02:00,23.459999,59.77,15.66,417,61.400002,19.6,2,2023-05-06
2023-05-06 07:32:00,28.559998,39.389999,18.129999,413,61.5,20.0,2,2023-05-06
2023-05-06 08:02:00,28.559998,24.83,21.799999,413,61.5,20.5,2,2023-05-06
2023-05-06 08:32:00,30.349998,18.809999,31.019999,413,61.700001,21.0,2,2023-05-06
2023-05-06 09:02:00,32.649998,20.42,28.58,413,61.799999,21.800001,2,2023-05-06
2023-05-06 09:32:00,33.789997,19.129999,17.549999,413,62.0,23.0,2,2023-05-06
2023-05-06 10:02:00,33.5,16.24,45.099998,413,62.200001,24.200001,2,2023-05-06
2023-05-06 10:32:00,35.519997,15.059999,41.91,413,62.400002,25.5,2,2023-05-06
2023-05-06 11:02:00,36.289997,13.9,31.01,413,62.600002,26.900002,2,2023-05-06
2023-05-06 11:32:00,38.449997,12.94,18.469999,440,62.799999,28.6,2,2023-05-06
2023-05-06 12:02:00,37.48,14.259999,47.529999,413,63.0,30.1,2,2023-05-06
2023-05-06 12:32:00,38.799999,13.509999,48.009998,415,63.299999,31.800001,2,2023-05-06
2023-05-06 13:02:00,39.429996,13.28,42.559998,423,63.400002,33.100002,2,2023-05-06
2023-05-06 13:32:00,41.41,11.24,33.18,433,63.600002,34.200001,2,2023-05-06
2023-05-06 14:02:00,40.16,14.17,4.56,413,63.600002,34.600002,2,2023-05-06
2023-05-06 14:32:00,39.32,13.509999,4.17,421,63.600002,34.100002,2,2023-05-06
2023-05-06 15:02:00,35.759998,11.3,18.08,413,63.5,33.799999,2,2023-05-06
2023-05-06 15:32:00,32.91,13.2,10.32,413,63.400002,33.600002,2,2023-05-06
2023-05-06 16:02:00,31.399998,14.25,10.719999,413,63.400002,33.5,2,2023-05-06
2023-05-06 16:32:00,30.929998,23.959999,5.84,413,63.299999,33.100002,2,2023-05-06
2023-05-06 17:02:00,30.239998,19.699999,5.95,413,63.200001,32.600002,2,2023-05-06
2023-05-06 17:32:00,30.809998,23.35,2.62,413,63.200001,32.100002,2,2023-05-06
2023-05-06 18:02:00,29.209999,31.939999,1.33,413,63.0,31.6,2,2023-05-06
2023-05-06 18:32:00,26.519999,40.75,0.34,413,63.0,31.1,2,2023-05-06
2023-05-06 19:02:00,23.599998,48.77,0.0,413,62.799999,30.5,2,2023-05-06
2023-05-06 19:32:00,21.469999,54.989998,0.0,413,62.700001,29.800001,2,2023-05-06
2023-05-06 20:02:00,20.019999,59.369999,0.0,413,62.600002,29.200001,2,2023-05-06
2023-05-06 20:32:00,18.879999,63.109997,0.0,413,62.5,28.6,2,2023-05-06
2023-05-06 21:02:00,17.999998,64.099998,0.0,413,62.299999,28.0,2,2023-05-06
2023-05-06 21:32:00,17.249998,66.150002,0.0,413,62.200001,27.400002,2,2023-05-06
2023-05-06 22:02:00,16.549999,67.260002,0.0,413,62.100002,26.800001,2,2023-05-06
2023-05-06 22:32:00,15.929998,68.089996,0.0,413,62.0,26.300001,2,2023-05-06
2023-05-06 23:02:00,15.339999,70.080002,0.0,413,61.900002,25.800001,2,2023-05-06
2023-05-06 23:32:00,14.879999,71.080002,0.0,413,61.700001,25.300001,2,2023-05-06
2023-05-07 00:02:00,14.659999,72.229996,0.0,413,61.700001,24.800001,2,2023-05-07
2023-05-07 00:32:00,14.259998,72.879997,0.0,413,61.5,24.300001,2,2023-05-07
2023-05-07 01:02:00,13.989999,74.760002,0.0,413,61.5,23.900002,2,2023-05-07
2023-05-07 01:32:00,13.689999,74.199997,0.0,413,61.400002,23.5,2,2023-05-07
2023-05-07 02:02:00,13.319999,75.129997,0.0,413,61.299999,23.1,2,2023-05-07
2023-05-07 02:32:00,13.099998,75.839996,0.0,413,61.200001,22.700001,2,2023-05-07
2023-05-07 03:02:00,12.719998,75.080002,0.0,413,61.100002,22.400002,2,2023-05-07
2023-05-07 03:32:00,12.359999,76.449997,0.0,413,61.100002,22.0,2,2023-05-07
2023-05-07 04:02:00,12.049999,75.709999,0.02,413,60.900002,21.700001,2,2023-05-07
2023-05-07 04:32:00,11.799999,76.549995,0.5,413,60.900002,21.400002,2,2023-05-07
2023-05-07 05:02:00,12.009999,77.629997,1.67,413,60.799999,21.1,2,2023-05-07
2023-05-07 05:32:00,13.439999,77.879997,2.56,424,60.700001,20.800001,2,2023-05-07
2023-05-07 06:02:00,15.339999,76.839996,3.75,447,60.700001,20.700001,2,2023-05-07
2023-05-07 06:32:00,18.599998,72.119995,5.7,439,60.700001,20.800001,2,2023-05-07
2023-05-07 07:02:00,23.979998,63.449997,15.83,466,60.700001,21.0,2,2023-05-07
2023-05-07 07:32:00,29.649998,45.039997,19.469999,454,60.799999,21.300001,2,2023-05-07
2023-05-07 08:02:00,30.409998,23.119999,23.85,413,60.900002,21.800001,2,2023-05-07
2023-05-07 08:32:00,31.439999,20.639999,35.5,413,61.0,22.6,2,2023-05-07
2023-05-07 09:02:00,31.519999,14.69,31.23,413,61.200001,23.6,2,2023-05-07
2023-05-07 09:32:00,32.109997,14.86,15.95,413,61.299999,24.700001,2,2023-05-07
2023-05-07 10:02:00,33.619999,14.24,45.23,413,61.5,25.900002,2,2023-05-07
2023-05-07 10:32:00,34.269997,15.29,42.759998,413,61.700001,27.0,2,2023-05-07
2023-05-07 11:02:00,36.0,12.78,30.98,413,61.900002,28.300001,2,2023-05-07
2023-05-07 11:32:00,37.119999,11.98,43.459999,413,62.200001,30.1,2,2023-05-07
2023-05-07 12:02:00,37.649998,12.05,49.369999,413,62.5,32.0,2,2023-05-07
2023-05-07 12:32:00,36.439999,9.92,49.200001,413,62.799999,33.799999,2,2023-05-07
2023-05-07 13:02:00,38.239998,12.73,45.349998,415,62.900002,35.0,2,2023-05-07
2023-05-07 13:32:00,40.029999,11.349999,37.5,415,63.0,35.900002,2,2023-05-07
2023-05-07 14:02:00,37.919998,11.79,41.169998,413,63.100002,36.799999,2,2023-05-07
2023-05-07 14:32:00,37.34,9.69,29.389999,413,63.0,36.600002,2,2023-05-07
2023-05-07 15:02:00,37.0,10.55,18.16,428,62.900002,36.100002,2,2023-05-07
2023-05-07 15:32:00,34.879997,12.63,10.67,413,62.799999,35.799999,2,2023-05-07
2023-05-07 16:02:00,32.829998,13.95,9.38,413,62.700001,35.5,2,2023-05-07
2023-05-07 16:32:00,32.669998,13.929999,6.13,413,62.600002,35.0,2,2023-05-07
2023-05-07 17:02:00,33.809998,20.75,6.31,413,62.5,34.600002,2,2023-05-07
2023-05-07 17:32:00,34.399998,25.309999,2.46,413,62.299999,34.200001,2,2023-05-07
2023-05-07 18:02:00,31.039999,32.619999,1.15,413,62.299999,33.700001,2,2023-05-07
2023-05-07 18:32:00,27.649998,36.540001,0.35,413,62.100002,33.100002,2,2023-05-07
2023-05-07 19:02:00,24.709999,41.84,0.01,413,62.0,32.299999,2,2023-05-07
2023-05-07 19:32:00,22.679998,40.48,0.0,413,61.900002,31.6,2,2023-05-07
2023-05-07 20:02:00,20.98,40.57,0.0,413,61.700001,30.900002,2,2023-05-07
2023-05-07 20:32:00,19.679998,42.489998,0.0,413,61.5,30.200001,2,2023-05-07
2023-05-07 21:02:00,18.769999,44.459999,0.0,413,61.400002,29.5,2,2023-05-07
2023-05-07 21:32:00,18.249998,46.809998,0.0,413,61.299999,28.800001,2,2023-05-07
2023-05-07 22:02:00,17.519999,47.899998,0.0,413,61.100002,28.200001,2,2023-05-07
2023-05-07 22:32:00,16.839998,50.0,0.0,413,61.0,27.6,2,2023-05-07
2023-05-07 23:02:00,16.219999,51.57,0.0,413,60.900002,27.1,2,2023-05-07
2023-05-07 23:32:00,15.679998,52.539997,0.0,413,60.700001,26.6,2,2023-05-07
2023-05-08 00:02:00,15.289999,52.41,0.0,413,60.600002,26.0,2,2023-05-08
2023-05-08 00:32:00,14.899999,53.279999,0.0,413,60.5,25.6,2,2023-05-08
2023-05-08 01:02:00,14.569999,57.239998,0.0,413,60.400002,25.1,2,2023-05-08
2023-05-08 01:32:00,14.359999,56.709999,0.0,413,60.299999,24.700001,2,2023-05-08
2023-05-08 02:02:00,14.259998,58.329998,0.0,413,60.299999,24.300001,2,2023-05-08
2023-05-08 02:32:00,14.209999,60.329998,0.0,413,60.100002,23.900002,2,2023-05-08
2023-05-08 03:02:00,14.319999,60.349998,0.0,413,60.100002,23.5,2,2023-05-08
2023-05-08 03:32:00,14.269999,57.879997,0.0,413,60.0,23.200001,2,2023-05-08
2023-05-08 04:02:00,14.189999,60.289997,0.04,413,59.900002,22.900002,2,2023-05-08
2023-05-08 04:32:00,13.849998,56.27,0.55,413,59.900002,22.6,2,2023-05-08
2023-05-08 05:02:00,14.059999,54.529999,1.83,413,59.799999,22.300001,2,2023-05-08
2023-05-08 05:32:00,15.479999,52.289997,2.44,413,59.700001,22.1,2,2023-05-08
2023-05-08 06:02:00,17.409998,49.709999,3.62,413,59.700001,22.0,2,2023-05-08
2023-05-08 06:32:00,20.209999,45.809998,8.97,413,59.700001,22.0,2,2023-05-08
2023-05-08 07:02:00,21.689999,40.619999,4.62,413,59.700001,22.1,2,2023-05-08
2023-05-08 07:32:00,24.279999,37.969997,5.49,413,59.700001,22.300001,2,2023-05-08
2023-05-08 08:02:00,26.419998,34.309998,7.62,413,59.700001,22.700001,2,2023-05-08
2023-05-08 08:32:00,26.829998,20.859999,35.959999,413,59.900002,23.300001,2,2023-05-08
2023-05-08 09:02:00,28.369999,21.379999,32.93,413,59.900002,24.0,2,2023-05-08
2023-05-08 09:32:00,28.609999,19.359999,13.44,413,60.100002,24.800001,2,2023-05-08
2023-05-08 10:02:00,30.189999,19.08,33.75,413,60.299999,25.5,2,2023-05-08
2023-05-08 10:32:00,32.009998,18.07,39.469997,413,60.400002,26.5,2,2023-05-08
2023-05-08 11:02:00,33.59,16.75,28.92,413,60.600002,27.6,2,2023-05-08
2023-05-08 11:32:00,34.969997,13.469999,43.559998,413,60.799999,29.200001,2,2023-05-08
2023-05-08 12:02:00,35.0,12.99,45.18,413,61.100002,31.0,2,2023-05-08
2023-05-08 12:32:00,36.309998,13.469999,49.52,421,61.400002,32.700001,2,2023-05-08
2023-05-08 13:02:00,36.0,13.53,48.869999,413,61.5,33.799999,2,2023-05-08
2023-05-08 13:32:00,36.629997,14.2,35.450001,413,61.600002,34.600002,2,2023-05-08
2023-05-08 14:02:00,36.039997,13.41,44.739998,413,61.700001,35.600002,2,2023-05-08
2023-05-08 14:32:00,35.559998,12.79,26.48,413,61.700001,35.5,2,2023-05-08
2023-05-08 15:02:00,34.429996,12.44,20.389999,413,61.5,34.799999,2,2023-05-08
2023-05-08 15:32:00,31.859999,13.52,11.01,413,61.400002,34.5,2,2023-05-08
2023-05-08 16:02:00,30.009998,15.4,8.28,413,61.299999,34.100002,2,2023-05-08
2023-05-08 16:32:00,28.989998,15.71,5.34,413,61.100002,33.700001,2,2023-05-08
2023-05-08 17:02:00,29.749998,16.65,6.51,413,61.100002,33.299999,2,2023-05-08
2023-05-08 17:32:00,30.099998,16.039999,1.64,413,60.900002,32.799999,2,2023-05-08
2023-05-08 18:02:00,27.939999,21.139999,1.14,413,60.700001,32.100002,2,2023-05-08
2023-05-08 18:32:00,25.459999,25.189999,0.37,413,60.600002,31.5,2,2023-05-08
2023-05-08 19:02:00,23.029999,31.4,0.01,413,60.5,30.800001,2,2023-05-08
2023-05-08 19:32:00,21.179998,35.75,0.0,413,60.299999,30.1,2,2023-05-08
2023-05-08 20:02:00,19.799999,38.009998,0.0,413,60.200001,29.5,2,2023-05-08
2023-05-08 20:32:00,18.449999,41.48,0.0,413,60.0,28.800001,2,2023-05-08
2023-05-08 21:02:00,17.079998,44.52,0.0,413,59.900002,28.200001,2,2023-05-08
2023-05-08 21:32:00,16.059999,47.579998,0.0,413,59.799999,27.6,2,2023-05-08
2023-05-08 22:02:00,15.259998,49.82,0.0,413,59.700001,27.0,2,2023-05-08
2023-05-08 22:32:00,14.619999,51.759998,0.0,413,59.5,26.5,2,2023-05-08
2023-05-08 23:02:00,14.539999,53.049999,0.0,413,59.400002,25.900002,2,2023-05-08
2023-05-08 23:32:00,14.579999,51.809998,0.0,413,59.299999,25.5,2,2023-05-08
2023-05-09 00:02:00,14.079999,50.669998,0.0,413,59.100002,25.0,2,2023-05-09
2023-05-09 00:32:00,13.239999,53.0,0.0,413,59.100002,24.5,2,2023-05-09
2023-05-09 01:02:00,12.659999,53.809998,0.0,413,58.900002,24.1,2,2023-05-09
2023-05-09 01:32:00,12.149999,56.57,0.0,413,58.900002,23.6,2,2023-05-09
2023-05-09 02:02:00,11.789999,58.189999,0.0,413,58.700001,23.200001,2,2023-05-09
2023-05-09 02:32:00,11.729999,59.119999,0.0,413,58.700001,22.800001,2,2023-05-09
2023-05-09 03:02:00,12.069999,57.68,0.0,413,58.600002,22.5,2,2023-05-09
2023-05-09 03:32:00,12.009999,54.91,0.0,413,58.5,22.1,2,2023-05-09
2023-05-09 04:02:00,12.149999,55.5,0.04,413,58.5,21.800001,2,2023-05-09
2023-05-09 04:32:00,12.099998,53.439999,0.6,413,58.299999,21.5,2,2023-05-09
2023-05-09 05:02:00,12.579999,52.149998,1.94,413,58.299999,21.300001,2,2023-05-09
2023-05-09 05:32:00,13.839999,50.77,2.38,413,58.200001,21.1,2,2023-05-09
2023-05-09 06:02:00,15.929998,49.93,3.38,413,58.200001,21.0,2,2023-05-09
2023-05-09 06:32:00,19.519999,43.899998,5.43,413,58.200001,21.0,2,2023-05-09
2023-05-09 07:02:00,24.899998,34.799999,16.699999,413,58.200001,21.200001,2,2023-05-09
2023-05-09 07:32:00,30.249998,27.559999,20.57,413,58.299999,21.5,2,2023-05-09
2023-05-09 08:02:00,33.809998,17.84,25.389999,413,58.299999,21.900002,2,2023-05-09
2023-05-09 08:32:00,28.489998,14.429999,33.959999,413,58.5,22.700001,2,2023-05-09
2023-05-09 09:02:00,27.499998,14.099999,14.12,413,58.600002,23.5,2,2023-05-09
2023-05-09 09:32:00,27.009998,18.879999,11.469999,413,58.700001,23.900002,2,2023-05-09
2023-05-09 10:02:00,26.649998,19.049999,9.5,413,58.799999,24.300001,2,2023-05-09
2023-05-09 10:32:00,27.079998,17.799999,10.86,413,58.900002,24.6,2,2023-05-09
2023-05-09 11:02:00,28.439999,16.07,10.69,413,58.900002,25.0,2,2023-05-09
2023-05-09 11:32:00,27.819998,14.5,14.23,413,58.900002,25.300001,2,2023-05-09
2023-05-09 12:02:00,28.599998,13.42,11.11,413,59.0,25.700001,2,2023-05-09
2023-05-09 12:32:00,31.079998,11.61,48.209999,413,59.100002,26.200001,2,2023-05-09
2023-05-09 13:02:00,28.819998,12.58,17.24,413,59.299999,27.400002,2,2023-05-09
2023-05-09 13:32:00,25.659998,13.61,26.849998,413,59.299999,27.800001,2,2023-05-09
2023-05-09 14:02:00,25.949999,15.24,36.559998,413,59.400002,28.0,2,2023-05-09
2023-05-09 14:32:00,29.249998,12.809999,22.67,413,59.299999,28.300001,2,2023-05-09
2023-05-09 15:02:00,28.119999,13.27,12.4,413,59.299999,28.5,2,2023-05-09
2023-05-09 15:32:00,24.719999,14.49,10.57,413,59.299999,28.300001,2,2023-05-09
2023-05-09 16:02:00,24.579998,15.46,6.98,413,59.200001,28.1,2,2023-05-09
2023-05-09 16:32:00,23.939999,15.509999,6.25,413,59.100002,28.0,2,2023-05-09
2023-05-09 17:02:00,24.699999,19.32,2.57,413,59.100002,27.800001,2,2023-05-09
2023-05-09 17:32:00,24.279999,22.67,1.79,413,59.0,27.5,2,2023-05-09
2023-05-09 18:02:00,22.599998,28.09,1.0,413,58.900002,27.1,2,2023-05-09
2023-05-09 18:32:00,20.769999,33.34,0.31,413,58.799999,26.6,2,2023-05-09
2023-05-09 19:02:00,18.73,38.989998,0.01,413,58.700001,26.1,2,2023-05-09
2023-05-09 19:32:00,17.119999,44.200001,0.0,413,58.600002,25.700001,2,2023-05-09
2023-05-09 20:02:00,15.799998,49.169998,0.0,413,58.5,25.200001,2,2023-05-09
2023-05-09 20:32:00,14.859999,51.439999,0.0,413,58.400002,24.700001,2,2023-05-09
2023-05-09 21:02:00,13.989999,53.509998,0.0,413,58.299999,24.300001,2,2023-05-09
2023-05-09 21:32:00,13.259999,56.52,0.0,413,58.200001,23.800001,2,2023-05-09
2023-05-09 22:02:00,12.939999,58.759998,0.0,413,58.100002,23.300001,2,2023-05-09
2023-05-09 22:32:00,12.359999,59.559998,0.0,413,58.0,22.900002,2,2023-05-09
2023-05-09 23:02:00,12.049999,62.529999,0.0,413,57.900002,22.5,2,2023-05-09
2023-05-09 23:32:00,11.809999,63.84,0.0,413,57.799999,22.1,2,2023-05-09
2023-05-10 00:02:00,12.029999,64.239998,0.0,413,57.700001,21.800001,2,2023-05-10
2023-05-10 00:32:00,12.059999,61.399998,0.0,413,57.600002,21.5,2,2023-05-10
2023-05-10 01:02:00,12.049999,61.18,0.0,413,57.600002,21.1,2,2023-05-10
2023-05-10 01:32:00,11.909999,61.709999,0.0,413,57.5,20.900002,2,2023-05-10
2023-05-10 02:02:00,11.579999,62.509998,0.0,413,57.400002,20.6,2,2023-05-10
2023-05-10 02:32:00,10.999999,64.099998,0.0,413,57.400002,20.300001,2,2023-05-10
2023-05-10 03:02:00,10.529999,64.360001,0.0,413,57.299999,20.1,2,2023-05-10
2023-05-10 03:32:00,10.309999,67.279999,0.0,413,57.200001,19.800001,2,2023-05-10
2023-05-10 04:02:00,10.199999,66.540001,0.04,413,57.200001,19.5,2,2023-05-10
2023-05-10 04:32:00,10.169999,66.979996,0.53,413,57.100002,19.300001,2,2023-05-10
2023-05-10 05:02:00,10.629999,65.959999,1.64,413,57.0,19.1,2,2023-05-10
2023-05-10 05:32:00,11.959999,62.0,2.6,413,57.0,18.900002,2,2023-05-10
2023-05-10 06:02:00,13.979999,59.419998,3.92,413,57.0,18.900002,2,2023-05-10
2023-05-10 06:32:00,16.98,55.629997,6.0,413,57.0,19.0,2,2023-05-10
2023-05-10 07:02:00,21.719999,44.68,15.349999,413,57.0,19.1,2,2023-05-10
2023-05-10 07:32:00,26.429998,36.48,19.859999,413,57.100002,19.400002,2,2023-05-10
2023-05-10 08:02:00,30.349998,30.9,23.65,413,57.200001,19.800001,2,2023-05-10
2023-05-10 08:32:00,23.309999,24.4,31.539999,413,57.400002,20.6,2,2023-05-10
2023-05-10 09:02:00,23.769999,24.879999,33.52,413,57.5,21.5,2,2023-05-10
2023-05-10 09:32:00,25.219999,25.369999,15.46,413,57.700001,22.300001,2,2023-05-10
2023-05-10 10:02:00,25.659998,24.609999,43.059998,413,58.100002,23.300001,2,2023-05-10
2023-05-10 10:32:00,28.479998,21.83,40.73,413,58.799999,24.1,2,2023-05-10
2023-05-10 11:02:00,31.159998,17.709999,27.449999,413,59.5,24.800001,2,2023-05-10
2023-05-10 11:32:00,32.559998,17.859999,43.669998,413,60.400002,25.800001,2,2023-05-10
2023-05-10 12:02:00,32.809998,17.52,36.469997,413,61.299999,27.300001,2,2023-05-10
2023-05-10 12:32:00,35.359997,15.69,45.529999,413,62.100002,29.0,2,2023-05-10
2023-05-10 13:02:00,35.619999,14.78,42.219997,413,62.5,30.200001,2,2023-05-10
2023-05-10 13:32:00,38.139999,13.91,32.18,413,62.900002,31.300001,2,2023-05-10
2023-05-10 14:02:00,38.359997,13.77,36.389999,413,63.200001,32.299999,2,2023-05-10
2023-05-10 14:32:00,37.539997,11.77,17.52,413,63.299999,32.299999,2,2023-05-10
2023-05-10 15:02:00,35.799999,14.259999,20.529999,413,63.400002,31.900002,2,2023-05-10
2023-05-10 15:32:00,34.629997,14.02,11.67,413,63.400002,31.6,2,2023-05-10
2023-05-10 16:02:00,32.439999,16.209999,6.94,413,63.400002,31.400002,2,2023-05-10
2023-05-10 16:32:00,31.049999,16.949999,5.07,413,63.5,31.0,2,2023-05-10
2023-05-10 17:02:00,30.259998,18.779999,4.49,413,63.5,30.6,2,2023-05-10
2023-05-10 17:32:00,30.939999,21.719999,2.33,413,63.400002,30.300001,2,2023-05-10
2023-05-10 18:02:00,29.059998,25.08,1.24,413,63.400002,30.0,2,2023-05-10
2023-05-10 18:32:00,26.019999,30.969999,0.37,413,63.400002,29.400002,2,2023-05-10
2023-05-10 19:02:00,22.279999,38.029999,0.01,413,63.400002,28.900002,2,2023-05-10
2023-05-10 19:32:00,19.899998,45.119999,0.0,413,63.299999,28.300001,2,2023-05-10
2023-05-10 20:02:00,18.4,50.559998,0.0,413,63.200001,27.700001,2,2023-05-10
2023-05-10 20:32:00,17.419998,54.360001,0.0,413,63.100002,27.1,2,2023-05-10
2023-05-10 21:02:00,16.839998,54.73,0.0,413,63.0,26.6,2,2023-05-10
2023-05-10 21:32:00,16.029999,56.610001,0.0,413,63.0,26.1,2,2023-05-10
2023-05-10 22:02:00,15.289999,58.369999,0.0,413,62.900002,25.6,2,2023-05-10
2023-05-10 22:32:00,14.699999,61.649998,0.0,413,62.799999,25.1,2,2023-05-10
2023-05-10 23:02:00,14.199999,62.649998,0.0,413,62.799999,24.6,2,2023-05-10
2023-05-10 23:32:00,13.609999,63.32,0.0,413,62.700001,24.1,2,2023-05-10
2023-05-11 00:02:00,13.129999,64.25,0.0,413,62.600002,23.700001,2,2023-05-11
2023-05-11 00:32:00,12.679998,65.059998,0.0,413,62.5,23.300001,2,2023-05-11
2023-05-11 01:02:00,12.379999,66.089996,0.0,413,62.5,22.900002,2,2023-05-11
2023-05-11 01:32:00,12.229999,67.25,0.0,413,62.400002,22.5,2,2023-05-11
2023-05-11 02:02:00,11.839999,67.639999,0.0,413,62.299999,22.200001,2,2023-05-11
2023-05-11 02:32:00,11.449999,69.110001,0.0,413,62.299999,21.800001,2,2023-05-11
2023-05-11 03:02:00,11.229999,69.769997,0.0,413,62.200001,21.5,2,2023-05-11
2023-05-11 03:32:00,11.049999,70.159996,0.0,413,62.100002,21.200001,2,2023-05-11
2023-05-11 04:02:00,10.789999,70.599998,0.05,413,62.100002,20.900002,2,2023-05-11
2023-05-11 04:32:00,10.569999,71.07,0.56,413,62.100002,20.6,2,2023-05-11
2023-05-11 05:02:00,11.269999,73.099998,1.75,413,62.0,20.300001,2,2023-05-11
2023-05-11 05:32:00,13.079999,68.599998,2.62,413,61.900002,20.1,2,2023-05-11
2023-05-11 06:02:00,15.379999,65.32,3.84,413,62.0,20.1,2,2023-05-11
2023-05-11 06:32:00,18.579998,44.75,6.03,413,61.900002,20.1,2,2023-05-11
2023-05-11 07:02:00,21.73,31.869999,14.259999,413,62.0,20.300001,2,2023-05-11
2023-05-11 07:32:00,24.659998,26.5,19.18,413,62.0,20.5,2,2023-05-11
2023-05-11 08:02:00,27.039999,20.949999,22.129999,413,62.100002,20.800001,2,2023-05-11
2023-05-11 08:32:00,29.459999,19.35,29.09,413,62.100002,21.300001,2,2023-05-11
2023-05-11 09:02:00,31.019999,18.949999,34.049999,413,62.200001,21.900002,2,2023-05-11
2023-05-11 09:32:00,33.259998,16.940001,10.16,413,62.299999,22.6,2,2023-05-11
2023-05-11 10:02:00,32.899998,17.01,13.809999,413,62.5,23.300001,2,2023-05-11
2023-05-11 10:32:00,34.169998,15.17,12.82,413,64.099998,23.400002,2,2023-05-11
2023-05-11 11:02:00,34.759998,15.28,12.88,413,64.300003,23.700001,2,2023-05-11
2023-05-11 11:32:00,35.739998,16.119999,15.24,413,64.5,24.200001,2,2023-05-11
2023-05-11 12:02:00,36.049999,15.839999,10.98,413,64.5,24.900002,2,2023-05-11
2023-05-11 12:32:00,37.619999,14.589999,11.69,413,64.599998,25.6,2,2023-05-11
2023-05-11 13:02:00,37.199997,15.91,10.02,413,64.700005,26.1,2,2023-05-11
2023-05-11 13:32:00,36.759998,12.59,11.19,413,64.800003,26.800001,2,2023-05-11
2023-05-11 14:02:00,36.82,13.27,23.23,413,64.900002,27.300001,2,2023-05-11
2023-05-11 14:32:00,37.73,12.57,10.74,413,65.0,27.6,2,2023-05-11
2023-05-11 15:02:00,36.969997,15.849999,17.1,413,65.200005,28.0,2,2023-05-11
2023-05-11 15:32:00,34.34,13.46,7.58,413,65.599998,28.200001,2,2023-05-11
2023-05-11 16:02:00,32.599998,15.139999,4.63,413,65.800003,28.300001,2,2023-05-11
2023-05-11 16:32:00,31.159998,17.52,4.51,413,65.900002,28.400002,2,2023-05-11
2023-05-11 17:02:00,31.639997,19.969999,4.51,413,66.0,28.400002,2,2023-05-11
2023-05-11 17:32:00,31.769999,23.08,3.2,413,66.0,28.300001,2,2023-05-11
2023-05-11 18:02:00,30.409998,26.529999,1.5,413,66.099998,28.300001,2,2023-05-11
2023-05-11 18:32:00,27.929998,31.359999,0.34,413,66.0,28.0,2,2023-05-11
2023-05-11 19:02:00,25.119999,40.369999,0.02,413,66.0,27.800001,2,2023-05-11
2023-05-11 19:32:00,23.309999,45.939999,0.0,413,65.900002,27.5,2,2023-05-11
2023-05-11 20:02:00,22.039999,43.639999,0.0,413,65.800003,27.1,2,2023-05-11
2023-05-11 20:32:00,21.089998,46.23,0.0,413,65.800003,26.700001,2,2023-05-11
2023-05-11 21:02:00,20.349998,50.209999,0.0,413,65.800003,26.300001,2,2023-05-11
2023-05-11 21:32:00,19.719999,47.399998,0.0,413,65.700005,26.0,2,2023-05-11
2023-05-11 22:02:00,19.269999,55.439999,0.0,413,65.599998,25.6,2,2023-05-11
2023-05-11 22:32:00,18.829998,57.239998,0.0,413,65.599998,25.300001,2,2023-05-11
2023-05-11 23:02:00,18.299999,61.309998,0.0,413,65.599998,24.900002,2,2023-05-11
2023-05-11 23:32:00,17.959999,63.119999,0.0,413,65.400002,24.6,2,2023-05-11
2023-05-12 00:02:00,17.609999,62.27,0.0,413,65.400002,24.300001,2,2023-05-12
2023-05-12 00:32:00,17.379999,65.150002,0.0,413,65.400002,24.0,2,2023-05-12
2023-05-12 01:02:00,17.15,63.359997,0.0,413,65.300003,23.800001,2,2023-05-12
2023-05-12 01:32:00,16.909998,64.25,0.0,413,65.200005,23.5,2,2023-05-12
2023-05-12 02:02:00,16.579998,62.509998,0.0,413,65.200005,23.200001,2,2023-05-12
2023-05-12 02:32:00,16.429998,63.139999,0.0,413,65.200005,23.0,2,2023-05-12
2023-05-12 03:02:00,16.379999,67.419998,0.0,413,65.200005,22.700001,2,2023-05-12
2023-05-12 03:32:00,16.379999,68.709999,0.0,413,65.099998,22.5,2,2023-05-12
2023-05-12 04:02:00,16.249998,68.150002,0.05,413,65.0,22.300001,2,2023-05-12
2023-05-12 04:32:00,16.15,69.809998,0.5,413,64.900002,22.1,2,2023-05-12
2023-05-12 05:02:00,16.439999,69.25,1.67,413,64.900002,22.0,2,2023-05-12
2023-05-12 05:32:00,17.289999,66.199997,2.76,413,64.900002,21.800001,2,2023-05-12
2023-05-12 06:02:00,18.459999,58.599998,5.04,413,64.900002,21.800001,2,2023-05-12
2023-05-12 06:32:00,21.159998,55.75,8.429999,413,64.900002,21.800001,2,2023-05-12
2023-05-12 07:02:00,25.849998,47.669998,12.33,413,64.900002,22.0,2,2023-05-12
2023-05-12 07:32:00,29.359999,39.25,13.53,413,64.900002,22.200001,2,2023-05-12
2023-05-12 08:02:00,31.259998,24.119999,14.599999,413,64.900002,22.6,2,2023-05-12
2023-05-12 08:32:00,26.199999,22.949999,12.67,413,65.0,23.0,2,2023-05-12
2023-05-12 09:02:00,25.499998,26.07,21.789999,413,65.0,23.300001,2,2023-05-12
2023-05-12 09:32:00,27.999998,23.67,18.35,413,65.099998,23.800001,2,2023-05-12
2023-05-12 10:02:00,29.899998,21.389999,28.24,413,65.200005,24.300001,2,2023-05-12
2023-05-12 10:32:00,30.099998,22.049999,10.04,413,65.200005,25.0,2,2023-05-12
2023-05-12 11:02:00,31.119999,22.939999,21.199999,413,65.300003,25.5,2,2023-05-12
2023-05-12 11:32:00,30.229998,22.699999,10.53,413,65.400002,26.0,2,2023-05-12
2023-05-12 12:02:00,28.709999,24.41,11.36,413,65.400002,26.400002,2,2023-05-12
2023-05-12 12:32:00,27.699999,25.559999,13.92,413,65.400002,26.6,2,2023-05-12
2023-05-12 13:02:00,27.709999,27.23,10.889999,413,65.400002,26.700001,2,2023-05-12
2023-05-12 13:32:00,26.519999,29.07,11.3,413,65.400002,26.800001,2,2023-05-12
2023-05-12 14:02:00,26.319998,31.199999,9.37,413,65.400002,26.900002,2,2023-05-12
2023-05-12 14:32:00,25.039999,33.959999,6.53,413,65.400002,27.0,2,2023-05-12
2023-05-12 15:02:00,25.799999,31.75,11.33,413,65.400002,27.0,2,2023-05-12
2023-05-12 15:32:00,27.199999,29.889999,13.849999,413,65.400002,27.0,2,2023-05-12
2023-05-12 16:02:00,26.819998,30.32,7.87,413,65.400002,27.200001,2,2023-05-12
2023-05-12 16:32:00,25.899998,32.139999,5.82,413,65.400002,27.200001,2,2023-05-12
2023-05-12 17:02:00,28.039999,31.65,4.92,413,65.400002,27.200001,2,2023-05-12
2023-05-12 17:32:00,29.509998,30.84,2.87,413,65.400002,27.200001,2,2023-05-12
2023-05-12 18:02:00,28.119999,32.290001,1.12,413,65.400002,27.1,2,2023-05-12
2023-05-12 18:32:00,26.149998,36.360001,0.08,413,65.400002,27.0,2,2023-05-12
2023-05-12 19:02:00,23.839998,41.959999,0.0,413,65.300003,26.700001,2,2023-05-12
2023-05-12 19:32:00,21.869999,50.469997,0.0,413,65.300003,26.400002,2,2023-05-12
2023-05-12 20:02:00,20.519999,58.149998,0.0,413,65.200005,26.1,2,2023-05-12
2023-05-12 20:32:00,19.539999,62.149998,0.0,413,65.200005,25.800001,2,2023-05-12
2023-05-12 21:02:00,18.939999,67.129997,0.0,413,65.099998,25.400002,2,2023-05-12
2023-05-12 21:32:00,18.579998,71.229996,0.0,413,65.0,25.1,2,2023-05-12
2023-05-12 22:02:00,18.349998,71.720001,0.0,413,64.900002,24.800001,2,2023-05-12
2023-05-12 22:32:00,18.139999,73.68,0.0,413,64.900002,24.5,2,2023-05-12
2023-05-12 23:02:00,18.009998,76.129997,0.0,413,64.900002,24.200001,2,2023-05-12
2023-05-12 23:32:00,17.739998,75.869995,0.0,413,64.800003,24.0,2,2023-05-12
2023-05-13 00:02:00,17.48,76.189995,0.0,413,64.700005,23.700001,2,2023-05-13
2023-05-13 00:32:00,17.209999,76.279999,0.0,413,64.700005,23.5,2,2023-05-13
2023-05-13 01:02:00,16.929998,74.919998,0.0,413,64.700005,23.200001,2,2023-05-13
2023-05-13 01:32:00,16.699999,75.029999,0.0,413,64.599998,23.0,2,2023-05-13
2023-05-13 02:02:00,16.299999,74.549995,0.0,413,64.5,22.700001,2,2023-05-13
2023-05-13 02:32:00,16.07,74.809998,0.0,413,64.5,22.5,2,2023-05-13
2023-05-13 03:02:00,15.869999,74.879997,0.0,413,64.5,22.300001,2,2023-05-13
2023-05-13 03:32:00,15.689999,75.189995,0.0,413,64.400002,22.0,2,2023-05-13
2023-05-13 04:02:00,15.489999,75.080002,0.08,413,64.300003,21.800001,2,2023-05-13
2023-05-13 04:32:00,15.399999,76.229996,0.71,413,64.300003,21.6,2,2023-05-13
2023-05-13 05:02:00,15.839999,76.0,1.79,413,64.300003,21.5,2,2023-05-13
2023-05-13 05:32:00,17.029999,76.970001,2.8,413,64.300003,21.300001,2,2023-05-13
2023-05-13 06:02:00,19.019999,71.540001,4.42,413,64.300003,21.300001,2,2023-05-13
2023-05-13 06:32:00,21.849998,64.169998,7.44,413,64.300003,21.300001,2,2023-05-13
2023-05-13 07:02:00,26.679998,56.079998,15.82,413,64.300003,21.5,2,2023-05-13
2023-05-13 07:32:00,31.259998,47.439999,22.07,413,64.300003,21.6,2,2023-05-13
2023-05-13 08:02:00,32.259998,32.529999,20.34,413,64.300003,22.0,2,2023-05-13
2023-05-13 08:32:00,28.509998,36.899998,29.99,413,64.300003,22.300001,2,2023-05-13
2023-05-13 09:02:00,29.409998,37.200001,34.950001,413,64.400002,22.800001,2,2023-05-13
2023-05-13 09:32:00,31.119999,33.860001,15.62,413,64.5,23.5,2,2023-05-13
2023-05-13 10:02:00,30.369999,34.779999,42.009998,413,64.599998,24.1,2,2023-05-13
2023-05-13 10:32:00,30.419998,34.889999,10.21,413,64.700005,24.800001,2,2023-05-13
2023-05-13 11:02:00,29.649998,35.329998,28.459999,413,64.700005,25.300001,2,2023-05-13
2023-05-13 11:32:00,32.329998,30.439999,14.99,413,64.800003,26.0,2,2023-05-13
2023-05-13 12:02:00,34.009998,27.59,12.25,413,64.900002,27.0,2,2023-05-13
2023-05-13 12:32:00,34.269997,26.07,26.969999,413,65.099998,27.900002,2,2023-05-13
2023-05-13 13:02:00,32.609997,28.549999,41.149998,413,65.200005,28.6,2,2023-05-13
2023-05-13 13:32:00,31.609999,29.33,22.949999,413,65.200005,29.0,2,2023-05-13
2023-05-13 14:02:00,32.109997,28.689999,51.279999,413,65.200005,29.300001,2,2023-05-13
2023-05-13 14:32:00,31.039999,29.439999,7.22,413,65.200005,29.6,2,2023-05-13
2023-05-13 15:02:00,27.539999,32.559998,7.1,413,65.200005,29.5,2,2023-05-13
2023-05-13 15:32:00,25.449999,38.93,2.81,413,65.200005,29.200001,2,2023-05-13
2023-05-13 16:02:00,25.709999,47.84,6.6,413,65.200005,28.800001,2,2023-05-13
2023-05-13 16:32:00,27.049999,47.639999,4.33,413,65.099998,28.6,2,2023-05-13
2023-05-13 17:02:00,27.029999,47.129997,0.97,413,65.099998,28.400002,2,2023-05-13
2023-05-13 17:32:00,25.309999,51.739998,0.89,413,65.0,28.1,2,2023-05-13
2023-05-13 18:02:00,24.189999,58.52,1.47,413,64.900002,27.800001,2,2023-05-13
2023-05-13 18:32:00,23.609999,62.57,0.29,413,64.900002,27.5,2,2023-05-13
2023-05-13 19:02:00,22.709999,65.839996,0.02,413,64.900002,27.1,2,2023-05-13
2023-05-13 19:32:00,21.939999,67.860001,0.0,413,64.800003,26.800001,2,2023-05-13
2023-05-13 20:02:00,20.899998,65.589996,0.0,413,64.700005,26.5,2,2023-05-13
2023-05-13 20:32:00,20.039999,64.889999,0.0,413,64.700005,26.1,2,2023-05-13
2023-05-13 21:02:00,19.379999,67.43,0.0,413,64.599998,25.800001,2,2023-05-13
2023-05-13 21:32:00,18.689999,70.959999,0.0,413,64.5,25.400002,2,2023-05-13
2023-05-13 22:02:00,18.199999,71.269997,0.0,413,64.5,25.1,2,2023-05-13
2023-05-13 22:32:00,17.719999,72.799995,0.0,413,64.400002,24.700001,2,2023-05-13
2023-05-13 23:02:00,17.329998,73.760002,0.0,413,64.300003,24.400002,2,2023-05-13
2023-05-13 23:32:00,16.929998,74.809998,0.0,413,64.300003,24.1,2,2023-05-13
2023-05-14 00:02:00,16.639999,75.720001,0.0,413,64.200005,23.800001,2,2023-05-14
2023-05-14 00:32:00,16.369999,76.25,0.0,413,64.200005,23.5,2,2023-05-14
2023-05-14 01:02:00,16.089998,77.059998,0.0,413,64.099998,23.300001,2,2023-05-14
2023-05-14 01:32:00,15.809999,77.639999,0.0,413,64.0,23.0,2,2023-05-14
2023-05-14 02:02:00,15.559999,79.379997,0.0,413,64.0,22.800001,2,2023-05-14
2023-05-14 02:32:00,15.379999,79.089996,0.0,413,64.0,22.5,2,2023-05-14
2023-05-14 03:02:00,15.179998,78.479996,0.0,413,63.900002,22.300001,2,2023-05-14
2023-05-14 03:32:00,14.879999,79.279999,0.0,413,63.799999,22.1,2,2023-05-14
2023-05-14 04:02:00,14.659999,80.339996,0.09,413,63.799999,21.800001,2,2023-05-14
2023-05-14 04:32:00,14.669999,80.639999,0.79,413,63.799999,21.6,2,2023-05-14
2023-05-14 05:02:00,15.289999,80.259995,2.72,413,63.700001,21.400002,2,2023-05-14
2023-05-14 05:32:00,16.629999,77.470001,3.67,413,63.700001,21.300001,2,2023-05-14
2023-05-14 06:02:00,18.159998,74.360001,5.78,413,63.600002,21.300001,2,2023-05-14
2023-05-14 06:32:00,20.559999,72.970001,8.45,413,63.700001,21.300001,2,2023-05-14
2023-05-14 07:02:00,24.609999,61.449997,13.03,413,63.700001,21.400002,2,2023-05-14
2023-05-14 07:32:00,29.419998,52.189999,19.77,413,63.700001,21.6,2,2023-05-14
2023-05-14 08:02:00,25.859999,41.129997,20.209999,413,63.799999,21.900002,2,2023-05-14
2023-05-14 08:32:00,26.739998,41.27,29.699999,413,63.799999,22.300001,2,2023-05-14
2023-05-14 09:02:00,28.569998,38.379997,34.130001,413,63.799999,22.700001,2,2023-05-14
2023-05-14 09:32:00,30.549999,35.189999,17.379999,413,64.0,23.400002,2,2023-05-14
2023-05-14 10:02:00,31.909998,32.16,44.899998,413,64.0,24.200001,2,2023-05-14
2023-05-14 10:32:00,33.949997,28.309999,41.27,413,64.200005,25.0,2,2023-05-14
2023-05-14 11:02:00,35.23,25.35,26.18,413,64.300003,25.6,2,2023-05-14
2023-05-14 11:32:00,35.719997,23.129999,43.969997,413,64.300003,26.200001,2,2023-05-14
2023-05-14 12:02:00,37.5,19.92,23.98,413,64.400002,26.800001,2,2023-05-14
2023-05-14 12:32:00,39.339996,16.139999,47.779999,413,64.5,27.400002,2,2023-05-14
2023-05-14 13:02:00,39.579998,15.509999,43.279999,413,64.599998,28.0,2,2023-05-14
2023-05-14 13:32:00,36.809998,14.34,35.459999,413,64.700005,28.800001,2,2023-05-14
2023-05-14 14:02:00,36.469997,13.849999,40.239998,413,64.800003,29.900002,2,2023-05-14
2023-05-14 14:32:00,35.609997,14.17,16.869999,413,64.900002,30.6,2,2023-05-14
2023-05-14 15:02:00,34.929996,13.969999,19.84,413,64.900002,30.700001,2,2023-05-14
2023-05-14 15:32:00,33.189999,14.53,12.11,413,64.900002,30.6,2,2023-05-14
2023-05-14 16:02:00,32.289997,16.6,3.95,413,64.900002,30.6,2,2023-05-14
2023-05-14 16:32:00,34.919998,23.5,3.17,413,64.900002,30.5,2,2023-05-14
2023-05-14 17:02:00,36.0,21.25,2.47,413,64.800003,30.5,2,2023-05-14
2023-05-14 17:32:00,35.199997,21.059999,1.6,413,64.800003,30.400002,2,2023-05-14
2023-05-14 18:02:00,32.709999,22.35,1.61,413,64.700005,30.1,2,2023-05-14
2023-05-14 18:32:00,30.279999,26.07,0.4,413,64.700005,29.900002,2,2023-05-14
2023-05-14 19:02:00,27.079998,32.419998,0.02,413,64.700005,29.6,2,2023-05-14
2023-05-14 19:32:00,24.749998,37.279999,0.0,413,64.5,29.200001,2,2023-05-14
2023-05-14 20:02:00,23.389999,39.049999,0.0,413,64.5,28.800001,2,2023-05-14
2023-05-14 20:32:00,22.399998,42.5,0.0,413,64.400002,28.400002,2,2023-05-14
2023-05-14 21:02:00,21.589998,43.619999,0.0,413,64.300003,28.0,2,2023-05-14
2023-05-14 21:32:00,21.059999,42.799999,0.0,413,64.300003,27.6,2,2023-05-14
2023-05-14 22:02:00,20.839998,42.790001,0.0,413,64.200005,27.1,2,2023-05-14
2023-05-14 22:32:00,20.639999,42.27,0.0,413,64.099998,26.800001,2,2023-05-14
2023-05-14 23:02:00,20.269999,42.879997,0.0,413,64.0,26.5,2,2023-05-14
2023-05-14 23:32:00,20.039999,43.299999,0.0,413,64.0,26.1,2,2023-05-14
2023-05-15 00:02:00,19.889999,44.75,0.0,413,63.900002,25.800001,2,2023-05-15
2023-05-15 00:32:00,19.689999,45.93,0.0,413,63.799999,25.5,2,2023-05-15
2023-05-15 01:02:00,19.539999,46.860001,0.0,413,63.799999,25.300001,2,2023-05-15
2023-05-15 01:32:00,19.369999,48.379997,0.0,413,63.700001,25.0,2,2023-05-15
2023-05-15 02:02:00,19.109999,50.209999,0.0,413,63.600002,24.800001,2,2023-05-15
2023-05-15 02:32:00,18.629999,53.279999,0.0,413,63.600002,24.5,2,2023-05-15
2023-05-15 03:02:00,18.15,54.329998,0.0,413,63.600002,24.300001,2,2023-05-15
2023-05-15 03:32:00,17.789999,58.239998,0.0,413,63.5,24.0,2,2023-05-15
2023-05-15 04:02:00,17.48,61.73,0.07,413,63.400002,23.800001,2,2023-05-15
2023-05-15 04:32:00,17.559999,62.189999,0.75,413,63.400002,23.6,2,2023-05-15
2023-05-15 05:02:00,18.259998,57.199997,1.35,413,63.400002,23.400002,2,2023-05-15
2023-05-15 05:32:00,19.099998,56.43,2.05,413,63.299999,23.300001,2,2023-05-15
2023-05-15 06:02:00,19.909998,54.98,2.58,413,63.299999,23.200001,2,2023-05-15
2023-05-15 06:32:00,21.199999,54.529999,3.17,413,63.299999,23.1,2,2023-05-15
2023-05-15 07:02:00,21.809999,52.699997,2.34,413,63.299999,23.1,2,2023-05-15
2023-05-15 07:32:00,21.609999,54.119999,2.32,413,63.200001,23.1,2,2023-05-15
2023-05-15 08:02:00,21.429998,56.879997,1.86,413,63.200001,23.1,2,2023-05-15
2023-05-15 08:32:00,20.829998,58.809998,2.16,413,63.200001,23.1,2,2023-05-15
2023-05-15 09:02:00,20.379999,62.709999,3.4,413,63.200001,23.0,2,2023-05-15
2023-05-15 09:32:00,22.299999,65.339996,13.139999,413,63.200001,23.0,2,2023-05-15
2023-05-15 10:02:00,26.479998,56.669998,14.19,413,63.200001,23.200001,2,2023-05-15
2023-05-15 10:32:00,27.239998,37.719997,15.24,413,63.299999,23.6,2,2023-05-15
2023-05-15 11:02:00,31.459999,31.039999,22.23,413,63.400002,24.0,2,2023-05-15
2023-05-15 11:32:00,34.259998,26.07,43.799999,413,63.5,25.0,2,2023-05-15
2023-05-15 12:02:00,34.389999,24.219999,26.01,413,63.600002,26.0,2,2023-05-15
2023-05-15 12:32:00,36.59,21.219999,39.5,413,63.799999,27.0,2,2023-05-15
2023-05-15 13:02:00,37.539997,21.699999,24.58,413,63.900002,28.1,2,2023-05-15
2023-05-15 13:32:00,36.199997,19.32,20.119999,413,64.0,29.0,2,2023-05-15
2023-05-15 14:02:00,34.91,19.66,36.759998,413,64.200005,29.800001,2,2023-05-15
2023-05-15 14:32:00,33.84,19.74,20.199999,413,64.300003,30.300001,2,2023-05-15
2023-05-15 15:02:00,33.73,18.0,23.039999,413,64.5,30.300001,2,2023-05-15
2023-05-15 15:32:00,31.399998,17.299999,15.23,413,64.900002,30.300001,2,2023-05-15
2023-05-15 16:02:00,28.419998,18.709999,6.35,413,65.5,30.1,2,2023-05-15
2023-05-15 16:32:00,27.789999,22.769999,5.1,413,65.800003,29.900002,2,2023-05-15
2023-05-15 17:02:00,31.179998,23.779999,6.2,413,65.900002,29.800001,2,2023-05-15
2023-05-15 17:32:00,32.359997,21.309999,2.36,413,66.0,29.6,2,2023-05-15
2023-05-15 18:02:00,30.329998,24.67,1.43,413,66.099998,29.400002,2,2023-05-15
2023-05-15 18:32:00,27.369999,30.469999,0.56,413,66.099998,29.0,2,2023-05-15
2023-05-15 19:02:00,24.089998,36.799999,0.04,413,66.099998,28.6,2,2023-05-15
2023-05-15 19:32:00,22.23,39.18,0.0,413,66.099998,28.200001,2,2023-05-15
2023-05-15 20:02:00,21.159998,43.029999,0.0,413,65.900002,27.800001,2,2023-05-15
2023-05-15 20:32:00,20.319998,47.719997,0.0,413,65.900002,27.300001,2,2023-05-15
2023-05-15 21:02:00,18.989998,52.459999,0.0,413,65.800003,26.900002,2,2023-05-15
2023-05-15 21:32:00,17.849998,56.149998,0.0,413,65.800003,26.5,2,2023-05-15
2023-05-15 22:02:00,16.989998,59.5,0.0,413,65.800003,26.0,2,2023-05-15
2023-05-15 22:32:00,16.719999,61.829998,0.0,413,65.700005,25.6,2,2023-05-15
2023-05-15 23:02:00,16.169998,63.059998,0.0,413,65.599998,25.200001,2,2023-05-15
2023-05-15 23:32:00,15.719998,62.669998,0.0,413,65.599998,24.800001,2,2023-05-15
2023-05-16 00:02:00,15.109999,65.459999,0.0,413,65.5,24.5,2,2023-05-16
2023-05-16 00:32:00,14.639998,66.68,0.0,413,65.5,24.1,2,2023-05-16
2023-05-16 01:02:00,14.699999,67.209999,0.0,413,65.400002,23.700001,2,2023-05-16
2023-05-16 01:32:00,14.619999,67.369995,0.0,413,65.400002,23.400002,2,2023-05-16
2023-05-16 02:02:00,14.339999,67.720001,0.0,413,65.300003,23.1,2,2023-05-16
2023-05-16 02:32:00,13.869999,68.239998,0.0,413,65.300003,22.800001,2,2023-05-16
2023-05-16 03:02:00,13.779999,69.459999,0.0,413,65.200005,22.5,2,2023-05-16
2023-05-16 03:32:00,14.199999,70.619995,0.0,413,65.200005,22.300001,2,2023-05-16
2023-05-16 04:02:00,14.539999,69.339996,0.01,413,65.200005,22.0,2,2023-05-16
2023-05-16 04:32:00,14.729999,71.619995,0.23,413,65.099998,21.900002,2,2023-05-16
2023-05-16 05:02:00,14.889998,72.419998,0.22,413,65.099998,21.6,2,2023-05-16
2023-05-16 05:32:00,15.339999,71.559998,1.01,413,65.0,21.5,2,2023-05-16
2023-05-16 06:02:00,15.749999,69.589996,1.28,413,65.0,21.400002,2,2023-05-16
2023-05-16 06:32:00,16.389999,70.239998,1.3,413,65.0,21.300001,2,2023-05-16
2023-05-16 07:02:00,17.259998,67.080002,7.3,413,64.900002,21.300001,2,2023-05-16
2023-05-16 07:32:00,17.879999,64.830002,1.37,413,64.900002,21.300001,2,2023-05-16
2023-05-16 08:02:00,17.669998,66.5,1.36,413,64.900002,21.200001,2,2023-05-16
2023-05-16 08:32:00,17.539999,65.389999,2.07,413,64.900002,21.200001,2,2023-05-16
2023-05-16 09:02:00,17.969999,64.879997,4.99,413,64.900002,21.1,2,2023-05-16
2023-05-16 09:32:00,18.599998,62.219997,1.05,413,64.900002,21.1,2,2023-05-16
2023-05-16 10:02:00,18.129999,60.91,2.02,413,64.900002,21.1,2,2023-05-16
2023-05-16 10:32:00,17.629999,59.969997,1.34,413,64.900002,21.1,2,2023-05-16
2023-05-16 11:02:00,18.4,59.75,8.929999,413,64.900002,21.0,2,2023-05-16
2023-05-16 11:32:00,19.679998,55.949997,4.99,413,64.900002,21.1,2,2023-05-16
2023-05-16 12:02:00,19.689999,55.399998,4.64,413,64.900002,21.200001,2,2023-05-16
2023-05-16 12:32:00,19.189999,54.889999,1.47,413,64.800003,21.200001,2,2023-05-16
2023-05-16 13:02:00,17.849998,57.27,1.5,413,64.800003,21.1,2,2023-05-16
2023-05-16 13:32:00,17.249998,47.829998,2.68,413,64.800003,21.0,2,2023-05-16
2023-05-16 14:02:00,16.419998,46.419998,1.52,413,64.800003,21.0,2,2023-05-16
2023-05-16 14:32:00,16.039999,51.75,0.97,413,64.700005,20.800001,2,2023-05-16
2023-05-16 15:02:00,15.919999,66.540001,0.66,413,64.700005,20.700001,2,2023-05-16
2023-05-16 15:32:00,15.619999,67.229996,4.6,413,64.700005,20.5,2,2023-05-16
2023-05-16 16:02:00,17.739998,62.759998,3.52,413,64.700005,20.5,2,2023-05-16
2023-05-16 16:32:00,18.949999,59.919998,3.21,413,64.700005,20.6,2,2023-05-16
2023-05-16 17:02:00,19.089998,56.02,3.8,413,64.700005,20.6,2,2023-05-16
2023-05-16 17:32:00,19.669998,54.709999,3.19,413,64.700005,20.6,2,2023-05-16
2023-05-16 18:02:00,19.459999,54.75,1.68,413,64.700005,20.6,2,2023-05-16
2023-05-16 18:32:00,18.049999,60.419998,0.73,413,64.700005,20.6,2,2023-05-16
2023-05-16 19:02:00,16.329998,65.470001,0.04,413,64.700005,20.6,2,2023-05-16
2023-05-16 19:32:00,14.819999,70.040001,0.0,413,64.599998,20.400002,2,2023-05-16
2023-05-16 20:02:00,13.739999,72.199997,0.0,413,64.599998,20.200001,2,2023-05-16
2023-05-16 20:32:00,13.019999,75.07,0.0,413,64.5,20.0,2,2023-05-16
2023-05-16 21:02:00,12.539999,75.18,0.0,413,64.5,19.800001,2,2023-05-16
2023-05-16 21:32:00,12.109999,75.839996,0.0,413,64.5,19.6,2,2023-05-16
2023-05-16 22:02:00,11.669999,76.220001,0.0,413,64.400002,19.400002,2,2023-05-16
2023-05-16 22:32:00,11.239999,76.199997,0.0,413,64.400002,19.200001,2,2023-05-16
2023-05-16 23:02:00,10.909999,77.040001,0.0,413,64.300003,19.0,2,2023-05-16
2023-05-16 23:32:00,10.909999,78.349998,0.0,413,64.300003,18.800001,2,2023-05-16
2023-05-17 00:02:00,11.039999,79.889999,0.0,413,64.300003,18.6,2,2023-05-17
2023-05-17 00:32:00,10.939999,78.57,0.0,413,64.200005,18.5,2,2023-05-17
2023-05-17 01:02:00,10.669999,78.959999,0.0,413,64.200005,18.300001,2,2023-05-17
2023-05-17 01:32:00,10.249999,77.809998,0.0,413,64.099998,18.1,2,2023-05-17
2023-05-17 02:02:00,9.859999,78.830002,0.0,413,64.099998,18.0,2,2023-05-17
2023-05-17 02:32:00,9.739999,79.339996,0.0,413,64.0,17.800001,2,2023-05-17
2023-05-17 03:02:00,9.469999,78.220001,0.0,413,64.0,17.6,2,2023-05-17
2023-05-17 03:32:00,9.249999,80.009995,0.0,413,64.0,17.5,2,2023-05-17
2023-05-17 04:02:00,9.329999,80.970001,0.12,413,64.0,17.300001,2,2023-05-17
2023-05-17 04:32:00,9.639998,81.040001,0.68,413,63.900002,17.1,2,2023-05-17
2023-05-17 05:02:00,10.299999,81.239998,1.76,413,63.900002,17.0,2,2023-05-17
2023-05-17 05:32:00,11.119999,79.059998,2.35,413,63.900002,17.0,2,2023-05-17
2023-05-17 06:02:00,12.989999,81.009995,4.9,413,63.799999,17.0,2,2023-05-17
2023-05-17 06:32:00,16.629999,73.519997,5.18,413,63.900002,17.0,2,2023-05-17
2023-05-17 07:02:00,19.689999,65.540001,8.639999,413,63.900002,17.200001,2,2023-05-17
2023-05-17 07:32:00,22.599998,61.039997,10.99,413,63.900002,17.5,2,2023-05-17
2023-05-17 08:02:00,24.819998,56.459999,10.969999,413,64.0,17.900002,2,2023-05-17
2023-05-17 08:32:00,26.369999,52.399998,11.49,413,64.0,18.300001,2,2023-05-17
2023-05-17 09:02:00,29.659998,45.939999,24.269999,413,64.200005,18.800001,2,2023-05-17
2023-05-17 09:32:00,31.509998,24.41,16.76,413,64.300003,19.5,2,2023-05-17
2023-05-17 10:02:00,33.649998,20.9,42.829998,413,64.300003,20.300001,2,2023-05-17
2023-05-17 10:32:00,35.509998,18.379999,41.329998,413,64.5,21.200001,2,2023-05-17
2023-05-17 11:02:00,36.16,18.76,29.75,413,64.599998,22.300001,2,2023-05-17
2023-05-17 11:32:00,38.329998,15.29,46.039997,413,64.800003,23.6,2,2023-05-17
2023-05-17 12:02:00,37.239998,14.69,26.639999,413,65.0,25.1,2,2023-05-17
2023-05-17 12:32:00,40.489998,12.79,47.419998,413,65.200005,26.700001,2,2023-05-17
2023-05-17 13:02:00,42.179996,10.719999,43.969997,413,65.400002,28.1,2,2023-05-17
2023-05-17 13:32:00,42.719997,12.11,35.709999,413,65.599998,29.5,2,2023-05-17
2023-05-17 14:02:00,42.16,13.46,39.059998,413,65.700005,30.6,2,2023-05-17
2023-05-17 14:32:00,41.129997,13.63,27.369999,413,65.800003,31.200001,2,2023-05-17
2023-05-17 15:02:00,40.369999,11.25,22.67,413,65.800003,31.200001,2,2023-05-17
2023-05-17 15:32:00,38.459999,11.79,13.66,413,65.700005,31.1,2,2023-05-17
2023-05-17 16:02:00,35.73,14.87,9.42,413,65.700005,31.0,2,2023-05-17
2023-05-17 16:32:00,34.689999,16.25,9.679999,413,65.599998,30.900002,2,2023-05-17
2023-05-17 17:02:00,35.449997,19.34,7.51,413,65.599998,30.900002,2,2023-05-17
2023-05-17 17:32:00,35.48,22.059999,3.73,413,65.599998,30.800001,2,2023-05-17
2023-05-17 18:02:00,33.129997,27.709999,1.43,413,65.599998,30.5,2,2023-05-17
2023-05-17 18:32:00,29.339998,34.259998,0.54,413,65.5,30.200001,2,2023-05-17
2023-05-17 19:02:00,25.709999,39.799999,0.04,413,65.400002,29.800001,2,2023-05-17
2023-05-17 19:32:00,23.539999,41.59,0.0,413,65.400002,29.300001,2,2023-05-17
2023-05-17 20:02:00,22.199999,43.360001,0.0,413,65.200005,28.800001,2,2023-05-17
2023-05-17 20:32:00,21.269999,44.66,0.0,413,65.200005,28.200001,2,2023-05-17
2023-05-17 21:02:00,20.599998,47.369999,0.0,413,65.099998,27.800001,2,2023-05-17
2023-05-17 21:32:00,20.019999,51.719997,0.0,413,64.900002,27.300001,2,2023-05-17
2023-05-17 22:02:00,19.499998,55.110001,0.0,413,64.900002,26.900002,2,2023-05-17
2023-05-17 22:32:00,18.989998,59.139999,0.0,413,64.800003,26.5,2,2023-05-17
2023-05-17 23:02:00,18.429998,60.82,0.0,413,64.700005,26.1,2,2023-05-17
2023-05-17 23:32:00,17.48,65.150002,0.0,413,64.700005,25.6,2,2023-05-17
2023-05-18 00:02:00,16.689999,68.260002,0.0,413,64.599998,25.300001,2,2023-05-18
2023-05-18 00:32:00,16.019999,69.619995,0.0,413,64.5,24.900002,2,2023-05-18
2023-05-18 01:02:00,15.449999,71.099998,0.0,413,64.5,24.5,2,2023-05-18
2023-05-18 01:32:00,15.009998,72.659996,0.0,413,64.300003,24.1,2,2023-05-18
2023-05-18 02:02:00,14.609999,73.959999,0.0,413,64.300003,23.800001,2,2023-05-18
2023-05-18 02:32:00,14.209999,74.939995,0.0,413,64.200005,23.5,2,2023-05-18
2023-05-18 03:02:00,13.949999,75.209999,0.0,413,64.200005,23.1,2,2023-05-18
2023-05-18 03:32:00,13.679998,76.529999,0.0,413,64.0,22.700001,2,2023-05-18
2023-05-18 04:02:00,13.359999,76.549995,0.13,413,64.0,22.400002,2,2023-05-18
2023-05-18 04:32:00,13.299999,77.089996,0.98,413,64.0,22.1,2,2023-05-18
2023-05-18 05:02:00,13.699999,77.580002,1.7,413,63.799999,21.800001,2,2023-05-18
2023-05-18 05:32:00,14.539999,77.389999,3.54,413,63.799999,21.6,2,2023-05-18
2023-05-18 06:02:00,16.079998,76.639999,6.31,413,63.799999,21.5,2,2023-05-18
2023-05-18 06:32:00,18.309999,71.93,6.02,413,63.799999,21.5,2,2023-05-18
2023-05-18 07:02:00,21.239998,66.010002,8.53,413,63.799999,21.5,2,2023-05-18
2023-05-18 07:32:00,25.659998,54.610001,20.09,413,63.799999,21.6,2,2023-05-18
2023-05-18 08:02:00,31.319998,42.799999,22.719999,413,63.799999,21.800001,2,2023-05-18
2023-05-18 08:32:00,30.549999,31.939999,27.599998,413,63.900002,22.300001,2,2023-05-18
2023-05-18 09:02:00,29.709999,32.200001,35.349998,413,64.0,22.800001,2,2023-05-18
2023-05-18 09:32:00,31.489998,29.269999,16.15,413,64.0,23.5,2,2023-05-18
2023-05-18 10:02:00,31.639997,27.08,42.25,413,64.099998,24.1,2,2023-05-18
2023-05-18 10:32:00,32.669998,24.119999,41.93,413,64.300003,24.900002,2,2023-05-18
2023-05-18 11:02:00,33.859997,19.939999,6.7,413,64.300003,25.800001,2,2023-05-18
2023-05-18 11:32:00,35.099998,17.57,8.139999,413,64.5,26.400002,2,2023-05-18
2023-05-18 12:02:00,35.489998,14.86,7.05,413,64.5,26.800001,2,2023-05-18
2023-05-18 12:32:00,35.649998,15.799999,8.23,413,64.5,27.1,2,2023-05-18
2023-05-18 13:02:00,35.769997,12.719999,7.77,413,64.5,27.5,2,2023-05-18
2023-05-18 13:32:00,34.619999,12.84,4.23,413,64.5,27.700001,2,2023-05-18
2023-05-18 14:02:00,32.369999,13.52,7.8,413,64.5,27.800001,2,2023-05-18
2023-05-18 14:32:00,33.619999,12.44,2.67,413,64.5,27.900002,2,2023-05-18
2023-05-18 15:02:00,32.969997,13.09,5.88,413,64.5,28.0,2,2023-05-18
2023-05-18 15:32:00,34.699997,12.02,10.52,413,64.5,28.0,2,2023-05-18
2023-05-18 16:02:00,32.879997,13.75,2.53,413,64.5,28.1,2,2023-05-18
2023-05-18 16:32:00,30.539999,16.459999,7.69,413,64.5,28.1,2,2023-05-18
2023-05-18 17:02:00,31.009998,24.889999,6.22,413,64.5,28.1,2,2023-05-18
2023-05-18 17:32:00,32.369999,26.42,3.62,413,64.5,28.0,2,2023-05-18
2023-05-18 18:02:00,31.269999,27.529999,1.71,413,64.5,27.900002,2,2023-05-18
2023-05-18 18:32:00,28.749998,30.519999,0.64,413,64.400002,27.700001,2,2023-05-18
2023-05-18 19:02:00,25.199999,38.669998,0.06,413,64.300003,27.5,2,2023-05-18
2023-05-18 19:32:00,22.399998,46.73,0.0,413,64.300003,27.200001,2,2023-05-18
2023-05-18 20:02:00,20.679998,52.759998,0.0,413,64.300003,26.800001,2,2023-05-18
2023-05-18 20:32:00,19.899998,56.25,0.0,413,64.099998,26.5,2,2023-05-18
2023-05-18 21:02:00,18.889999,58.389999,0.0,413,64.0,26.1,2,2023-05-18
2023-05-18 21:32:00,18.119999,60.309998,0.0,413,64.0,25.700001,2,2023-05-18
2023-05-18 22:02:00,17.719999,64.049995,0.0,413,63.799999,25.300001,2,2023-05-18
2023-05-18 22:32:00,17.389999,65.93,0.0,413,63.799999,25.0,2,2023-05-18
2023-05-18 23:02:00,16.98,66.599998,0.0,413,63.799999,24.6,2,2023-05-18
2023-05-18 23:32:00,16.65,67.479996,0.0,413,63.700001,24.300001,2,2023-05-18
2023-05-19 00:02:00,16.099998,69.049995,0.0,413,63.600002,24.0,2,2023-05-19
2023-05-19 00:32:00,15.689999,69.93,0.0,413,63.5,23.6,2,2023-05-19
2023-05-19 01:02:00,15.219998,70.110001,0.0,413,63.5,23.400002,2,2023-05-19
2023-05-19 01:32:00,14.859999,71.510002,0.0,413,63.400002,23.1,2,2023-05-19
2023-05-19 02:02:00,14.569999,71.369995,0.0,413,63.400002,22.800001,2,2023-05-19
2023-05-19 02:32:00,14.259998,73.309998,0.0,413,63.299999,22.5,2,2023-05-19
2023-05-19 03:02:00,14.199999,75.57,0.0,413,63.200001,22.200001,2,2023-05-19
2023-05-19 03:32:00,14.009998,76.220001,0.0,413,63.200001,22.0,2,2023-05-19
2023-05-19 04:02:00,13.909999,75.959999,0.12,413,63.100002,21.700001,2,2023-05-19
2023-05-19 04:32:00,14.109999,76.169998,0.84,413,63.0,21.5,2,2023-05-19
2023-05-19 05:02:00,14.709999,75.57,2.02,413,63.0,21.300001,2,2023-05-19
2023-05-19 05:32:00,16.019999,74.409996,3.56,413,63.0,21.1,2,2023-05-19
2023-05-19 06:02:00,17.959999,72.209999,5.21,413,63.0,21.1,2,2023-05-19
2023-05-19 06:32:00,20.959999,65.75,7.78,413,63.0,21.1,2,2023-05-19
2023-05-19 07:02:00,25.419998,55.029999,11.12,413,63.0,21.300001,2,2023-05-19
2023-05-19 07:32:00,30.559998,42.950001,19.26,413,63.0,21.5,2,2023-05-19
2023-05-19 08:02:00,30.469999,26.4,24.25,413,63.0,21.800001,2,2023-05-19
2023-05-19 08:32:00,31.319998,22.67,27.969999,413,63.100002,22.300001,2,2023-05-19
2023-05-19 09:02:00,32.759998,21.709999,25.689999,413,63.200001,22.900002,2,2023-05-19
2023-05-19 09:32:00,33.799999,18.619999,19.799999,413,63.299999,23.6,2,2023-05-19
2023-05-19 10:02:00,33.949997,17.01,9.21,413,63.400002,24.300001,2,2023-05-19
2023-05-19 10:32:00,33.879997,20.59,8.55,413,63.400002,24.800001,2,2023-05-19
2023-05-19 11:02:00,35.059998,14.37,5.86,413,63.5,25.300001,2,2023-05-19
2023-05-19 11:32:00,35.789997,13.95,7.7,413,63.600002,25.6,2,2023-05-19
2023-05-19 12:02:00,34.82,12.98,9.0,413,63.600002,26.1,2,2023-05-19
2023-05-19 12:32:00,34.209999,13.719999,7.48,413,63.600002,26.400002,2,2023-05-19
2023-05-19 13:02:00,34.309998,14.49,5.45,413,63.600002,26.6,2,2023-05-19
2023-05-19 13:32:00,33.689999,14.28,6.28,413,63.700001,26.900002,2,2023-05-19
2023-05-19 14:02:00,34.599998,12.559999,4.8,413,63.700001,27.1,2,2023-05-19
2023-05-19 14:32:00,33.529999,13.44,4.02,413,63.700001,27.300001,2,2023-05-19
2023-05-19 15:02:00,32.219997,15.66,3.35,413,63.700001,27.300001,2,2023-05-19
2023-05-19 15:32:00,30.809998,20.18,14.16,413,63.700001,27.5,2,2023-05-19
2023-05-19 16:02:00,29.829998,19.34,8.72,413,63.700001,27.700001,2,2023-05-19
2023-05-19 16:32:00,29.089998,29.879999,4.92,413,63.700001,27.800001,2,2023-05-19
2023-05-19 17:02:00,30.539999,25.57,5.34,413,63.600002,27.800001,2,2023-05-19
2023-05-19 17:32:00,30.769999,27.279999,2.9,413,63.600002,27.700001,2,2023-05-19
2023-05-19 18:02:00,29.649998,32.209999,1.4,413,63.600002,27.6,2,2023-05-19
2023-05-19 18:32:00,27.699999,36.299999,0.42,413,63.600002,27.400002,2,2023-05-19
2023-05-19 19:02:00,25.949999,41.889999,0.04,413,63.5,27.1,2,2023-05-19
2023-05-19 19:32:00,24.749998,47.5,0.0,413,63.5,26.900002,2,2023-05-19
2023-05-19 20:02:00,23.979998,49.189999,0.0,413,63.400002,26.6,2,2023-05-19
2023-05-19 20:32:00,23.329998,51.43,0.0,413,63.400002,26.400002,2,2023-05-19
2023-05-19 21:02:00,22.779999,49.739998,0.0,413,63.299999,26.1,2,2023-05-19
2023-05-19 21:32:00,21.759998,49.889999,0.0,413,63.200001,25.900002,2,2023-05-19
2023-05-19 22:02:00,20.679998,57.43,0.0,413,63.200001,25.6,2,2023-05-19
2023-05-19 22:32:00,20.039999,61.939999,0.0,413,63.100002,25.300001,2,2023-05-19
2023-05-19 23:02:00,19.739998,66.18,0.0,413,63.0,25.0,2,2023-05-19
2023-05-19 23:32:00,19.679998,69.189995,0.0,413,63.0,24.800001,2,2023-05-19
2023-05-20 00:02:00,19.23,70.869995,0.0,413,62.900002,24.6,2,2023-05-20
2023-05-20 00:32:00,18.949999,74.099998,0.0,413,62.799999,24.300001,2,2023-05-20
2023-05-20 01:02:00,18.639999,75.689995,0.0,413,62.799999,24.1,2,2023-05-20
2023-05-20 01:32:00,18.209999,77.049995,0.0,413,62.799999,23.900002,2,2023-05-20
2023-05-20 02:02:00,17.999998,78.589996,0.0,413,62.799999,23.6,2,2023-05-20
2023-05-20 02:32:00,17.849998,79.900002,0.0,413,62.700001,23.5,2,2023-05-20
2023-05-20 03:02:00,17.659998,80.049995,0.0,413,62.600002,23.200001,2,2023-05-20
2023-05-20 03:32:00,17.409998,79.709999,0.0,413,62.5,23.0,2,2023-05-20
2023-05-20 04:02:00,17.239998,79.779999,0.05,413,62.5,22.800001,2,2023-05-20
2023-05-20 04:32:00,17.209999,79.970001,0.26,413,62.5,22.6,2,2023-05-20
2023-05-20 05:02:00,17.369999,78.25,0.71,413,62.400002,22.5,2,2023-05-20
2023-05-20 05:32:00,17.65,77.409996,1.21,413,62.299999,22.300001,2,2023-05-20
2023-05-20 06:02:00,18.189999,76.669998,2.2,413,62.299999,22.1,2,2023-05-20
2023-05-20 06:32:00,19.049999,73.809998,2.49,413,62.299999,22.1,2,2023-05-20
2023-05-20 07:02:00,19.989998,71.010002,4.57,413,62.299999,22.0,2,2023-05-20
2023-05-20 07:32:00,21.269999,67.939995,5.73,413,62.299999,22.0,2,2023-05-20
2023-05-20 08:02:00,23.229998,62.649998,7.08,413,62.299999,22.1,2,2023-05-20
2023-05-20 08:32:00,24.279999,59.779999,2.72,413,62.299999,22.300001,2,2023-05-20
2023-05-20 09:02:00,23.969999,59.68,8.2,413,62.299999,22.300001,2,2023-05-20
2023-05-20 09:32:00,26.009998,53.309998,9.69,413,62.299999,22.5,2,2023-05-20
2023-05-20 10:02:00,27.609999,42.619999,6.91,413,62.299999,22.800001,2,2023-05-20
2023-05-20 10:32:00,26.199999,42.040001,6.37,413,62.400002,23.0,2,2023-05-20
2023-05-20 11:02:00,25.749998,43.610001,5.61,413,62.400002,23.1,2,2023-05-20
2023-05-20 11:32:00,26.269999,42.57,11.61,413,62.5,23.300001,2,2023-05-20
2023-05-20 12:02:00,28.459999,37.309998,12.7,413,62.5,23.6,2,2023-05-20
2023-05-20 12:32:00,29.459999,32.759998,12.559999,413,62.5,24.0,2,2023-05-20
2023-05-20 13:02:00,30.659998,31.0,11.91,413,62.600002,24.300001,2,2023-05-20
2023-05-20 13:32:00,29.899998,31.01,8.44,413,62.600002,24.6,2,2023-05-20
2023-05-20 14:02:00,28.569998,28.389999,12.21,413,62.600002,24.900002,2,2023-05-20
2023-05-20 14:32:00,27.189999,29.889999,11.54,413,62.700001,25.0,2,2023-05-20
2023-05-20 15:02:00,26.869999,34.029999,4.84,413,62.700001,25.200001,2,2023-05-20
2023-05-20 15:32:00,27.359999,37.200001,6.04,413,62.700001,25.200001,2,2023-05-20
2023-05-20 16:02:00,27.969999,37.259998,4.73,413,62.600002,25.200001,2,2023-05-20
2023-05-20 16:32:00,27.409998,40.110001,3.72,413,62.600002,25.200001,2,2023-05-20
2023-05-20 17:02:00,26.149998,44.709999,2.07,413,62.600002,25.1,2,2023-05-20
2023-05-20 17:32:00,24.539999,49.669998,1.55,413,62.600002,25.0,2,2023-05-20
2023-05-20 18:02:00,23.149998,53.029999,1.07,413,62.5,24.900002,2,2023-05-20
2023-05-20 18:32:00,21.809999,56.709999,0.41,413,62.5,24.700001,2,2023-05-20
2023-05-20 19:02:00,20.549999,60.949997,0.04,413,62.5,24.5,2,2023-05-20
2023-05-20 19:32:00,19.519999,65.290001,0.0,413,62.400002,24.300001,2,2023-05-20
2023-05-20 20:02:00,18.829998,68.099998,0.0,413,62.299999,24.0,2,2023-05-20
2023-05-20 20:32:00,18.419998,70.580002,0.0,413,62.299999,23.800001,2,2023-05-20
2023-05-20 21:02:00,18.119999,71.68,0.0,413,62.200001,23.5,2,2023-05-20
2023-05-20 21:32:00,17.849998,72.459999,0.0,413,62.100002,23.300001,2,2023-05-20
2023-05-20 22:02:00,17.589998,73.790001,0.0,413,62.100002,23.0,2,2023-05-20
2023-05-20 22:32:00,17.329998,74.699997,0.0,413,62.0,22.800001,2,2023-05-20
2023-05-20 23:02:00,16.769999,77.369995,0.0,413,62.0,22.6,2,2023-05-20
2023-05-20 23:32:00,16.659998,78.799995,0.0,413,61.900002,22.400002,2,2023-05-20
2023-05-21 00:02:00,16.559999,79.169998,0.0,413,61.900002,22.200001,2,2023-05-21
2023-05-21 00:32:00,16.379999,78.400002,0.0,413,61.900002,22.0,2,2023-05-21
2023-05-21 01:02:00,15.969998,78.739998,0.0,413,61.799999,21.800001,2,2023-05-21
2023-05-21 01:32:00,15.399999,78.540001,0.0,413,61.700001,21.6,2,2023-05-21
2023-05-21 02:02:00,14.909999,79.349998,0.0,413,61.700001,21.400002,2,2023-05-21
2023-05-21 02:32:00,14.519999,79.830002,0.0,413,61.700001,21.200001,2,2023-05-21
2023-05-21 03:02:00,14.199999,80.449997,0.0,413,61.600002,21.0,2,2023-05-21
2023-05-21 03:32:00,14.009998,80.220001,0.0,413,61.5,20.800001,2,2023-05-21
2023-05-21 04:02:00,13.779999,80.540001,0.11,413,61.5,20.6,2,2023-05-21
2023-05-21 04:32:00,13.799999,81.269997,0.56,413,61.5,20.400002,2,2023-05-21
2023-05-21 05:02:00,14.129999,81.5,1.3,413,61.400002,20.200001,2,2023-05-21
2023-05-21 05:32:00,14.839999,82.169998,2.32,413,61.400002,20.1,2,2023-05-21
2023-05-21 06:02:00,16.07,80.599998,3.19,413,61.400002,20.1,2,2023-05-21
2023-05-21 06:32:00,17.539999,76.619995,5.1,413,61.400002,20.1,2,2023-05-21
2023-05-21 07:02:00,19.679998,72.330002,7.5,413,61.400002,20.1,2,2023-05-21
2023-05-21 07:32:00,22.529999,64.769997,10.29,413,61.400002,20.300001,2,2023-05-21
2023-05-21 08:02:00,25.679998,55.199997,11.57,413,61.5,20.5,2,2023-05-21
2023-05-21 08:32:00,28.809998,50.639999,15.95,413,61.5,20.900002,2,2023-05-21
2023-05-21 09:02:00,31.049999,38.110001,11.2,413,61.700001,21.300001,2,2023-05-21
2023-05-21 09:32:00,25.119999,46.969997,13.679999,413,61.700001,21.700001,2,2023-05-21
2023-05-21 10:02:00,25.559999,52.059998,13.719999,413,61.700001,21.900002,2,2023-05-21
2023-05-21 10:32:00,26.839998,49.619999,19.66,413,61.799999,22.300001,2,2023-05-21
2023-05-21 11:02:00,27.649998,50.82,32.279999,413,61.900002,22.6,2,2023-05-21
2023-05-21 11:32:00,30.589998,40.919998,13.809999,413,61.900002,23.1,2,2023-05-21
2023-05-21 12:02:00,31.089998,45.009998,20.57,413,62.0,23.5,2,2023-05-21
2023-05-21 12:32:00,29.289999,36.34,3.79,413,62.100002,24.200001,2,2023-05-21
2023-05-21 13:02:00,30.539999,46.259998,18.690001,413,62.100002,24.5,2,2023-05-21
2023-05-21 13:32:00,35.449997,40.450001,15.17,413,62.200001,25.1,2,2023-05-21
2023-05-21 14:02:00,37.66,31.779999,9.929999,413,62.299999,26.1,2,2023-05-21
2023-05-21 14:32:00,37.879997,33.079998,36.57,413,62.5,26.700001,2,2023-05-21
2023-05-21 15:02:00,41.41,27.91,24.18,413,62.5,27.1,2,2023-05-21
2023-05-21 15:32:00,36.439999,23.48,22.189999,413,62.5,27.5,2,2023-05-21
2023-05-21 16:02:00,30.189999,30.539999,7.47,413,62.5,27.6,2,2023-05-21
2023-05-21 16:32:00,29.569998,35.5,6.97,413,62.5,27.5,2,2023-05-21
2023-05-21 17:02:00,32.709999,33.66,9.48,413,62.5,27.700001,2,2023-05-21
2023-05-21 17:32:00,30.989998,38.25,0.14,413,62.5,27.800001,2,2023-05-21
2023-05-21 18:02:00,25.529999,48.689999,0.14,413,62.5,27.5,2,2023-05-21
2023-05-21 18:32:00,22.339998,59.299999,0.38,413,62.400002,27.1,2,2023-05-21
2023-05-21 19:02:00,21.049999,64.729996,0.0,413,62.299999,26.700001,2,2023-05-21
2023-05-21 19:32:00,20.009998,67.489998,0.0,413,62.200001,26.300001,2,2023-05-21
2023-05-21 20:02:00,19.069998,71.220001,0.0,413,62.100002,26.0,2,2023-05-21
2023-05-21 20:32:00,18.499998,72.959999,0.0,413,62.0,25.6,2,2023-05-21
2023-05-21 21:02:00,18.119999,74.209999,0.0,413,61.900002,25.200001,2,2023-05-21
2023-05-21 21:32:00,17.389999,74.699997,0.0,413,61.799999,24.800001,2,2023-05-21
2023-05-21 22:02:00,16.769999,75.889999,0.0,413,61.700001,24.5,2,2023-05-21
2023-05-21 22:32:00,16.219999,76.099998,0.0,413,61.600002,24.1,2,2023-05-21
2023-05-21 23:02:00,15.669999,76.540001,0.0,413,61.5,23.700001,2,2023-05-21
2023-05-21 23:32:00,15.159999,76.809998,0.0,413,61.5,23.400002,2,2023-05-21
2023-05-22 00:02:00,14.739999,77.509995,0.0,413,61.299999,23.0,2,2023-05-22
2023-05-22 00:32:00,14.199999,77.509995,0.0,413,61.299999,22.700001,2,2023-05-22
2023-05-22 01:02:00,14.029999,80.009995,0.0,413,61.200001,22.400002,2,2023-05-22
2023-05-22 01:32:00,13.979999,80.32,0.0,413,61.100002,22.1,2,2023-05-22
2023-05-22 02:02:00,13.779999,80.07,0.0,413,61.100002,21.800001,2,2023-05-22
2023-05-22 02:32:00,13.499999,80.150002,0.0,413,61.0,21.6,2,2023-05-22
2023-05-22 03:02:00,13.139998,80.279999,0.0,413,60.900002,21.300001,2,2023-05-22
2023-05-22 03:32:00,12.859999,80.619995,0.0,413,60.900002,21.1,2,2023-05-22
2023-05-22 04:02:00,12.589999,81.049995,0.18,413,60.799999,20.800001,2,2023-05-22
2023-05-22 04:32:00,12.509999,81.540001,0.9,413,60.700001,20.6,2,2023-05-22
2023-05-22 05:02:00,13.269999,83.269997,1.84,413,60.700001,20.400002,2,2023-05-22
2023-05-22 05:32:00,14.939999,82.589996,2.71,413,60.700001,20.300001,2,2023-05-22
2023-05-22 06:02:00,17.48,80.459999,5.22,413,60.700001,20.200001,2,2023-05-22
2023-05-22 06:32:00,21.349998,72.25,9.24,413,60.700001,20.300001,2,2023-05-22
2023-05-22 07:02:00,27.179998,58.649998,12.07,413,60.700001,20.400002,2,2023-05-22
2023-05-22 07:32:00,31.369999,50.509998,26.879999,413,60.700001,20.6,2,2023-05-22
2023-05-22 08:02:00,32.029999,33.349998,27.439999,413,60.799999,21.0,2,2023-05-22
2023-05-22 08:32:00,32.059998,35.09,27.33,413,60.900002,21.5,2,2023-05-22
2023-05-22 09:02:00,33.629997,32.68,39.139999,413,61.0,22.1,2,2023-05-22
2023-05-22 09:32:00,34.799999,31.039999,14.03,413,61.200001,23.0,2,2023-05-22
2023-05-22 10:02:00,35.449997,30.099998,8.27,413,61.5,23.800001,2,2023-05-22
2023-05-22 10:32:00,34.09,29.49,10.62,413,61.700001,24.300001,2,2023-05-22
2023-05-22 11:02:00,34.889999,23.699999,10.02,413,61.900002,24.800001,2,2023-05-22
2023-05-22 11:32:00,35.809998,20.049999,11.69,413,62.100002,25.200001,2,2023-05-22
2023-05-22 12:02:00,35.609997,16.199999,9.96,413,62.299999,25.6,2,2023-05-22
2023-05-22 12:32:00,34.57,18.869999,15.059999,413,62.5,26.1,2,2023-05-22
2023-05-22 13:02:00,26.389999,28.459999,6.55,413,62.600002,26.300001,2,2023-05-22
2023-05-22 13:32:00,27.949999,20.42,4.06,413,62.700001,26.6,2,2023-05-22
2023-05-22 14:02:00,27.279999,22.08,4.38,413,62.799999,26.700001,2,2023-05-22
2023-05-22 14:32:00,28.609999,20.799999,5.56,413,62.799999,26.800001,2,2023-05-22
2023-05-22 15:02:00,30.709999,20.1,18.9,413,62.900002,26.800001,2,2023-05-22
2023-05-22 15:32:00,33.48,18.02,17.16,413,62.900002,27.0,2,2023-05-22
2023-05-22 16:02:00,32.34,18.49,9.9,413,63.0,27.1,2,2023-05-22
2023-05-22 16:32:00,33.259998,22.539999,7.68,413,63.0,27.400002,2,2023-05-22
2023-05-22 17:02:00,35.399998,29.699999,6.5,413,63.100002,27.800001,2,2023-05-22
2023-05-22 17:32:00,35.029999,35.489998,3.95,413,63.200001,28.0,2,2023-05-22
2023-05-22 18:02:00,32.899998,28.32,1.78,413,63.200001,27.900002,2,2023-05-22
2023-05-22 18:32:00,29.949999,34.93,0.77,413,63.100002,27.700001,2,2023-05-22
2023-05-22 19:02:00,26.149998,40.700001,0.12,413,63.100002,27.5,2,2023-05-22
2023-05-22 19:32:00,22.969999,48.379997,0.0,413,63.0,27.1,2,2023-05-22
2023-05-22 20:02:00,20.999998,52.309998,0.0,413,63.0,26.800001,2,2023-05-22
2023-05-22 20:32:00,19.669998,56.119999,0.0,413,62.900002,26.300001,2,2023-05-22
2023-05-22 21:02:00,18.569998,59.41,0.0,413,62.799999,25.900002,2,2023-05-22
2023-05-22 21:32:00,17.759998,61.579998,0.0,413,62.799999,25.6,2,2023-05-22
2023-05-22 22:02:00,17.119999,64.110001,0.0,413,62.700001,25.1,2,2023-05-22
2023-05-22 22:32:00,16.509998,65.979996,0.0,413,62.600002,24.800001,2,2023-05-22
2023-05-22 23:02:00,15.969998,67.599998,0.0,413,62.5,24.400002,2,2023-05-22
2023-05-22 23:32:00,15.509998,69.529999,0.0,413,62.5,24.0,2,2023-05-22
2023-05-23 00:02:00,15.109999,71.119995,0.0,413,62.299999,23.6,2,2023-05-23
2023-05-23 00:32:00,14.739999,71.75,0.0,413,62.299999,23.300001,2,2023-05-23
2023-05-23 01:02:00,14.399999,72.510002,0.0,413,62.200001,23.0,2,2023-05-23
2023-05-23 01:32:00,14.079999,73.349998,0.0,413,62.100002,22.6,2,2023-05-23
2023-05-23 02:02:00,13.729999,73.18,0.0,413,62.100002,22.400002,2,2023-05-23
2023-05-23 02:32:00,13.529999,74.400002,0.0,413,62.100002,22.1,2,2023-05-23
2023-05-23 03:02:00,13.249999,74.589996,0.0,413,61.900002,21.800001,2,2023-05-23
2023-05-23 03:32:00,12.969998,75.860001,0.0,413,61.900002,21.5,2,2023-05-23
2023-05-23 04:02:00,12.739999,76.669998,0.21,413,61.900002,21.300001,2,2023-05-23
2023-05-23 04:32:00,12.749999,77.199997,0.94,413,61.799999,21.0,2,2023-05-23
2023-05-23 05:02:00,13.469998,78.699997,1.51,413,61.799999,20.800001,2,2023-05-23
2023-05-23 05:32:00,14.929998,77.93,2.8,413,61.700001,20.6,2,2023-05-23
2023-05-23 06:02:00,18.119999,69.68,8.07,413,61.700001,20.6,2,2023-05-23
2023-05-23 06:32:00,22.349998,57.549999,9.679999,413,61.700001,20.700001,2,2023-05-23
2023-05-23 07:02:00,28.149998,44.360001,12.07,413,61.700001,20.800001,2,2023-05-23
2023-05-23 07:32:00,33.489998,36.829998,25.41,413,61.799999,21.0,2,2023-05-23
2023-05-23 08:02:00,34.919998,24.109999,27.639999,413,61.900002,21.300001,2,2023-05-23
2023-05-23 08:32:00,30.219999,25.389999,7.14,413,61.900002,21.900002,2,2023-05-23
2023-05-23 09:02:00,28.649998,25.309999,8.25,413,62.0,22.300001,2,2023-05-23
2023-05-23 09:32:00,29.599998,24.119999,6.65,413,62.0,22.700001,2,2023-05-23
2023-05-23 10:02:00,30.339998,22.58,8.48,413,62.100002,23.1,2,2023-05-23
2023-05-23 10:32:00,30.629999,20.0,8.95,413,62.100002,23.5,2,2023-05-23
2023-05-23 11:02:00,31.719999,16.91,8.41,413,62.200001,24.0,2,2023-05-23
2023-05-23 11:32:00,33.269997,15.67,10.099999,413,62.299999,24.400002,2,2023-05-23
2023-05-23 12:02:00,32.369999,15.429999,8.66,413,62.299999,24.800001,2,2023-05-23
2023-05-23 12:32:00,32.359997,16.559999,9.83,413,62.400002,25.300001,2,2023-05-23
2023-05-23 13:02:00,33.579998,15.44,9.469999,413,62.5,25.800001,2,2023-05-23
2023-05-23 13:32:00,33.399998,17.119999,8.49,413,62.5,26.1,2,2023-05-23
2023-05-23 14:02:00,33.539997,15.16,8.05,413,62.5,26.5,2,2023-05-23
2023-05-23 14:32:00,33.299999,14.009999,9.79,413,62.5,26.800001,2,2023-05-23
2023-05-23 15:02:00,33.57,13.91,13.84,413,62.5,27.0,2,2023-05-23
2023-05-23 15:32:00,33.259998,15.78,15.299999,413,62.5,27.1,2,2023-05-23
2023-05-23 16:02:00,31.899998,15.559999,4.29,413,62.600002,27.300001,2,2023-05-23
2023-05-23 16:32:00,31.319998,18.01,5.7,413,62.600002,27.400002,2,2023-05-23
2023-05-23 17:02:00,34.119999,23.16,6.22,413,62.600002,27.6,2,2023-05-23
2023-05-23 17:32:00,35.73,22.359999,3.8,413,62.600002,27.700001,2,2023-05-23
2023-05-23 18:02:00,34.109997,21.26,1.77,413,62.600002,27.700001,2,2023-05-23
2023-05-23 18:32:00,31.119999,25.99,0.7,413,62.5,27.6,2,2023-05-23
2023-05-23 19:02:00,27.719999,32.579998,0.13,413,62.5,27.5,2,2023-05-23
2023-05-23 19:32:00,24.779999,38.899998,0.0,413,62.5,27.200001,2,2023-05-23
2023-05-23 20:02:00,22.939999,45.299999,0.0,413,62.400002,26.900002,2,2023-05-23
2023-05-23 20:32:00,21.769999,49.93,0.0,413,62.299999,26.6,2,2023-05-23
2023-05-23 21:02:00,21.019999,52.619999,0.0,413,62.200001,26.300001,2,2023-05-23
2023-05-23 21:32:00,20.389999,42.75,0.0,413,62.100002,26.0,2,2023-05-23
2023-05-23 22:02:00,20.089998,39.950001,0.0,413,62.100002,25.6,2,2023-05-23
2023-05-23 22:32:00,19.699999,40.369999,0.0,413,62.0,25.300001,2,2023-05-23
2023-05-23 23:02:00,19.449999,41.02,0.0,413,61.900002,25.0,2,2023-05-23
2023-05-23 23:32:00,19.209999,41.889999,0.0,413,61.900002,24.700001,2,2023-05-23
2023-05-24 00:02:00,18.799999,45.829998,0.0,413,61.799999,24.5,2,2023-05-24
2023-05-24 00:32:00,18.359999,44.82,0.0,413,61.700001,24.1,2,2023-05-24
2023-05-24 01:02:00,18.039999,46.619999,0.0,413,61.600002,24.0,2,2023-05-24
2023-05-24 01:32:00,17.839998,45.129997,0.0,413,61.5,23.6,2,2023-05-24
2023-05-24 02:02:00,17.48,50.029999,0.0,413,61.5,23.5,2,2023-05-24
2023-05-24 02:32:00,17.129999,51.869999,0.0,413,61.400002,23.200001,2,2023-05-24
2023-05-24 03:02:00,16.799999,53.469997,0.0,413,61.400002,23.0,2,2023-05-24
2023-05-24 03:32:00,16.559999,51.82,0.0,413,61.299999,22.800001,2,2023-05-24
2023-05-24 04:02:00,16.389999,50.899998,0.18,413,61.299999,22.5,2,2023-05-24
2023-05-24 04:32:00,16.609999,53.959999,1.1,413,61.200001,22.300001,2,2023-05-24
2023-05-24 05:02:00,17.609999,49.439999,2.33,413,61.100002,22.1,2,2023-05-24
2023-05-24 05:32:00,18.839998,48.059998,3.14,413,61.100002,22.1,2,2023-05-24
2023-05-24 06:02:00,19.989998,45.809998,5.42,413,61.100002,22.0,2,2023-05-24
2023-05-24 06:32:00,22.779999,44.579998,9.92,413,61.100002,22.0,2,2023-05-24
2023-05-24 07:02:00,28.369999,34.630001,14.15,413,61.100002,22.1,2,2023-05-24
2023-05-24 07:32:00,33.619999,31.299999,25.01,413,61.100002,22.300001,2,2023-05-24
2023-05-24 08:02:00,32.5,19.469999,26.849998,413,61.100002,22.6,2,2023-05-24
2023-05-24 08:32:00,29.949999,22.269999,27.129999,413,61.200001,23.0,2,2023-05-24
2023-05-24 09:02:00,31.039999,22.129999,20.91,413,61.299999,23.700001,2,2023-05-24
2023-05-24 09:32:00,31.509998,20.07,11.82,413,61.400002,24.300001,2,2023-05-24
2023-05-24 10:02:00,33.359997,20.1,29.029999,413,61.400002,24.6,2,2023-05-24
2023-05-24 10:32:00,34.369999,18.690001,37.43,413,61.5,25.1,2,2023-05-24
2023-05-24 11:02:00,36.0,18.379999,29.349998,413,61.5,25.6,2,2023-05-24
2023-05-24 11:32:00,35.149998,19.77,49.52,413,61.5,26.1,2,2023-05-24
2023-05-24 12:02:00,35.57,20.52,36.459999,413,61.600002,26.800001,2,2023-05-24
2023-05-24 12:32:00,34.149998,21.699999,42.619999,413,61.700001,27.300001,2,2023-05-24
2023-05-24 13:02:00,37.0,16.299999,46.110001,413,61.700001,28.1,2,2023-05-24
2023-05-24 13:32:00,37.219997,18.35,21.279999,413,61.900002,29.400002,2,2023-05-24
2023-05-24 14:02:00,34.759998,19.4,26.57,413,62.0,30.300001,2,2023-05-24
2023-05-24 14:32:00,34.549999,18.74,25.67,413,62.0,30.700001,2,2023-05-24
2023-05-24 15:02:00,33.41,18.939999,11.349999,413,61.900002,30.700001,2,2023-05-24
2023-05-24 15:32:00,31.639997,24.629999,11.38,413,61.900002,30.6,2,2023-05-24
2023-05-24 16:02:00,30.089998,22.369999,8.08,413,61.799999,30.400002,2,2023-05-24
2023-05-24 16:32:00,30.119999,21.16,6.34,413,61.700001,30.1,2,2023-05-24
2023-05-24 17:02:00,30.669998,20.039999,4.53,413,61.700001,29.800001,2,2023-05-24
2023-05-24 17:32:00,30.339998,20.859999,3.02,413,61.5,29.6,2,2023-05-24
2023-05-24 18:02:00,29.459999,22.99,1.62,413,61.5,29.300001,2,2023-05-24
2023-05-24 18:32:00,28.419998,23.42,1.02,413,61.400002,29.1,2,2023-05-24
2023-05-24 19:02:00,27.509998,25.859999,0.12,413,61.299999,28.800001,2,2023-05-24
2023-05-24 19:32:00,26.279999,26.66,0.0,413,61.299999,28.5,2,2023-05-24
2023-05-24 20:02:00,25.219999,28.59,0.0,413,61.200001,28.1,2,2023-05-24
2023-05-24 20:32:00,24.489998,31.76,0.0,413,61.100002,27.800001,2,2023-05-24
2023-05-24 21:02:00,23.779999,32.959999,0.0,413,61.0,27.5,2,2023-05-24
2023-05-24 21:32:00,23.279999,35.329998,0.0,413,60.900002,27.200001,2,2023-05-24
2023-05-24 22:02:00,22.769999,36.829998,0.0,413,60.799999,27.0,2,2023-05-24
2023-05-24 22:32:00,22.269999,39.349998,0.0,413,60.700001,26.6,2,2023-05-24
2023-05-24 23:02:00,21.849998,39.950001,0.0,413,60.700001,26.300001,2,2023-05-24
2023-05-24 23:32:00,21.499998,42.049999,0.0,413,60.600002,26.1,2,2023-05-24
2023-05-25 00:03:00,21.419998,43.139999,0.0,413,60.5,25.800001,2,2023-05-25
2023-05-25 00:33:00,21.319998,42.489998,0.0,413,60.400002,25.6,2,2023-05-25
2023-05-25 01:03:00,21.139999,41.579998,0.0,413,60.400002,25.400002,2,2023-05-25
2023-05-25 01:33:00,20.849998,41.18,0.0,413,60.299999,25.1,2,2023-05-25
2023-05-25 02:03:00,20.48,42.48,0.0,413,60.299999,25.0,2,2023-05-25
2023-05-25 02:33:00,19.98,45.579998,0.0,413,60.200001,24.700001,2,2023-05-25
2023-05-25 03:03:00,19.579998,46.16,0.0,413,60.100002,24.5,2,2023-05-25
2023-05-25 03:33:00,19.279999,46.389999,0.0,413,60.100002,24.300001,2,2023-05-25
2023-05-25 04:03:00,19.109999,45.68,0.11,413,59.900002,24.1,2,2023-05-25
2023-05-25 04:33:00,19.069998,46.34,0.67,413,59.900002,23.900002,2,2023-05-25
2023-05-25 05:03:00,19.319998,45.209999,1.36,413,59.900002,23.700001,2,2023-05-25
2023-05-25 05:33:00,19.799999,44.049999,2.47,413,59.799999,23.6,2,2023-05-25
2023-05-25 06:03:00,20.469999,43.27,4.64,413,59.700001,23.5,2,2023-05-25
2023-05-25 06:33:00,21.599998,42.399998,4.09,413,59.700001,23.400002,2,2023-05-25
2023-05-25 07:03:00,22.339998,39.82,4.49,413,59.700001,23.400002,2,2023-05-25
2023-05-25 07:33:00,22.609999,41.079998,6.33,413,59.700001,23.5,2,2023-05-25
2023-05-25 08:03:00,24.729998,38.91,9.03,413,59.700001,23.5,2,2023-05-25
2023-05-25 08:33:00,26.149998,34.059998,18.969999,413,59.700001,23.6,2,2023-05-25
2023-05-25 09:03:00,25.939999,36.66,12.58,413,59.700001,24.0,2,2023-05-25
2023-05-25 09:33:00,26.339998,35.579998,11.99,413,59.700001,24.300001,2,2023-05-25
2023-05-25 10:03:00,26.369999,34.84,9.61,413,59.799999,24.6,2,2023-05-25
2023-05-25 10:33:00,24.109999,38.48,5.04,413,59.799999,24.800001,2,2023-05-25
2023-05-25 11:03:00,22.149998,49.869999,4.4,413,59.799999,24.800001,2,2023-05-25
2023-05-25 11:33:00,24.459999,43.98,11.87,413,59.700001,24.700001,2,2023-05-25
2023-05-25 12:03:00,25.319998,34.700001,9.82,413,59.700001,24.800001,2,2023-05-25
2023-05-25 12:33:00,25.949999,35.639999,14.589999,413,59.700001,25.0,2,2023-05-25
2023-05-25 13:03:00,28.649998,31.549999,33.419998,413,59.700001,25.300001,2,2023-05-25
2023-05-25 13:33:00,30.829998,26.269999,26.779999,413,59.799999,26.0,2,2023-05-25
2023-05-25 14:03:00,31.229998,23.99,26.99,413,59.900002,27.0,2,2023-05-25
2023-05-25 14:33:00,31.049999,24.99,22.24,413,60.0,27.700001,2,2023-05-25
2023-05-25 15:03:00,29.559998,25.809999,13.78,413,60.0,28.0,2,2023-05-25
2023-05-25 15:33:00,28.219999,26.68,11.7,413,60.0,28.0,2,2023-05-25
2023-05-25 16:03:00,26.959999,29.4,3.17,413,59.900002,27.900002,2,2023-05-25
2023-05-25 16:33:00,25.639999,30.849998,5.33,413,59.900002,27.700001,2,2023-05-25
2023-05-25 17:03:00,26.149998,30.59,4.01,413,59.799999,27.5,2,2023-05-25
2023-05-25 17:33:00,26.149998,32.809998,4.09,413,59.700001,27.300001,2,2023-05-25
2023-05-25 18:03:00,26.449999,32.790001,2.32,413,59.700001,27.200001,2,2023-05-25
2023-05-25 18:33:00,24.659998,32.649998,0.38,413,59.600002,27.0,2,2023-05-25
2023-05-25 19:03:00,23.269999,35.5,0.05,413,59.5,26.700001,2,2023-05-25
2023-05-25 19:33:00,22.499998,37.719997,0.0,413,59.5,26.400002,2,2023-05-25
2023-05-25 20:03:00,21.959999,40.129997,0.0,413,59.299999,26.1,2,2023-05-25
2023-05-25 20:33:00,21.499998,41.719997,0.0,413,59.299999,25.800001,2,2023-05-25
2023-05-25 21:03:00,21.089998,42.5,0.0,413,59.100002,25.6,2,2023-05-25
2023-05-25 21:33:00,20.769999,43.709999,0.0,413,59.100002,25.300001,2,2023-05-25
2023-05-25 22:03:00,20.119999,45.039997,0.0,413,59.0,25.0,2,2023-05-25
2023-05-25 22:33:00,19.679998,45.149998,0.0,413,58.900002,24.800001,2,2023-05-25
2023-05-25 23:03:00,19.009998,53.369999,0.0,413,58.799999,24.6,2,2023-05-25
2023-05-25 23:33:00,18.049999,60.279999,0.0,413,58.700001,24.300001,2,2023-05-25
2023-05-26 00:02:00,16.929998,65.169998,0.0,413,58.600002,23.800001,2,2023-05-26
2023-05-26 00:32:00,16.549999,68.629997,0.0,413,58.5,23.5,2,2023-05-26
2023-05-26 01:02:00,15.939999,74.199997,0.0,413,58.400002,23.300001,2,2023-05-26
2023-05-26 01:32:00,15.619999,75.949997,0.0,413,58.299999,23.0,2,2023-05-26
2023-05-26 02:02:00,15.629999,77.07,0.0,413,58.299999,22.800001,2,2023-05-26
2023-05-26 02:32:00,15.699999,77.32,0.0,413,58.200001,22.5,2,2023-05-26
2023-05-26 03:02:00,15.739999,76.409996,0.0,413,58.100002,22.300001,2,2023-05-26
2023-05-26 03:32:00,15.809999,74.400002,0.04,413,58.100002,22.1,2,2023-05-26
2023-05-26 04:02:00,15.839999,74.830002,0.25,413,58.0,21.900002,2,2023-05-26
2023-05-26 04:32:00,16.119999,74.970001,0.49,413,57.900002,21.700001,2,2023-05-26
2023-05-26 05:02:00,16.379999,74.869995,1.36,413,57.900002,21.6,2,2023-05-26
2023-05-26 05:32:00,17.329998,73.589996,5.55,413,57.900002,21.5,2,2023-05-26
2023-05-26 06:02:00,19.389999,68.68,6.06,413,57.900002,21.5,2,2023-05-26
2023-05-26 06:32:00,22.859999,60.66,6.89,413,57.900002,21.5,2,2023-05-26
2023-05-26 07:02:00,28.359999,50.59,22.549999,413,57.900002,21.6,2,2023-05-26
2023-05-26 07:32:00,33.75,40.739998,28.389999,413,57.900002,21.900002,2,2023-05-26
2023-05-26 08:02:00,28.599998,40.189999,28.48,413,58.0,22.400002,2,2023-05-26
2023-05-26 08:32:00,27.669998,41.529999,32.599998,413,58.100002,22.900002,2,2023-05-26
2023-05-26 09:02:00,28.409998,38.93,14.969999,413,58.200001,23.6,2,2023-05-26
2023-05-26 09:32:00,29.759998,34.119999,44.84,413,58.299999,24.300001,2,2023-05-26
2023-05-26 10:02:00,30.999998,29.059999,39.799999,413,58.299999,24.800001,2,2023-05-26
2023-05-26 10:32:00,31.299999,26.4,38.139999,413,58.400002,25.400002,2,2023-05-26
2023-05-26 11:02:00,32.16,25.0,49.899998,413,58.5,26.300001,2,2023-05-26
2023-05-26 11:32:00,32.929996,25.309999,42.959999,413,58.700001,27.300001,2,2023-05-26
2023-05-26 12:02:00,34.619999,23.959999,47.759998,413,58.799999,28.5,2,2023-05-26
2023-05-26 12:32:00,34.459999,22.83,14.24,413,59.0,29.700001,2,2023-05-26
2023-05-26 13:02:00,32.809998,24.449999,29.09,413,59.100002,30.5,2,2023-05-26
2023-05-26 13:32:00,33.73,26.99,38.309998,413,59.100002,31.0,2,2023-05-26
2023-05-26 14:02:00,33.519997,28.34,33.459999,413,59.100002,31.700001,2,2023-05-26
2023-05-26 14:32:00,32.399998,28.49,18.34,413,59.0,31.6,2,2023-05-26
2023-05-26 15:02:00,31.589998,23.83,19.869999,413,58.900002,31.5,2,2023-05-26
2023-05-26 15:32:00,29.459999,31.599998,7.38,413,58.700001,31.1,2,2023-05-26
2023-05-26 16:02:00,28.749998,25.289999,5.88,413,58.600002,30.900002,2,2023-05-26
2023-05-26 16:32:00,30.919998,26.529999,5.42,413,58.5,30.700001,2,2023-05-26
2023-05-26 17:02:00,32.66,26.769999,4.01,413,58.400002,30.5,2,2023-05-26
2023-05-26 17:32:00,31.859999,29.269999,1.93,413,58.299999,30.300001,2,2023-05-26
2023-05-26 18:02:00,29.459999,35.450001,0.76,413,58.200001,30.0,2,2023-05-26
2023-05-26 18:32:00,27.029999,36.959999,0.15,413,58.100002,29.6,2,2023-05-26
2023-05-26 19:02:00,24.619999,42.399998,0.0,413,57.900002,29.1,2,2023-05-26
2023-05-26 19:32:00,22.709999,46.539997,0.0,413,57.799999,28.800001,2,2023-05-26
2023-05-26 20:02:00,21.299999,52.439999,0.0,413,57.600002,28.300001,2,2023-05-26
2023-05-26 20:32:00,20.119999,55.879997,0.0,413,57.5,27.800001,2,2023-05-26
2023-05-26 21:02:00,19.159998,57.110001,0.0,413,57.400002,27.400002,2,2023-05-26
2023-05-26 21:32:00,18.459999,59.899998,0.0,413,57.200001,27.0,2,2023-05-26
2023-05-26 22:02:00,17.909998,60.079998,0.0,413,57.100002,26.5,2,2023-05-26
2023-05-26 22:32:00,18.199999,59.59,0.0,413,56.900002,26.1,2,2023-05-26
2023-05-26 23:02:00,18.159998,57.029999,0.0,413,56.799999,25.700001,2,2023-05-26
2023-05-26 23:32:00,17.849998,56.949997,0.0,413,56.700001,25.400002,2,2023-05-26
2023-05-27 00:02:00,18.179998,53.239998,0.0,413,56.600002,25.1,2,2023-05-27
2023-05-27 00:32:00,18.449999,52.309998,0.0,413,56.5,24.800001,2,2023-05-27
2023-05-27 01:02:00,18.259998,51.139999,0.0,413,56.400002,24.5,2,2023-05-27
2023-05-27 01:32:00,18.019999,54.27,0.0,413,56.299999,24.300001,2,2023-05-27
2023-05-27 02:02:00,18.119999,56.43,0.0,413,56.200001,24.0,2,2023-05-27
2023-05-27 02:32:00,18.189999,51.539997,0.0,413,56.100002,23.800001,2,2023-05-27
2023-05-27 03:02:00,18.139999,49.719997,0.0,413,56.100002,23.6,2,2023-05-27
2023-05-27 03:32:00,17.859999,50.989998,0.25,413,56.0,23.400002,2,2023-05-27
2023-05-27 04:02:00,17.599998,56.789997,0.9,413,55.900002,23.200001,2,2023-05-27
2023-05-27 04:32:00,17.699999,56.779999,1.84,413,55.900002,23.0,2,2023-05-27
2023-05-27 05:02:00,18.809999,56.09,3.79,413,55.799999,22.900002,2,2023-05-27
2023-05-27 05:32:00,20.369999,52.629997,2.67,413,55.799999,22.800001,2,2023-05-27
2023-05-27 06:02:00,21.319998,50.41,4.8,413,55.700001,22.800001,2,2023-05-27
2023-05-27 06:32:00,23.309999,50.48,7.43,413,55.700001,22.800001,2,2023-05-27
2023-05-27 07:02:00,26.679998,51.449997,14.16,413,55.700001,23.0,2,2023-05-27
2023-05-27 07:32:00,29.649998,45.91,14.9,413,55.799999,23.200001,2,2023-05-27
2023-05-27 08:02:00,29.149998,27.599998,22.189999,413,55.799999,23.5,2,2023-05-27
2023-05-27 08:32:00,27.499998,31.49,20.049999,413,55.900002,23.900002,2,2023-05-27
2023-05-27 09:02:00,27.619999,30.24,19.0,413,55.900002,24.300001,2,2023-05-27
2023-05-27 09:32:00,28.409998,32.009998,32.389999,413,55.900002,24.800001,2,2023-05-27
2023-05-27 10:02:00,28.759998,30.039999,37.16,413,56.0,25.200001,2,2023-05-27
2023-05-27 10:32:00,29.869999,24.439999,34.0,413,56.0,25.700001,2,2023-05-27
2023-05-27 11:02:00,32.369999,23.039999,42.68,413,56.100002,26.5,2,2023-05-27
2023-05-27 11:32:00,34.039997,17.049999,40.27,413,56.200001,27.400002,2,2023-05-27
2023-05-27 12:02:00,35.25,16.09,50.450001,413,56.299999,28.400002,2,2023-05-27
2023-05-27 12:32:00,36.73,14.94,52.84,413,56.400002,29.6,2,2023-05-27
2023-05-27 13:02:00,35.579998,15.429999,40.110001,413,56.600002,30.700001,2,2023-05-27
2023-05-27 13:32:00,33.769997,16.43,26.379999,413,56.600002,31.1,2,2023-05-27
2023-05-27 14:02:00,33.189999,15.78,19.85,413,56.5,31.1,2,2023-05-27
2023-05-27 14:32:00,30.659998,21.689999,9.37,413,56.400002,31.0,2,2023-05-27
2023-05-27 15:02:00,30.139997,33.110001,20.059999,413,56.299999,30.800001,2,2023-05-27
2023-05-27 15:32:00,29.389999,32.709999,8.69,413,56.100002,30.700001,2,2023-05-27
2023-05-27 16:02:00,28.169998,32.290001,7.23,413,56.100002,30.5,2,2023-05-27
2023-05-27 16:32:00,27.929998,32.200001,4.77,413,55.900002,30.1,2,2023-05-27
2023-05-27 17:02:00,27.159998,34.809998,2.12,413,55.900002,29.900002,2,2023-05-27
2023-05-27 17:32:00,25.979998,37.079998,1.74,413,55.700001,29.5,2,2023-05-27
2023-05-27 18:02:00,25.379999,37.669998,0.51,413,55.600002,29.1,2,2023-05-27
2023-05-27 18:32:00,24.499998,41.09,0.12,413,55.5,28.800001,2,2023-05-27
2023-05-27 19:02:00,23.479998,45.329998,0.0,413,55.400002,28.300001,2,2023-05-27
2023-05-27 19:32:00,22.73,50.25,0.0,413,55.200001,28.0,2,2023-05-27
2023-05-27 20:02:00,21.819998,53.949997,0.0,413,55.100002,27.6,2,2023-05-27
2023-05-27 20:32:00,21.239998,57.23,0.0,413,55.0,27.300001,2,2023-05-27
2023-05-27 21:02:00,20.779999,58.52,0.0,413,54.799999,26.900002,2,2023-05-27
2023-05-27 21:32:00,19.909998,60.579998,0.0,413,54.700001,26.6,2,2023-05-27
2023-05-27 22:02:00,19.289999,64.669998,0.0,413,54.600002,26.200001,2,2023-05-27
2023-05-27 22:32:00,18.949999,68.129997,0.0,413,54.5,25.900002,2,2023-05-27
2023-05-27 23:02:00,18.829998,70.269997,0.0,413,54.400002,25.6,2,2023-05-27
2023-05-27 23:32:00,18.839998,68.479996,0.0,413,54.299999,25.300001,2,2023-05-27
2023-05-28 00:02:00,18.709999,69.339996,0.0,413,54.200001,25.0,2,2023-05-28
2023-05-28 00:32:00,18.709999,67.82,0.0,413,54.100002,24.800001,2,2023-05-28
2023-05-28 01:02:00,18.469999,69.720001,0.0,413,54.0,24.5,2,2023-05-28
2023-05-28 01:32:00,17.909998,72.43,0.0,413,53.900002,24.300001,2,2023-05-28
2023-05-28 02:02:00,17.48,76.029999,0.0,413,53.799999,24.1,2,2023-05-28
2023-05-28 02:32:00,17.379999,59.84,0.0,413,53.799999,23.800001,2,2023-05-28
2023-05-28 03:02:00,17.249998,52.25,0.01,413,53.600002,23.6,2,2023-05-28
2023-05-28 03:32:00,17.059999,51.829998,0.32,413,53.600002,23.300001,2,2023-05-28
2023-05-28 04:02:00,17.029999,50.049999,1.12,413,53.5,23.1,2,2023-05-28
2023-05-28 04:32:00,17.669998,52.279999,1.95,413,53.400002,22.900002,2,2023-05-28
2023-05-28 05:02:00,19.089998,57.039997,2.75,413,53.299999,22.800001,2,2023-05-28
2023-05-28 05:32:00,21.159998,50.599998,5.68,413,53.299999,22.700001,2,2023-05-28
2023-05-28 06:02:00,24.029999,44.709999,12.009999,413,53.299999,22.700001,2,2023-05-28
2023-05-28 06:32:00,28.679998,37.02,12.4,413,53.299999,22.700001,2,2023-05-28
2023-05-28 07:02:00,32.189999,38.119999,25.91,413,53.299999,22.900002,2,2023-05-28
2023-05-28 07:32:00,31.459999,24.939999,28.709999,413,53.299999,23.200001,2,2023-05-28
2023-05-28 08:02:00,31.859999,25.65,25.459999,413,53.299999,23.6,2,2023-05-28
2023-05-28 08:32:00,31.229998,27.129999,13.34,413,53.299999,24.0,2,2023-05-28
2023-05-28 09:02:00,32.039997,23.49,9.75,413,53.400002,24.300001,2,2023-05-28
2023-05-28 09:32:00,32.809998,22.6,19.309999,413,53.400002,24.6,2,2023-05-28
2023-05-28 10:02:00,33.399998,19.219999,25.74,413,53.400002,24.800001,2,2023-05-28
2023-05-28 10:32:00,34.799999,19.939999,34.18,413,53.400002,25.200001,2,2023-05-28
2023-05-28 11:02:00,36.669998,17.01,47.360001,413,53.400002,25.6,2,2023-05-28
2023-05-28 11:32:00,38.529999,18.33,44.259998,413,53.400002,26.1,2,2023-05-28
2023-05-28 12:02:00,37.019997,14.799999,49.149998,413,53.5,26.6,2,2023-05-28
2023-05-28 12:32:00,35.549999,17.359999,49.299999,413,53.5,27.300001,2,2023-05-28
2023-05-28 13:02:00,36.59,16.67,30.469999,413,53.799999,28.700001,2,2023-05-28
2023-05-28 13:32:00,36.619999,15.46,42.799999,413,54.0,30.0,2,2023-05-28
2023-05-28 14:02:00,36.0,17.279999,37.099998,413,54.100002,31.1,2,2023-05-28
2023-05-28 14:32:00,34.169998,16.82,16.27,413,54.0,31.0,2,2023-05-28
2023-05-28 15:02:00,33.41,16.389999,20.17,413,53.900002,30.800001,2,2023-05-28
2023-05-28 15:32:00,31.859999,19.58,5.63,413,53.799999,30.5,2,2023-05-28
2023-05-28 16:02:00,31.069998,18.959999,5.11,413,53.600002,30.200001,2,2023-05-28
2023-05-28 16:32:00,33.329998,28.57,6.91,413,53.5,30.200001,2,2023-05-28
2023-05-28 17:02:00,35.369999,25.33,4.18,413,53.5,30.200001,2,2023-05-28
2023-05-28 17:32:00,33.82,25.879999,1.89,413,53.400002,30.1,2,2023-05-28
2023-05-28 18:02:00,30.879999,32.739998,0.87,413,53.299999,29.800001,2,2023-05-28
2023-05-28 18:32:00,27.739998,37.41,0.21,413,53.200001,29.5,2,2023-05-28
2023-05-28 19:02:00,24.899998,41.959999,0.0,413,53.100002,29.1,2,2023-05-28
2023-05-28 19:32:00,23.719999,43.899998,0.0,413,52.900002,28.700001,2,2023-05-28
2023-05-28 20:02:00,22.679998,45.68,0.0,413,52.799999,28.300001,2,2023-05-28
2023-05-28 20:32:00,21.879999,45.189999,0.0,413,52.600002,27.900002,2,2023-05-28
2023-05-28 21:02:00,21.119999,45.07,0.0,413,52.5,27.5,2,2023-05-28
2023-05-28 21:32:00,20.529999,48.289997,0.0,413,52.400002,27.1,2,2023-05-28
2023-05-28 22:02:00,19.829998,51.099998,0.0,413,52.299999,26.700001,2,2023-05-28
2023-05-28 22:32:00,19.15,53.199997,0.0,413,52.100002,26.300001,2,2023-05-28
2023-05-28 23:02:00,18.309999,55.559998,0.0,413,52.0,26.0,2,2023-05-28
2023-05-28 23:32:00,17.539999,60.259998,0.0,413,51.799999,25.6,2,2023-05-28
2023-05-29 00:02:00,17.329998,61.009998,0.0,413,51.700001,25.300001,2,2023-05-29
2023-05-29 00:32:00,17.199999,59.949997,0.0,413,51.600002,25.0,2,2023-05-29
2023-05-29 01:02:00,16.889999,62.02,0.0,413,51.5,24.6,2,2023-05-29
2023-05-29 01:32:00,16.73,61.059998,0.0,413,51.400002,24.300001,2,2023-05-29
2023-05-29 02:02:00,16.329998,62.579998,0.0,413,51.299999,24.0,2,2023-05-29
2023-05-29 02:32:00,15.819999,65.010002,0.0,413,51.100002,23.700001,2,2023-05-29
2023-05-29 03:02:00,15.039999,68.18,0.01,413,51.0,23.5,2,2023-05-29
2023-05-29 03:32:00,14.539999,70.989998,0.31,413,50.900002,23.1,2,2023-05-29
2023-05-29 04:02:00,14.539999,73.93,1.02,413,50.799999,22.800001,2,2023-05-29
2023-05-29 04:32:00,15.669999,72.869995,1.84,413,50.700001,22.6,2,2023-05-29
2023-05-29 05:02:00,17.789999,71.0,2.59,413,50.700001,22.5,2,2023-05-29
2023-05-29 05:32:00,20.779999,62.809998,5.65,413,50.700001,22.5,2,2023-05-29
2023-05-29 06:02:00,24.459999,63.849998,12.46,413,50.700001,22.5,2,2023-05-29
2023-05-29 06:32:00,30.219999,42.939999,13.11,413,50.700001,22.6,2,2023-05-29
2023-05-29 07:02:00,34.529999,33.899998,25.76,413,50.700001,22.900002,2,2023-05-29
2023-05-29 07:32:00,30.849998,28.65,29.059999,413,50.799999,23.200001,2,2023-05-29
2023-05-29 08:02:00,31.049999,27.879999,31.809999,413,50.799999,23.5,2,2023-05-29
2023-05-29 08:32:00,31.849998,26.66,29.139999,413,50.799999,24.1,2,2023-05-29
2023-05-29 09:02:00,32.209999,25.559999,12.34,413,50.799999,24.5,2,2023-05-29
2023-05-29 09:32:00,33.389999,22.16,42.919998,413,50.900002,24.800001,2,2023-05-29
2023-05-29 10:02:00,34.519997,23.35,38.419998,413,50.900002,25.1,2,2023-05-29
2023-05-29 10:32:00,35.039997,18.58,38.439999,413,51.0,25.5,2,2023-05-29
2023-05-29 11:02:00,35.75,21.83,49.219997,413,51.0,25.900002,2,2023-05-29
2023-05-29 11:32:00,37.66,19.1,48.059998,413,51.0,26.300001,2,2023-05-29
2023-05-29 12:02:00,36.889999,14.83,52.639999,413,51.200001,27.1,2,2023-05-29
2023-05-29 12:32:00,36.519997,17.969999,5.59,413,51.5,28.1,2,2023-05-29
2023-05-29 13:02:00,33.869999,20.869999,13.29,413,51.799999,28.900002,2,2023-05-29
2023-05-29 13:32:00,36.0,19.75,45.599998,413,52.0,29.400002,2,2023-05-29
2023-05-29 14:02:00,31.679998,26.359999,40.259998,413,52.400002,30.1,2,2023-05-29
2023-05-29 14:32:00,31.849998,28.58,20.059999,413,52.400002,29.900002,2,2023-05-29
2023-05-29 15:02:00,32.639999,18.969999,20.449999,413,52.400002,29.5,2,2023-05-29
2023-05-29 15:32:00,31.729998,18.17,6.73,413,52.400002,29.200001,2,2023-05-29
2023-05-29 16:02:00,28.679998,21.609999,4.33,413,52.600002,29.0,2,2023-05-29
2023-05-29 16:32:00,28.959999,24.539999,0.91,413,52.900002,28.6,2,2023-05-29
2023-05-29 17:02:00,27.779999,30.939999,0.34,413,53.200001,28.300001,2,2023-05-29
2023-05-29 17:32:00,24.779999,40.07,0.2,413,53.5,28.0,2,2023-05-29
2023-05-29 18:02:00,22.569998,45.52,0.15,413,53.900002,27.6,2,2023-05-29
2023-05-29 18:32:00,21.789999,49.759998,0.1,413,54.100002,27.1,2,2023-05-29
2023-05-29 19:02:00,20.959999,54.789997,0.0,413,54.400002,26.800001,2,2023-05-29
2023-05-29 19:32:00,19.799999,60.039997,0.0,413,54.600002,26.5,2,2023-05-29
2023-05-29 20:02:00,18.9,64.349998,0.0,413,54.799999,26.1,2,2023-05-29
2023-05-29 20:32:00,18.459999,69.309998,0.0,413,55.0,25.700001,2,2023-05-29
2023-05-29 21:02:00,18.48,69.529999,0.0,413,55.100002,25.400002,2,2023-05-29
2023-05-29 21:32:00,18.309999,70.489998,0.0,413,55.200001,25.1,2,2023-05-29
2023-05-29 22:02:00,18.089998,70.299995,0.0,413,55.299999,24.800001,2,2023-05-29
2023-05-29 22:32:00,17.9,68.439995,0.0,413,55.400002,24.6,2,2023-05-29
2023-05-29 23:02:00,17.849998,66.279999,0.0,413,55.5,24.300001,2,2023-05-29
2023-05-29 23:32:00,17.48,68.559998,0.0,413,55.5,24.0,2,2023-05-29
2023-05-30 00:02:00,16.939999,70.489998,0.0,413,55.600002,23.800001,2,2023-05-30
2023-05-30 00:32:00,16.48,73.299995,0.0,413,55.600002,23.5,2,2023-05-30
2023-05-30 01:02:00,15.939999,75.209999,0.0,413,55.700001,23.300001,2,2023-05-30
2023-05-30 01:32:00,15.489999,75.830002,0.0,413,55.700001,23.1,2,2023-05-30
2023-05-30 02:02:00,15.219998,77.57,0.0,413,55.700001,22.800001,2,2023-05-30
2023-05-30 02:32:00,14.759998,77.699997,0.0,413,55.700001,22.6,2,2023-05-30
2023-05-30 03:02:00,14.459999,78.830002,0.01,413,55.700001,22.300001,2,2023-05-30
2023-05-30 03:32:00,14.199999,79.549995,0.27,413,55.700001,22.1,2,2023-05-30
2023-05-30 04:02:00,14.209999,81.080002,0.86,413,55.700001,21.900002,2,2023-05-30
2023-05-30 04:32:00,14.999999,82.209999,1.56,413,55.700001,21.700001,2,2023-05-30
2023-05-30 05:02:00,16.859999,80.339996,2.38,413,55.799999,21.6,2,2023-05-30
2023-05-30 05:32:00,19.929998,74.949997,5.5,413,55.799999,21.6,2,2023-05-30
2023-05-30 06:02:00,23.889999,70.339996,12.44,413,55.900002,21.6,2,2023-05-30
2023-05-30 06:32:00,30.019999,69.389999,12.95,413,55.900002,21.800001,2,2023-05-30
2023-05-30 07:02:00,35.279999,61.0,24.83,413,56.100002,22.1,2,2023-05-30
2023-05-30 07:32:00,28.749998,33.610001,29.019999,413,56.100002,22.300001,2,2023-05-30
2023-05-30 08:02:00,29.719999,30.07,31.559999,413,56.200001,22.6,2,2023-05-30
2023-05-30 08:32:00,31.789999,25.369999,30.82,413,56.299999,22.900002,2,2023-05-30
2023-05-30 09:02:00,32.07,26.4,12.98,413,56.299999,23.300001,2,2023-05-30
2023-05-30 09:32:00,34.16,28.17,44.549999,413,56.400002,23.700001,2,2023-05-30
2023-05-30 10:02:00,35.779999,22.16,39.709999,413,56.5,24.200001,2,2023-05-30
2023-05-30 10:32:00,35.989998,20.279999,44.700001,413,56.600002,24.6,2,2023-05-30
2023-05-30 11:02:00,36.799999,18.809999,53.899998,413,56.700001,25.300001,2,2023-05-30
2023-05-30 11:32:00,36.459999,17.0,53.579998,413,56.799999,26.1,2,2023-05-30
2023-05-30 12:02:00,37.959999,16.609999,55.610001,413,57.0,27.1,2,2023-05-30
2023-05-30 12:32:00,37.82,16.92,8.23,413,57.299999,28.200001,2,2023-05-30
2023-05-30 13:02:00,34.689999,17.91,34.829998,413,57.5,29.300001,2,2023-05-30
2023-05-30 13:32:00,32.459999,16.529999,46.099998,413,57.600002,30.300001,2,2023-05-30
2023-05-30 14:02:00,33.259998,15.58,39.439999,413,57.700001,31.1,2,2023-05-30
2023-05-30 14:32:00,32.399998,15.29,17.07,413,57.700001,31.1,2,2023-05-30
2023-05-30 15:02:00,31.859999,15.48,21.08,413,57.600002,30.800001,2,2023-05-30
2023-05-30 15:32:00,25.309999,38.290001,6.58,413,57.5,30.6,2,2023-05-30
2023-05-30 16:02:00,22.799999,42.43,4.71,413,57.400002,30.1,2,2023-05-30
2023-05-30 16:32:00,29.919998,53.309998,4.31,413,57.299999,29.800001,2,2023-05-30
2023-05-30 17:02:00,32.609997,44.809998,3.78,413,57.200001,29.6,2,2023-05-30
2023-05-30 17:32:00,32.34,43.939999,1.89,413,57.200001,29.300001,2,2023-05-30
2023-05-30 18:02:00,29.979998,48.59,0.84,413,57.0,29.1,2,2023-05-30
2023-05-30 18:32:00,26.289999,56.93,0.21,413,57.0,28.6,2,2023-05-30
2023-05-30 19:02:00,23.449999,63.18,0.0,413,56.799999,28.300001,2,2023-05-30
2023-05-30 19:32:00,21.549999,66.699997,0.0,413,56.700001,27.800001,2,2023-05-30
2023-05-30 20:02:00,20.209999,69.010002,0.0,413,56.600002,27.400002,2,2023-05-30
2023-05-30 20:32:00,19.209999,70.159996,0.0,413,56.400002,27.0,2,2023-05-30
2023-05-30 21:02:00,18.409998,70.279999,0.0,413,56.299999,26.5,2,2023-05-30
2023-05-30 21:32:00,17.799999,71.589996,0.0,413,56.299999,26.1,2,2023-05-30
2023-05-30 22:02:00,17.299999,71.900002,0.0,413,56.100002,25.700001,2,2023-05-30
2023-05-30 22:32:00,16.929998,72.229996,0.0,413,56.0,25.300001,2,2023-05-30
2023-05-30 23:02:00,16.579998,73.68,0.0,413,55.900002,25.0,2,2023-05-30
2023-05-30 23:32:00,19.4,75.860001,0.0,413,59.900002,23.5,2,2023-05-30
2023-05-01 00:02:00,12.829999,84.779999,0.0,413,54.799999,17.900002,3,2023-05-01
2023-05-01 00:32:00,12.549999,85.159996,0.0,413,54.700001,17.700001,3,2023-05-01
2023-05-01 01:02:00,12.419999,86.330002,0.0,413,54.600002,17.5,3,2023-05-01
2023-05-01 01:32:00,12.369999,86.580002,0.0,413,54.5,17.400002,3,2023-05-01
2023-05-01 02:02:00,12.269999,86.07,0.0,413,54.5,17.200001,3,2023-05-01
2023-05-01 02:32:00,12.099998,85.279999,0.0,413,54.400002,17.1,3,2023-05-01
2023-05-01 03:02:00,11.849998,84.330002,0.0,413,54.299999,17.0,3,2023-05-01
2023-05-01 03:32:00,11.599998,84.339996,0.0,413,54.299999,16.800001,3,2023-05-01
2023-05-01 04:02:00,11.349998,84.449997,0.0,413,54.299999,16.6,3,2023-05-01
2023-05-01 04:32:00,11.149999,84.360001,0.12,413,54.100002,16.5,3,2023-05-01
2023-05-01 05:02:00,11.069999,84.619995,0.61,413,54.100002,16.300001,3,2023-05-01
2023-05-01 05:32:00,11.439999,86.0,1.44,413,54.100002,16.200001,3,2023-05-01
2023-05-01 06:02:00,12.629999,87.989998,2.61,413,54.0,16.1,3,2023-05-01
2023-05-01 06:32:00,14.659999,83.849998,4.16,413,54.0,16.1,3,2023-05-01
2023-05-01 07:02:00,17.679998,77.290001,6.14,413,54.299999,16.200001,3,2023-05-01
2023-05-01 07:32:00,22.649998,71.389999,17.699999,413,54.299999,16.400002,3,2023-05-01
2023-05-01 08:02:00,28.509998,61.609997,27.799999,413,54.400002,16.800001,3,2023-05-01
2023-05-01 08:32:00,30.039999,35.27,12.559999,413,54.5,17.6,3,2023-05-01
2023-05-01 09:02:00,28.829998,33.0,15.58,413,54.799999,18.200001,3,2023-05-01
2023-05-01 09:32:00,30.169998,29.779999,17.0,413,55.0,18.900002,3,2023-05-01
2023-05-01 10:02:00,32.239998,27.019999,13.44,413,55.200001,19.5,3,2023-05-01
2023-05-01 10:32:00,33.57,23.43,13.599999,413,55.400002,20.1,3,2023-05-01
2023-05-01 11:02:00,34.029999,20.73,14.969999,413,55.5,20.800001,3,2023-05-01
2023-05-01 11:32:00,33.769997,23.09,20.539999,413,55.700001,21.5,3,2023-05-01
2023-05-01 12:02:00,34.549999,20.77,24.209999,413,55.900002,22.1,3,2023-05-01
2023-05-01 12:32:00,32.139999,22.309999,40.16,413,56.100002,22.800001,3,2023-05-01
2023-05-01 13:02:00,30.979998,26.019999,28.57,413,56.200001,23.1,3,2023-05-01
2023-05-01 13:32:00,29.949999,25.32,6.96,413,56.299999,23.400002,3,2023-05-01
2023-05-01 14:02:00,29.149998,24.92,13.53,413,56.299999,23.6,3,2023-05-01
2023-05-01 14:32:00,28.569998,26.15,14.96,413,56.400002,23.800001,3,2023-05-01
2023-05-01 15:02:00,28.639999,22.959999,5.44,413,56.700001,24.400002,3,2023-05-01
2023-05-01 15:32:00,28.809998,22.289999,4.02,413,57.100002,25.0,3,2023-05-01
2023-05-01 16:02:00,28.029999,22.48,9.82,413,57.400002,25.200001,3,2023-05-01
2023-05-01 16:32:00,29.419998,40.169998,2.66,413,57.600002,25.1,3,2023-05-01
2023-05-01 17:02:00,29.859999,45.0,1.87,413,57.700001,25.0,3,2023-05-01
2023-05-01 17:32:00,28.909998,44.239998,1.02,413,57.900002,24.900002,3,2023-05-01
2023-05-01 18:02:00,27.129999,50.48,0.52,413,57.900002,24.700001,3,2023-05-01
2023-05-01 18:32:00,25.069998,55.82,0.08,413,58.0,24.5,3,2023-05-01
2023-05-01 19:02:00,23.069998,61.16,0.0,413,58.100002,24.200001,3,2023-05-01
2023-05-01 19:32:00,21.499998,66.220001,0.0,413,58.100002,23.900002,3,2023-05-01
2023-05-01 20:02:00,20.319998,68.699997,0.0,413,58.100002,23.6,3,2023-05-01
2023-05-01 20:32:00,19.4,70.369995,0.0,413,58.100002,23.300001,3,2023-05-01
2023-05-01 21:02:00,18.609999,73.019997,0.0,413,58.100002,23.0,3,2023-05-01
2023-05-01 21:32:00,18.009998,72.489998,0.0,413,58.0,22.700001,3,2023-05-01
2023-05-01 22:02:00,17.469999,74.459999,0.0,413,57.900002,22.400002,3,2023-05-01
2023-05-01 22:32:00,16.98,74.779999,0.0,413,57.900002,22.1,3,2023-05-01
2023-05-01 23:02:00,16.429998,75.290001,0.0,413,57.900002,21.900002,3,2023-05-01
2023-05-01 23:32:00,15.989999,75.059998,0.0,413,57.700001,21.6,3,2023-05-01
2023-05-02 00:02:00,15.559999,75.909996,0.0,413,57.700001,21.300001,3,2023-05-02
2023-05-02 00:32:00,15.199999,76.599998,0.0,413,57.600002,21.1,3,2023-05-02
2023-05-02 01:02:00,14.939999,77.119995,0.0,413,57.400002,20.800001,3,2023-05-02
2023-05-02 01:32:00,14.669999,77.610001,0.0,413,57.400002,20.6,3,2023-05-02
2023-05-02 02:02:00,14.499999,78.409996,0.0,413,57.5,20.300001,3,2023-05-02
2023-05-02 02:32:00,14.339999,78.629997,0.0,413,57.200001,20.1,3,2023-05-02
2023-05-02 03:02:00,14.169999,79.32,0.0,413,57.299999,19.900002,3,2023-05-02
2023-05-02 03:32:00,14.019999,79.869995,0.0,413,57.0,19.700001,3,2023-05-02
2023-05-02 04:02:00,13.859999,80.209999,0.0,413,57.0,19.5,3,2023-05-02
2023-05-02 04:32:00,13.829999,81.150002,0.13,413,56.900002,19.300001,3,2023-05-02
2023-05-02 05:02:00,13.919999,82.309998,0.66,413,56.799999,19.1,3,2023-05-02
2023-05-02 05:32:00,14.669999,83.049995,1.63,413,56.799999,19.0,3,2023-05-02
2023-05-02 06:02:00,16.039999,80.629997,1.87,413,57.0,18.900002,3,2023-05-02
2023-05-02 06:32:00,17.869999,72.709999,3.87,413,56.900002,18.900002,3,2023-05-02
2023-05-02 07:02:00,20.719999,64.639999,5.8,413,56.900002,19.0,3,2023-05-02
2023-05-02 07:32:00,26.169998,59.009998,15.27,413,56.799999,19.1,3,2023-05-02
2023-05-02 08:02:00,31.509998,50.539997,27.92,413,56.900002,19.5,3,2023-05-02
2023-05-02 08:32:00,34.269997,27.65,16.51,413,57.0,20.0,3,2023-05-02
2023-05-02 09:02:00,30.839998,26.889999,17.93,413,57.200001,20.700001,3,2023-05-02
2023-05-02 09:32:00,28.939999,29.429998,17.99,413,57.299999,21.300001,3,2023-05-02
2023-05-02 10:02:00,31.049999,25.33,29.359999,413,57.400002,21.800001,3,2023-05-02
2023-05-02 10:32:00,37.439999,19.82,25.459999,413,57.799999,23.400002,3,2023-05-02
2023-05-02 11:02:00,37.349998,21.24,24.889999,413,58.0,24.5,3,2023-05-02
2023-05-02 11:32:00,39.139999,26.68,26.379999,413,58.200001,25.400002,3,2023-05-02
2023-05-02 12:02:00,40.389999,32.73,14.15,413,58.299999,26.1,3,2023-05-02
2023-05-02 12:32:00,40.009998,31.459999,13.54,413,58.400002,26.5,3,2023-05-02
2023-05-02 13:02:00,38.419998,22.869999,17.68,413,58.5,26.800001,3,2023-05-02
2023-05-02 13:32:00,32.849998,24.09,2.69,413,58.600002,27.1,3,2023-05-02
2023-05-02 14:02:00,28.839998,28.689999,8.63,413,58.5,27.0,3,2023-05-02
2023-05-02 14:32:00,31.469999,25.74,10.309999,413,58.5,27.0,3,2023-05-02
2023-05-02 15:02:00,33.489998,22.279999,12.429999,413,58.700001,27.5,3,2023-05-02
2023-05-02 15:32:00,35.099998,27.49,6.73,413,58.700001,27.900002,3,2023-05-02
2023-05-02 16:02:00,33.709999,27.599998,1.36,413,58.700001,27.900002,3,2023-05-02
2023-05-02 16:32:00,31.529999,28.59,1.37,413,58.700001,27.800001,3,2023-05-02
2023-05-02 17:02:00,29.709999,32.649998,0.57,413,58.700001,27.5,3,2023-05-02
2023-05-02 17:32:00,28.039999,35.399998,0.35,413,58.5,27.200001,3,2023-05-02
2023-05-02 18:02:00,26.679998,37.52,0.05,413,58.5,26.900002,3,2023-05-02
2023-05-02 18:32:00,25.229998,40.110001,0.0,413,58.400002,26.6,3,2023-05-02
2023-05-02 19:02:00,24.169998,43.959999,0.0,413,58.5,26.300001,3,2023-05-02
2023-05-02 19:32:00,23.469999,41.009998,0.0,413,58.200001,26.0,3,2023-05-02
2023-05-02 20:02:00,22.499998,45.049999,0.0,413,58.299999,25.6,3,2023-05-02
2023-05-02 20:32:00,21.509998,52.169998,0.0,413,58.299999,25.300001,3,2023-05-02
2023-05-02 21:02:00,20.829998,63.639999,0.0,413,58.200001,25.0,3,2023-05-02
2023-05-02 21:32:00,20.409998,69.839996,0.0,413,58.100002,24.800001,3,2023-05-02
2023-05-02 22:02:00,20.109999,73.580002,0.0,413,58.0,24.5,3,2023-05-02
2023-05-02 22:32:00,19.839998,76.229996,0.0,413,57.900002,24.200001,3,2023-05-02
2023-05-02 23:02:00,19.469999,77.439995,0.0,413,57.900002,24.0,3,2023-05-02
2023-05-02 23:32:00,19.139999,77.479996,0.0,413,57.799999,23.700001,3,2023-05-02
2023-05-03 00:02:00,18.829998,70.650002,0.0,413,57.700001,23.5,3,2023-05-03
2023-05-03 00:32:00,18.549999,71.619995,0.0,413,57.600002,23.200001,3,2023-05-03
2023-05-03 01:02:00,18.269999,71.849998,0.0,413,57.600002,23.0,3,2023-05-03
2023-05-03 01:32:00,17.999998,70.659996,0.0,413,57.5,22.800001,3,2023-05-03
2023-05-03 02:02:00,17.809999,70.330002,0.0,413,57.400002,22.5,3,2023-05-03
2023-05-03 02:32:00,17.629999,65.75,0.0,413,57.400002,22.300001,3,2023-05-03
2023-05-03 03:02:00,17.519999,59.93,0.0,413,57.299999,22.1,3,2023-05-03
2023-05-03 03:32:00,17.369999,59.959999,0.0,413,57.200001,22.0,3,2023-05-03
2023-05-03 04:02:00,17.209999,57.379997,0.13,413,57.200001,21.800001,3,2023-05-03
2023-05-03 04:32:00,17.239998,55.689999,0.6,413,57.100002,21.6,3,2023-05-03
2023-05-03 05:02:00,17.769999,49.959999,1.25,413,57.0,21.400002,3,2023-05-03
2023-05-03 05:32:00,18.839998,44.369999,2.14,413,57.0,21.300001,3,2023-05-03
2023-05-03 06:02:00,20.489998,44.139999,3.28,413,56.900002,21.300001,3,2023-05-03
2023-05-03 06:32:00,22.699999,47.349998,4.64,413,56.900002,21.300001,3,2023-05-03
2023-05-03 07:02:00,25.349998,45.619999,12.599999,413,56.799999,21.400002,3,2023-05-03
2023-05-03 07:32:00,29.009998,40.669998,19.77,413,56.799999,21.700001,3,2023-05-03
2023-05-03 08:02:00,29.789999,26.5,17.629999,413,57.0,22.1,3,2023-05-03
2023-05-03 08:32:00,30.189999,26.26,14.179999,413,57.0,22.6,3,2023-05-03
2023-05-03 09:02:00,30.989998,23.529999,10.95,413,57.200001,23.0,3,2023-05-03
2023-05-03 09:32:00,33.189999,25.34,11.639999,413,57.200001,23.5,3,2023-05-03
2023-05-03 10:02:00,35.5,26.15,12.96,413,57.400002,24.0,3,2023-05-03
2023-05-03 10:32:00,37.789997,24.6,14.38,413,57.5,24.6,3,2023-05-03
2023-05-03 11:02:00,39.239998,20.539999,16.59,413,57.600002,25.200001,3,2023-05-03
2023-05-03 11:32:00,40.359997,21.359999,17.799999,413,57.700001,25.900002,3,2023-05-03
2023-05-03 12:02:00,41.089996,18.039999,21.389999,413,57.900002,26.5,3,2023-05-03
2023-05-03 12:32:00,42.829998,18.449999,20.82,413,58.0,27.0,3,2023-05-03
2023-05-03 13:02:00,42.429996,17.01,22.109999,413,58.100002,27.6,3,2023-05-03
2023-05-03 13:32:00,40.32,20.91,5.35,413,58.299999,28.0,3,2023-05-03
2023-05-03 14:02:00,34.989998,23.309999,6.92,413,58.299999,28.300001,3,2023-05-03
2023-05-03 14:32:00,32.289997,26.689999,3.42,413,58.299999,28.300001,3,2023-05-03
2023-05-03 15:02:00,29.609999,30.33,3.58,413,58.299999,28.1,3,2023-05-03
2023-05-03 15:32:00,28.159998,37.709999,1.85,413,58.200001,27.800001,3,2023-05-03
2023-05-03 16:02:00,27.869999,48.599998,1.57,413,58.100002,27.300001,3,2023-05-03
2023-05-03 16:32:00,27.529999,52.049999,0.73,413,58.0,27.1,3,2023-05-03
2023-05-03 17:02:00,26.749998,55.889999,0.19,413,57.900002,27.0,3,2023-05-03
2023-05-03 17:32:00,25.629999,60.809998,0.04,413,57.799999,26.700001,3,2023-05-03
2023-05-03 18:02:00,24.569998,64.720001,0.0,413,57.700001,26.5,3,2023-05-03
2023-05-03 18:32:00,23.689999,67.869995,0.0,413,57.900002,26.200001,3,2023-05-03
2023-05-03 19:02:00,23.009998,69.43,0.0,413,57.799999,26.0,3,2023-05-03
2023-05-03 19:32:00,22.499998,71.25,0.0,413,57.700001,25.6,3,2023-05-03
2023-05-03 20:02:00,22.099998,72.119995,0.0,413,57.700001,25.400002,3,2023-05-03
2023-05-03 20:32:00,21.719999,73.029999,0.0,413,57.600002,25.200001,3,2023-05-03
2023-05-03 21:02:00,21.319998,73.799995,0.0,417,57.5,25.0,3,2023-05-03
2023-05-03 21:32:00,20.98,74.510002,0.0,413,57.400002,24.700001,3,2023-05-03
2023-05-03 22:02:00,20.709999,76.139999,0.0,421,57.400002,24.5,3,2023-05-03
2023-05-03 22:32:00,20.459999,77.269997,0.0,413,57.400002,24.300001,3,2023-05-03
2023-05-03 23:02:00,20.249998,77.879997,0.0,443,57.200001,24.0,3,2023-05-03
2023-05-03 23:32:00,20.089998,78.860001,0.0,436,57.200001,23.800001,3,2023-05-03
2023-05-04 00:02:00,19.909998,78.479996,0.0,447,57.100002,23.6,3,2023-05-04
2023-05-04 00:32:00,19.769999,79.029999,0.0,439,57.0,23.5,3,2023-05-04
2023-05-04 01:02:00,19.539999,80.269997,0.0,432,57.0,23.300001,3,2023-05-04
2023-05-04 01:32:00,19.389999,80.889999,0.0,488,56.900002,23.1,3,2023-05-04
2023-05-04 02:02:00,19.15,80.139999,0.0,462,56.799999,22.900002,3,2023-05-04
2023-05-04 02:32:00,18.829998,80.150002,0.0,450,56.799999,22.800001,3,2023-05-04
2023-05-04 03:02:00,18.609999,81.080002,0.0,428,56.799999,22.6,3,2023-05-04
2023-05-04 03:32:00,18.489998,81.790001,0.07,454,56.700001,22.400002,3,2023-05-04
2023-05-04 04:02:00,18.48,82.369995,0.26,421,56.600002,22.300001,3,2023-05-04
2023-05-04 04:32:00,18.699999,82.459999,0.61,439,56.600002,22.1,3,2023-05-04
2023-05-04 05:02:00,19.159998,81.739998,1.19,413,56.5,22.0,3,2023-05-04
2023-05-04 05:32:00,19.719999,82.459999,1.09,432,56.5,21.900002,3,2023-05-04
2023-05-04 06:02:00,19.949999,80.699997,1.47,425,56.400002,21.900002,3,2023-05-04
2023-05-04 06:32:00,20.049999,78.989998,0.61,413,56.400002,21.800001,3,2023-05-04
2023-05-04 07:02:00,19.809999,80.419998,2.02,413,56.400002,21.800001,3,2023-05-04
2023-05-04 07:32:00,19.449999,80.599998,4.38,413,56.400002,21.700001,3,2023-05-04
2023-05-04 08:02:00,19.669998,80.739998,3.78,413,56.400002,21.6,3,2023-05-04
2023-05-04 08:32:00,20.509998,80.599998,8.78,413,56.400002,21.6,3,2023-05-04
2023-05-04 09:02:00,22.659998,72.650002,5.94,413,56.400002,21.700001,3,2023-05-04
2023-05-04 09:32:00,21.099998,58.649998,5.11,413,56.400002,22.0,3,2023-05-04
2023-05-04 10:02:00,21.109999,59.899998,10.67,413,56.400002,22.0,3,2023-05-04
2023-05-04 10:32:00,22.969999,59.02,9.03,413,56.400002,22.1,3,2023-05-04
2023-05-04 11:02:00,24.009998,53.239998,8.38,413,56.299999,22.300001,3,2023-05-04
2023-05-04 11:32:00,25.169998,50.129997,12.99,413,56.400002,22.5,3,2023-05-04
2023-05-04 12:02:00,27.109999,42.450001,11.719999,413,56.400002,22.800001,3,2023-05-04
2023-05-04 12:32:00,27.569998,38.32,12.07,413,56.5,23.1,3,2023-05-04
2023-05-04 13:02:00,27.799999,36.639999,10.23,413,56.600002,23.5,3,2023-05-04
2023-05-04 13:32:00,27.779999,39.719997,10.349999,413,56.600002,23.700001,3,2023-05-04
2023-05-04 14:02:00,28.239998,34.239998,11.12,413,56.700001,24.0,3,2023-05-04
2023-05-04 14:32:00,28.639999,33.989998,9.27,413,56.799999,24.400002,3,2023-05-04
2023-05-04 15:02:00,25.199999,38.57,1.99,413,56.799999,24.800001,3,2023-05-04
2023-05-04 15:32:00,24.899998,44.559998,0.85,413,56.900002,24.700001,3,2023-05-04
2023-05-04 16:02:00,24.049999,50.32,0.61,413,56.799999,24.6,3,2023-05-04
2023-05-04 16:32:00,22.679998,56.169998,0.11,413,57.0,24.400002,3,2023-05-04
2023-05-04 17:02:00,21.289999,60.949997,0.0,413,56.900002,24.1,3,2023-05-04
2023-05-04 17:32:00,20.129999,64.869995,0.0,413,56.799999,23.900002,3,2023-05-04
2023-05-04 18:02:00,19.4,68.709999,0.0,413,56.799999,23.6,3,2023-05-04
2023-05-04 18:32:00,19.009998,69.659996,0.0,413,56.700001,23.400002,3,2023-05-04
2023-05-04 19:02:00,18.599998,70.970001,0.0,413,56.600002,23.1,3,2023-05-04
2023-05-04 19:32:00,18.259998,72.360001,0.0,413,56.600002,22.900002,3,2023-05-04
2023-05-04 20:02:00,17.869999,72.199997,0.0,413,56.400002,22.700001,3,2023-05-04
2023-05-04 20:32:00,17.379999,72.5,0.0,413,56.400002,22.5,3,2023-05-04
2023-05-04 21:02:00,17.009998,73.189995,0.0,413,56.400002,22.300001,3,2023-05-04
2023-05-04 21:32:00,16.839998,74.709999,0.0,413,56.299999,22.1,3,2023-05-04
2023-05-04 22:02:00,16.879999,75.489998,0.0,413,56.200001,21.800001,3,2023-05-04
2023-05-04 22:32:00,16.909998,74.010002,0.0,413,56.100002,21.700001,3,2023-05-04
2023-05-04 23:02:00,16.849998,74.629997,0.0,413,56.100002,21.5,3,2023-05-04
2023-05-04 23:32:00,16.789999,74.869995,0.0,413,56.0,21.300001,3,2023-05-04
2023-05-05 00:02:00,16.709999,73.580002,0.0,413,55.900002,21.200001,3,2023-05-05
2023-05-05 00:32:00,16.619999,73.459999,0.0,413,55.900002,21.1,3,2023-05-05
2023-05-05 01:02:00,16.509998,73.68,0.0,413,55.900002,20.900002,3,2023-05-05
2023-05-05 01:32:00,16.389999,73.379997,0.0,413,55.799999,20.800001,3,2023-05-05
2023-05-05 02:02:00,16.259998,74.449997,0.0,413,55.700001,20.6,3,2023-05-05
2023-05-05 02:32:00,16.15,75.07,0.08,413,55.700001,20.5,3,2023-05-05
2023-05-05 03:02:00,16.079998,75.589996,0.19,413,55.600002,20.400002,3,2023-05-05
2023-05-05 03:32:00,16.179998,76.129997,0.66,413,55.600002,20.300001,3,2023-05-05
2023-05-05 04:02:00,16.569998,77.139999,1.48,413,55.5,20.1,3,2023-05-05
2023-05-05 04:32:00,17.459999,77.07,2.91,413,55.5,20.1,3,2023-05-05
2023-05-05 05:02:00,19.509998,72.129997,11.599999,413,55.5,20.1,3,2023-05-05
2023-05-05 05:32:00,20.519999,34.75,10.27,413,55.5,20.200001,3,2023-05-05
2023-05-05 06:02:00,20.789999,34.360001,11.759999,413,55.5,20.5,3,2023-05-05
2023-05-05 06:32:00,21.699999,32.619999,19.789999,413,55.600002,20.800001,3,2023-05-05
2023-05-05 07:02:00,21.579998,30.15,14.32,413,55.600002,21.200001,3,2023-05-05
2023-05-05 07:32:00,23.059999,27.66,28.799999,413,55.700001,21.6,3,2023-05-05
2023-05-05 08:02:00,24.919998,25.939999,21.24,413,55.799999,22.200001,3,2023-05-05
2023-05-05 08:32:00,27.589998,22.029999,23.85,413,56.299999,24.0,3,2023-05-05
2023-05-05 09:02:00,28.679998,19.48,38.279999,413,56.400002,24.6,3,2023-05-05
2023-05-05 09:32:00,29.139999,19.48,34.149998,413,56.600002,25.1,3,2023-05-05
2023-05-05 10:02:00,29.669998,18.49,34.290001,413,56.600002,25.6,3,2023-05-05
2023-05-05 10:32:00,28.059998,18.559999,24.519999,413,56.700001,26.0,3,2023-05-05
2023-05-05 11:02:00,28.719999,18.219999,31.769999,413,56.799999,26.300001,3,2023-05-05
2023-05-05 11:32:00,28.249998,17.809999,12.469999,413,57.0,26.800001,3,2023-05-05
2023-05-05 12:02:00,27.519999,19.719999,11.75,413,57.0,27.200001,3,2023-05-05
2023-05-05 12:32:00,27.419998,20.74,9.5,413,57.200001,27.800001,3,2023-05-05
2023-05-05 13:02:00,27.329998,20.139999,17.25,413,57.299999,28.300001,3,2023-05-05
2023-05-05 13:32:00,27.159998,18.889999,10.57,413,57.400002,28.5,3,2023-05-05
2023-05-05 14:02:00,25.399998,19.65,5.94,413,57.400002,28.400002,3,2023-05-05
2023-05-05 14:32:00,24.079998,20.309999,5.51,413,57.400002,28.1,3,2023-05-05
2023-05-05 15:02:00,24.629999,30.709999,2.49,413,57.200001,27.800001,3,2023-05-05
2023-05-05 15:32:00,24.709999,34.450001,1.25,413,57.200001,27.5,3,2023-05-05
2023-05-05 16:02:00,22.759998,41.889999,0.26,413,57.200001,27.200001,3,2023-05-05
2023-05-05 16:32:00,20.989998,50.41,0.01,413,57.100002,26.800001,3,2023-05-05
2023-05-05 17:02:00,19.739998,54.259998,0.0,413,57.0,26.400002,3,2023-05-05
2023-05-05 17:32:00,18.779999,57.799999,0.0,413,57.0,26.0,3,2023-05-05
2023-05-05 18:02:00,18.009998,61.75,0.0,413,56.799999,25.6,3,2023-05-05
2023-05-05 18:32:00,17.409998,63.77,0.0,413,56.700001,25.200001,3,2023-05-05
2023-05-05 19:02:00,16.789999,66.220001,0.0,413,56.700001,24.800001,3,2023-05-05
2023-05-05 19:32:00,16.32,67.659996,0.0,413,56.600002,24.5,3,2023-05-05
2023-05-05 20:02:00,15.809999,69.110001,0.0,413,56.400002,24.1,3,2023-05-05
2023-05-05 20:32:00,15.519999,69.629997,0.0,413,56.400002,23.800001,3,2023-05-05
2023-05-05 21:02:00,15.239999,70.860001,0.0,413,56.100002,23.5,3,2023-05-05
2023-05-05 21:32:00,15.049999,71.169998,0.0,413,56.100002,23.1,3,2023-05-05
2023-05-05 22:02:00,14.799999,70.919998,0.0,413,55.900002,22.800001,3,2023-05-05
2023-05-05 22:32:00,14.539999,72.139999,0.0,413,55.799999,22.5,3,2023-05-05
2023-05-05 23:02:00,14.279999,73.299995,0.0,413,55.700001,22.300001,3,2023-05-05
2023-05-05 23:32:00,13.969998,74.779999,0.0,413,55.600002,22.0,3,2023-05-05
2023-05-06 00:02:00,13.619999,76.419998,0.0,413,55.5,21.700001,3,2023-05-06
2023-05-06 00:32:00,13.249999,76.610001,0.0,413,55.400002,21.5,3,2023-05-06
2023-05-06 01:02:00,12.849998,77.339996,0.0,413,55.299999,21.200001,3,2023-05-06
2023-05-06 01:32:00,12.419999,77.739998,0.02,413,55.200001,21.0,3,2023-05-06
2023-05-06 02:02:00,12.209999,78.93,0.45,413,55.0,20.700001,3,2023-05-06
2023-05-06 02:32:00,12.369999,79.18,1.51,413,55.0,20.5,3,2023-05-06
2023-05-06 03:02:00,13.259999,79.68,2.74,413,54.900002,20.300001,3,2023-05-06
2023-05-06 03:32:00,15.099998,79.57,4.11,413,55.0,20.1,3,2023-05-06
2023-05-06 04:02:00,18.839998,70.349998,9.59,413,55.0,20.1,3,2023-05-06
2023-05-06 04:32:00,24.339998,57.57,15.67,413,54.900002,20.200001,3,2023-05-06
2023-05-06 05:02:00,29.259998,39.0,13.02,413,54.799999,20.5,3,2023-05-06
2023-05-06 05:32:00,28.939999,24.23,28.66,413,55.0,21.0,3,2023-05-06
2023-05-06 06:02:00,31.089998,17.68,19.689999,413,55.0,21.5,3,2023-05-06
2023-05-06 06:32:00,33.279999,20.01,29.09,413,55.200001,22.1,3,2023-05-06
2023-05-06 07:02:00,33.869999,18.699999,27.83,413,55.5,23.1,3,2023-05-06
2023-05-06 07:32:00,33.799999,13.77,35.939999,413,55.700001,24.300001,3,2023-05-06
2023-05-06 08:02:00,36.0,15.86,40.129997,413,56.0,25.400002,3,2023-05-06
2023-05-06 08:32:00,36.859997,14.02,25.969999,413,56.299999,26.900002,3,2023-05-06
2023-05-06 09:02:00,38.889999,13.33,47.509998,413,56.799999,28.5,3,2023-05-06
2023-05-06 09:32:00,38.099998,12.63,50.919998,413,57.200001,29.800001,3,2023-05-06
2023-05-06 10:02:00,38.849998,13.08,45.489998,413,57.600002,31.1,3,2023-05-06
2023-05-06 10:32:00,39.509998,13.33,46.239998,413,57.799999,31.6,3,2023-05-06
2023-05-06 11:02:00,41.829998,12.349999,32.689999,413,57.900002,32.100002,3,2023-05-06
2023-05-06 11:32:00,40.899998,13.099999,3.13,413,58.0,32.5,3,2023-05-06
2023-05-06 12:02:00,39.619999,13.45,2.77,413,58.100002,32.5,3,2023-05-06
2023-05-06 12:32:00,34.16,11.87,9.95,413,58.0,32.5,3,2023-05-06
2023-05-06 13:02:00,33.16,12.16,16.709999,413,58.100002,32.900002,3,2023-05-06
2023-05-06 13:32:00,31.929998,13.53,10.34,413,58.100002,33.0,3,2023-05-06
2023-05-06 14:02:00,31.599998,21.84,5.99,413,58.100002,32.900002,3,2023-05-06
2023-05-06 14:32:00,30.979998,17.299999,5.58,413,58.100002,32.5,3,2023-05-06
2023-05-06 15:02:00,30.519999,24.33,2.54,413,57.900002,32.0,3,2023-05-06
2023-05-06 15:32:00,29.269999,31.9,1.32,413,57.799999,31.6,3,2023-05-06
2023-05-06 16:02:00,26.649998,39.73,0.34,413,57.700001,31.1,3,2023-05-06
2023-05-06 16:32:00,24.049999,47.059998,0.01,413,57.5,30.6,3,2023-05-06
2023-05-06 17:02:00,22.029999,51.459999,0.0,413,57.400002,30.0,3,2023-05-06
2023-05-06 17:32:00,20.769999,54.98,0.0,413,57.200001,29.5,3,2023-05-06
2023-05-06 18:02:00,19.549999,59.109997,0.0,413,57.0,28.900002,3,2023-05-06
2023-05-06 18:32:00,18.589998,61.34,0.0,413,56.799999,28.400002,3,2023-05-06
2023-05-06 19:02:00,17.759998,63.359997,0.0,413,56.799999,27.900002,3,2023-05-06
2023-05-06 19:32:00,16.98,64.669998,0.0,413,56.600002,27.400002,3,2023-05-06
2023-05-06 20:02:00,16.329998,66.010002,0.0,413,56.5,26.900002,3,2023-05-06
2023-05-06 20:32:00,15.759998,67.689995,0.0,413,56.5,26.400002,3,2023-05-06
2023-05-06 21:02:00,15.299999,68.239998,0.0,413,56.299999,26.0,3,2023-05-06
2023-05-06 21:32:00,14.959999,71.330002,0.0,413,56.299999,25.5,3,2023-05-06
2023-05-06 22:02:00,14.619999,71.129997,0.0,413,56.100002,25.1,3,2023-05-06
2023-05-06 22:32:00,14.299999,72.959999,0.0,413,55.900002,24.700001,3,2023-05-06
2023-05-06 23:02:00,13.949999,72.739998,0.0,413,55.799999,24.300001,3,2023-05-06
2023-05-06 23:32:00,13.619999,73.939995,0.0,413,55.700001,24.0,3,2023-05-06
2023-05-07 00:02:00,13.369999,74.439995,0.0,413,55.5,23.6,3,2023-05-07
2023-05-07 00:32:00,12.989999,73.93,0.0,413,55.400002,23.300001,3,2023-05-07
2023-05-07 01:02:00,12.639998,75.0,0.0,413,55.200001,23.0,3,2023-05-07
2023-05-07 01:32:00,12.289999,75.089996,0.02,413,55.100002,22.6,3,2023-05-07
2023-05-07 02:02:00,11.979999,75.489998,0.45,413,55.0,22.300001,3,2023-05-07
2023-05-07 02:32:00,12.169999,76.900002,1.45,413,54.799999,22.0,3,2023-05-07
2023-05-07 03:02:00,13.219998,77.599998,2.53,413,54.700001,21.800001,3,2023-05-07
2023-05-07 03:32:00,15.249999,78.57,3.72,413,54.799999,21.6,3,2023-05-07
2023-05-07 04:02:00,19.339998,70.439995,9.63,413,54.700001,21.5,3,2023-05-07
2023-05-07 04:32:00,25.059999,58.919998,15.57,413,54.700001,21.6,3,2023-05-07
2023-05-07 05:02:00,30.139997,41.5,13.5,413,54.600002,21.800001,3,2023-05-07
2023-05-07 05:32:00,30.729998,21.209999,30.049999,413,54.700001,22.400002,3,2023-05-07
2023-05-07 06:02:00,32.239998,18.719999,32.849998,413,54.799999,23.1,3,2023-05-07
2023-05-07 06:32:00,31.739998,15.389999,31.639999,413,55.0,24.0,3,2023-05-07
2023-05-07 07:02:00,32.219997,12.889999,27.019999,413,55.200001,25.0,3,2023-05-07
2023-05-07 07:32:00,33.959999,13.94,36.369999,413,55.5,26.1,3,2023-05-07
2023-05-07 08:02:00,35.359997,13.79,40.469997,413,55.799999,27.300001,3,2023-05-07
2023-05-07 08:32:00,36.789997,10.929999,25.219999,413,56.200001,28.700001,3,2023-05-07
2023-05-07 09:02:00,38.189999,10.5,54.119999,413,56.600002,30.300001,3,2023-05-07
2023-05-07 09:32:00,39.029999,11.219999,54.599998,413,57.100002,31.900002,3,2023-05-07
2023-05-07 10:02:00,36.48,9.33,46.029999,413,57.600002,33.299999,3,2023-05-07
2023-05-07 10:32:00,39.199997,11.71,47.669998,413,57.700001,33.600002,3,2023-05-07
2023-05-07 11:02:00,40.629997,10.71,36.75,413,57.799999,34.0,3,2023-05-07
2023-05-07 11:32:00,36.799999,12.2,11.849999,413,57.900002,34.299999,3,2023-05-07
2023-05-07 12:02:00,36.239998,10.3,13.139999,413,58.0,34.5,3,2023-05-07
2023-05-07 12:32:00,35.489998,10.38,9.7,413,58.100002,35.100002,3,2023-05-07
2023-05-07 13:02:00,35.099998,10.96,15.91,413,58.200001,35.5,3,2023-05-07
2023-05-07 13:32:00,33.789997,12.67,9.7,413,58.200001,35.400002,3,2023-05-07
2023-05-07 14:02:00,33.07,15.41,6.28,413,58.100002,35.100002,3,2023-05-07
2023-05-07 14:32:00,34.439999,15.95,5.87,413,58.0,34.700001,3,2023-05-07
2023-05-07 15:02:00,34.709999,19.809999,2.4,413,57.900002,34.299999,3,2023-05-07
2023-05-07 15:32:00,32.009998,22.41,1.1,413,57.700001,33.799999,3,2023-05-07
2023-05-07 16:02:00,28.899998,25.859999,0.35,413,57.600002,33.100002,3,2023-05-07
2023-05-07 16:32:00,25.389999,32.959999,0.01,413,57.400002,32.5,3,2023-05-07
2023-05-07 17:02:00,22.799999,37.32,0.0,413,57.200001,31.900002,3,2023-05-07
2023-05-07 17:32:00,20.949999,41.239998,0.0,413,57.0,31.200001,3,2023-05-07
2023-05-07 18:02:00,19.519999,42.079998,0.0,413,56.799999,30.6,3,2023-05-07
2023-05-07 18:32:00,18.599998,44.649998,0.0,413,56.600002,30.0,3,2023-05-07
2023-05-07 19:02:00,18.019999,48.289997,0.0,413,56.400002,29.400002,3,2023-05-07
2023-05-07 19:32:00,17.379999,49.360001,0.0,413,56.299999,28.800001,3,2023-05-07
2023-05-07 20:02:00,16.689999,51.389999,0.0,413,56.299999,28.300001,3,2023-05-07
2023-05-07 20:32:00,16.019999,52.669998,0.0,413,56.100002,27.800001,3,2023-05-07
2023-05-07 21:02:00,15.489999,54.309998,0.0,413,56.0,27.300001,3,2023-05-07
2023-05-07 21:32:00,15.129999,54.360001,0.0,413,55.900002,26.800001,3,2023-05-07
2023-05-07 22:02:00,14.729999,56.239998,0.0,413,55.600002,26.300001,3,2023-05-07
2023-05-07 22:32:00,14.429998,57.27,0.0,413,55.5,25.900002,3,2023-05-07
2023-05-07 23:02:00,14.209999,58.649998,0.0,413,55.5,25.5,3,2023-05-07
2023-05-07 23:32:00,14.129999,59.5,0.0,413,55.200001,25.1,3,2023-05-07
2023-05-08 00:02:00,14.079999,61.739998,0.0,413,55.200001,24.800001,3,2023-05-08
2023-05-08 00:32:00,14.179998,60.949997,0.0,413,55.0,24.400002,3,2023-05-08
2023-05-08 01:02:00,14.119999,59.869999,0.0,413,54.799999,24.1,3,2023-05-08
2023-05-08 01:32:00,13.919999,59.48,0.03,413,54.700001,23.800001,3,2023-05-08
2023-05-08 02:02:00,13.609999,57.719997,0.49,413,54.5,23.5,3,2023-05-08
2023-05-08 02:32:00,13.799999,57.829998,1.43,413,54.400002,23.200001,3,2023-05-08
2023-05-08 03:02:00,14.949999,57.43,2.42,413,54.299999,23.0,3,2023-05-08
2023-05-08 03:32:00,17.079998,50.77,3.63,413,54.299999,22.800001,3,2023-05-08
2023-05-08 04:02:00,20.099998,44.59,12.309999,413,54.200001,22.700001,3,2023-05-08
2023-05-08 04:32:00,21.839998,39.329998,4.15,413,54.100002,22.700001,3,2023-05-08
2023-05-08 05:02:00,24.359999,37.040001,7.05,413,54.100002,22.800001,3,2023-05-08
2023-05-08 05:32:00,26.589998,32.73,6.28,413,54.0,23.1,3,2023-05-08
2023-05-08 06:02:00,27.489998,20.279999,10.73,413,54.100002,23.5,3,2023-05-08
2023-05-08 06:32:00,28.749998,21.129999,31.17,413,54.200001,24.1,3,2023-05-08
2023-05-08 07:02:00,29.229998,18.219999,12.799999,413,54.299999,24.900002,3,2023-05-08
2023-05-08 07:32:00,30.629999,17.639999,30.82,413,54.5,25.5,3,2023-05-08
2023-05-08 08:02:00,32.84,17.609999,34.540001,413,54.700001,26.300001,3,2023-05-08
2023-05-08 08:32:00,34.639999,15.48,24.26,413,55.0,27.6,3,2023-05-08
2023-05-08 09:02:00,35.259998,13.24,51.299999,413,55.400002,29.0,3,2023-05-08
2023-05-08 09:32:00,36.289997,11.139999,52.43,413,55.799999,30.5,3,2023-05-08
2023-05-08 10:02:00,36.369999,12.96,46.200001,413,56.200001,31.800001,3,2023-05-08
2023-05-08 10:32:00,37.349998,12.11,5.11,413,56.400002,32.200001,3,2023-05-08
2023-05-08 11:02:00,38.189999,12.05,38.549999,413,56.5,32.400002,3,2023-05-08
2023-05-08 11:32:00,35.149998,12.96,13.45,413,56.600002,32.799999,3,2023-05-08
2023-05-08 12:02:00,34.029999,13.24,12.75,413,56.600002,33.0,3,2023-05-08
2023-05-08 12:32:00,32.66,12.799999,9.03,413,56.799999,33.5,3,2023-05-08
2023-05-08 13:02:00,32.07,12.599999,16.41,413,56.900002,34.0,3,2023-05-08
2023-05-08 13:32:00,31.469999,13.54,9.73,413,56.900002,34.0,3,2023-05-08
2023-05-08 14:02:00,30.089998,13.759999,5.67,413,56.799999,33.600002,3,2023-05-08
2023-05-08 14:32:00,30.339998,15.45,5.75,413,56.799999,33.299999,3,2023-05-08
2023-05-08 15:02:00,29.999998,17.389999,1.47,413,56.600002,32.799999,3,2023-05-08
2023-05-08 15:32:00,27.819998,21.369999,1.16,413,56.5,32.100002,3,2023-05-08
2023-05-08 16:02:00,25.249998,25.48,0.36,413,56.299999,31.6,3,2023-05-08
2023-05-08 16:32:00,22.699999,31.219999,0.01,413,56.100002,31.0,3,2023-05-08
2023-05-08 17:02:00,20.829998,36.700001,0.0,413,55.900002,30.300001,3,2023-05-08
2023-05-08 17:32:00,19.429998,40.41,0.0,413,55.700001,29.700001,3,2023-05-08
2023-05-08 18:02:00,18.309999,42.349998,0.0,413,55.600002,29.200001,3,2023-05-08
2023-05-08 18:32:00,16.999998,45.23,0.0,413,55.400002,28.6,3,2023-05-08
2023-05-08 19:02:00,15.929998,48.719997,0.0,413,55.400002,28.1,3,2023-05-08
2023-05-08 19:32:00,15.129999,50.849998,0.0,413,55.400002,27.5,3,2023-05-08
2023-05-08 20:02:00,14.449999,53.699997,0.0,413,55.400002,27.0,3,2023-05-08
2023-05-08 20:32:00,14.349998,54.919998,0.0,413,55.100002,26.5,3,2023-05-08
2023-05-08 21:02:00,14.409999,53.5,0.0,413,54.900002,26.1,3,2023-05-08
2023-05-08 21:32:00,13.859999,52.489998,0.0,413,54.700001,25.6,3,2023-05-08
2023-05-08 22:02:00,13.099998,54.699997,0.0,413,54.5,25.200001,3,2023-05-08
2023-05-08 22:32:00,12.509999,57.039997,0.0,413,54.400002,24.800001,3,2023-05-08
2023-05-08 23:02:00,11.989999,58.039997,0.0,413,54.200001,24.400002,3,2023-05-08
2023-05-08 23:32:00,11.649999,57.759998,0.0,413,54.0,24.0,3,2023-05-08
2023-05-09 00:02:00,11.539999,61.879997,0.0,413,53.799999,23.6,3,2023-05-09
2023-05-09 00:32:00,11.909999,59.199997,0.0,413,53.700001,23.300001,3,2023-05-09
2023-05-09 01:02:00,11.929998,56.879997,0.0,413,53.600002,23.0,3,2023-05-09
2023-05-09 01:32:00,11.999999,55.949997,0.03,413,53.5,22.6,3,2023-05-09
2023-05-09 02:02:00,11.949999,55.809998,0.55,413,53.299999,22.400002,3,2023-05-09
2023-05-09 02:32:00,12.399999,53.98,1.37,413,53.200001,22.1,3,2023-05-09
2023-05-09 03:02:00,13.369999,54.84,2.39,413,53.100002,21.900002,3,2023-05-09
2023-05-09 03:32:00,15.599998,51.379997,3.41,413,53.100002,21.700001,3,2023-05-09
2023-05-09 04:02:00,20.349998,41.879997,8.92,413,53.0,21.700001,3,2023-05-09
2023-05-09 04:32:00,25.739998,33.669998,14.95,413,52.900002,21.700001,3,2023-05-09
2023-05-09 05:02:00,30.409998,27.199999,13.99,413,52.900002,22.0,3,2023-05-09
2023-05-09 05:32:00,34.279999,17.07,30.299999,413,52.900002,22.5,3,2023-05-09
2023-05-09 06:02:00,29.829998,12.27,56.369999,413,53.100002,23.300001,3,2023-05-09
2023-05-09 06:32:00,28.899998,12.71,19.629999,413,53.299999,24.1,3,2023-05-09
2023-05-09 07:02:00,28.019999,18.92,17.9,413,53.5,24.5,3,2023-05-09
2023-05-09 07:32:00,27.699999,18.539999,8.23,413,53.5,24.800001,3,2023-05-09
2023-05-09 08:02:00,27.289999,16.66,11.16,413,53.600002,25.0,3,2023-05-09
2023-05-09 08:32:00,28.649998,15.4,10.48,413,53.600002,25.200001,3,2023-05-09
2023-05-09 09:02:00,28.339998,13.469999,15.27,413,53.700001,25.5,3,2023-05-09
2023-05-09 09:32:00,29.219999,12.5,16.73,413,53.700001,25.800001,3,2023-05-09
2023-05-09 10:02:00,30.969999,12.219999,50.759998,413,53.799999,26.1,3,2023-05-09
2023-05-09 10:32:00,29.749998,12.23,46.469997,413,53.900002,26.6,3,2023-05-09
2023-05-09 11:02:00,25.999998,13.469999,26.93,413,54.0,27.0,3,2023-05-09
2023-05-09 11:32:00,25.799999,14.37,15.889999,413,54.100002,27.1,3,2023-05-09
2023-05-09 12:02:00,28.459999,13.099999,15.74,413,54.100002,27.400002,3,2023-05-09
2023-05-09 12:32:00,28.119999,12.58,8.74,413,54.299999,28.0,3,2023-05-09
2023-05-09 13:02:00,24.919998,13.99,8.09,413,54.5,28.5,3,2023-05-09
2023-05-09 13:32:00,24.909998,15.57,6.76,413,54.5,28.300001,3,2023-05-09
2023-05-09 14:02:00,23.879999,15.139999,6.36,413,54.400002,28.1,3,2023-05-09
2023-05-09 14:32:00,24.909998,18.029999,2.27,413,54.400002,28.0,3,2023-05-09
2023-05-09 15:02:00,24.149998,22.529999,1.62,413,54.299999,27.800001,3,2023-05-09
2023-05-09 15:32:00,22.389999,27.869999,0.91,413,54.299999,27.400002,3,2023-05-09
2023-05-09 16:02:00,20.369999,34.509998,0.3,413,54.299999,27.0,3,2023-05-09
2023-05-09 16:32:00,18.369999,40.66,0.01,413,54.200001,26.6,3,2023-05-09
2023-05-09 17:02:00,16.819998,44.629997,0.0,413,54.100002,26.1,3,2023-05-09
2023-05-09 17:32:00,15.539999,50.16,0.0,413,54.100002,25.700001,3,2023-05-09
2023-05-09 18:02:00,14.639998,52.860001,0.0,413,54.100002,25.300001,3,2023-05-09
2023-05-09 18:32:00,13.769999,55.559998,0.0,413,54.0,24.800001,3,2023-05-09
2023-05-09 19:02:00,13.029999,58.5,0.0,413,53.600002,24.400002,3,2023-05-09
2023-05-09 19:32:00,12.739999,59.609997,0.0,413,53.5,24.0,3,2023-05-09
2023-05-09 20:02:00,12.139998,61.849998,0.0,413,53.299999,23.6,3,2023-05-09
2023-05-09 20:32:00,11.839999,64.889999,0.0,413,53.200001,23.200001,3,2023-05-09
2023-05-09 21:02:00,11.589999,65.629997,0.0,413,53.0,22.800001,3,2023-05-09
2023-05-09 21:32:00,11.789999,65.790001,0.0,413,52.900002,22.5,3,2023-05-09
2023-05-09 22:02:00,11.889998,62.469997,0.0,413,52.799999,22.200001,3,2023-05-09
2023-05-09 22:32:00,11.889998,62.75,0.0,413,52.600002,21.900002,3,2023-05-09
2023-05-09 23:02:00,11.729999,64.650002,0.0,413,52.400002,21.6,3,2023-05-09
2023-05-09 23:32:00,11.389998,64.57,0.0,413,52.400002,21.400002,3,2023-05-09
2023-05-10 00:02:00,10.899999,65.879997,0.0,413,52.299999,21.1,3,2023-05-10
2023-05-10 00:32:00,10.399999,67.18,0.0,413,52.100002,20.800001,3,2023-05-10
2023-05-10 01:02:00,10.139998,68.919998,0.0,413,52.0,20.6,3,2023-05-10
2023-05-10 01:32:00,10.029999,68.939995,0.04,413,51.900002,20.300001,3,2023-05-10
2023-05-10 02:02:00,10.009999,68.909996,0.48,413,51.799999,20.1,3,2023-05-10
2023-05-10 02:32:00,10.409999,67.889999,1.38,413,51.700001,19.800001,3,2023-05-10
2023-05-10 03:02:00,11.579999,64.919998,2.55,413,51.600002,19.6,3,2023-05-10
2023-05-10 03:32:00,13.689999,61.689999,3.83,413,51.5,19.6,3,2023-05-10
2023-05-10 04:02:00,17.749998,51.799999,8.08,413,51.700001,19.6,3,2023-05-10
2023-05-10 04:32:00,22.469999,41.68,13.599999,413,51.700001,19.6,3,2023-05-10
2023-05-10 05:02:00,26.669998,35.279999,14.139999,413,51.600002,19.800001,3,2023-05-10
2023-05-10 05:32:00,30.859999,28.65,28.019999,413,51.600002,20.400002,3,2023-05-10
2023-05-10 06:02:00,24.599998,21.9,60.739998,413,51.900002,21.1,3,2023-05-10
2023-05-10 06:32:00,24.249998,23.57,30.58,413,52.100002,21.900002,3,2023-05-10
2023-05-10 07:02:00,25.759998,22.9,23.84,413,52.299999,22.700001,3,2023-05-10
2023-05-10 07:32:00,26.259998,23.469999,35.149998,413,52.600002,23.6,3,2023-05-10
2023-05-10 08:02:00,28.939999,19.789999,28.68,413,52.799999,24.6,3,2023-05-10
2023-05-10 08:32:00,31.579998,17.549999,24.519999,413,53.100002,25.300001,3,2023-05-10
2023-05-10 09:02:00,32.359997,17.039999,48.599998,413,53.5,26.0,3,2023-05-10
2023-05-10 09:32:00,33.199997,16.459999,47.98,413,53.900002,27.0,3,2023-05-10
2023-05-10 10:02:00,34.959999,16.389999,43.689999,413,54.5,28.1,3,2023-05-10
2023-05-10 10:32:00,35.23,13.08,43.200001,413,55.0,28.300001,3,2023-05-10
2023-05-10 11:02:00,38.25,13.79,37.07,413,55.5,28.6,3,2023-05-10
2023-05-10 11:32:00,36.299999,13.98,11.639999,413,55.900002,29.0,3,2023-05-10
2023-05-10 12:02:00,35.219997,13.63,12.799999,413,56.299999,29.300001,3,2023-05-10
2023-05-10 12:32:00,32.939999,13.52,9.309999,413,56.600002,29.700001,3,2023-05-10
2023-05-10 13:02:00,32.84,15.92,12.84,413,57.0,30.200001,3,2023-05-10
2023-05-10 13:32:00,33.259998,15.78,7.76,413,57.200001,30.300001,3,2023-05-10
2023-05-10 14:02:00,31.719999,16.559999,4.77,413,57.400002,29.900002,3,2023-05-10
2023-05-10 14:32:00,30.219999,17.809999,3.96,413,57.400002,29.6,3,2023-05-10
2023-05-10 15:02:00,30.519999,20.68,2.22,413,57.600002,29.300001,3,2023-05-10
2023-05-10 15:32:00,29.149998,24.84,1.2,413,57.600002,29.0,3,2023-05-10
2023-05-10 16:02:00,26.349998,29.41,0.37,413,57.600002,28.5,3,2023-05-10
2023-05-10 16:32:00,22.619999,38.16,0.02,413,57.5,28.1,3,2023-05-10
2023-05-10 17:02:00,20.019999,45.809998,0.0,413,57.600002,27.6,3,2023-05-10
2023-05-10 17:32:00,18.349998,51.379997,0.0,413,57.600002,27.200001,3,2023-05-10
2023-05-10 18:02:00,17.289999,54.949997,0.0,413,57.600002,26.700001,3,2023-05-10
2023-05-10 18:32:00,16.709999,57.199997,0.0,413,57.600002,26.300001,3,2023-05-10
2023-05-10 19:02:00,15.929998,58.59,0.0,413,57.5,25.800001,3,2023-05-10
2023-05-10 19:32:00,15.219998,61.219997,0.0,413,57.400002,25.400002,3,2023-05-10
2023-05-10 20:02:00,14.589999,63.219997,0.0,413,57.400002,25.0,3,2023-05-10
2023-05-10 20:32:00,14.019999,65.049995,0.0,413,57.299999,24.6,3,2023-05-10
2023-05-10 21:02:00,13.469998,65.519997,0.0,413,57.200001,24.200001,3,2023-05-10
2023-05-10 21:32:00,12.999999,66.659996,0.0,413,57.100002,23.800001,3,2023-05-10
2023-05-10 22:02:00,12.569999,67.57,0.0,413,57.0,23.5,3,2023-05-10
2023-05-10 22:32:00,12.249999,69.080002,0.0,413,56.900002,23.1,3,2023-05-10
2023-05-10 23:02:00,12.069999,69.970001,0.0,413,56.799999,22.800001,3,2023-05-10
2023-05-10 23:32:00,11.739999,70.699997,0.0,413,56.700001,22.5,3,2023-05-10
2023-05-11 00:02:00,11.379999,71.239998,0.0,413,56.600002,22.200001,3,2023-05-11
2023-05-11 00:32:00,11.079999,72.549995,0.0,413,56.600002,21.900002,3,2023-05-11
2023-05-11 01:02:00,10.889998,71.860001,0.0,413,56.400002,21.6,3,2023-05-11
2023-05-11 01:32:00,10.659999,73.459999,0.04,413,56.400002,21.300001,3,2023-05-11
2023-05-11 02:02:00,10.469999,73.470001,0.5,413,56.299999,21.0,3,2023-05-11
2023-05-11 02:32:00,11.029999,75.739998,1.54,413,56.200001,20.800001,3,2023-05-11
2023-05-11 03:02:00,12.689999,71.689995,2.51,413,56.100002,20.6,3,2023-05-11
2023-05-11 03:32:00,15.049999,69.470001,3.65,413,56.100002,20.5,3,2023-05-11
2023-05-11 04:02:00,19.339998,44.59,7.74,413,56.100002,20.5,3,2023-05-11
2023-05-11 04:32:00,22.139999,30.75,12.29,413,56.100002,20.5,3,2023-05-11
2023-05-11 05:02:00,24.849998,24.449999,14.42,413,56.100002,20.6,3,2023-05-11
2023-05-11 05:32:00,27.559998,20.0,27.209999,413,56.100002,21.0,3,2023-05-11
2023-05-11 06:02:00,30.419998,17.389999,59.189999,413,56.100002,21.300001,3,2023-05-11
2023-05-11 06:32:00,31.319998,19.34,29.849998,413,56.299999,21.800001,3,2023-05-11
2023-05-11 07:02:00,33.16,15.2,12.57,413,56.400002,22.5,3,2023-05-11
2023-05-11 07:32:00,33.529999,16.779999,13.549999,413,56.5,23.1,3,2023-05-11
2023-05-11 08:02:00,34.75,15.17,12.849999,413,56.600002,23.6,3,2023-05-11
2023-05-11 08:32:00,35.41,14.889999,13.16,413,56.900002,24.1,3,2023-05-11
2023-05-11 09:02:00,36.48,15.69,18.709999,413,57.400002,24.6,3,2023-05-11
2023-05-11 09:32:00,36.689999,13.099999,12.429999,413,57.799999,25.1,3,2023-05-11
2023-05-11 10:02:00,37.689999,13.69,11.86,413,58.200001,25.6,3,2023-05-11
2023-05-11 10:32:00,37.489998,12.88,11.45,413,58.5,26.1,3,2023-05-11
2023-05-11 11:02:00,36.599998,11.67,15.88,413,58.799999,26.5,3,2023-05-11
2023-05-11 11:32:00,35.919998,12.69,8.69,413,59.0,26.900002,3,2023-05-11
2023-05-11 12:02:00,35.919998,12.78,8.02,413,59.299999,27.300001,3,2023-05-11
2023-05-11 12:32:00,35.23,14.34,7.81,413,59.5,27.800001,3,2023-05-11
2023-05-11 13:02:00,33.769997,13.179999,5.84,413,59.900002,28.400002,3,2023-05-11
2023-05-11 13:32:00,32.949997,13.48,4.27,413,60.299999,28.6,3,2023-05-11
2023-05-11 14:02:00,31.309998,15.719999,4.11,413,60.600002,28.5,3,2023-05-11
2023-05-11 14:32:00,31.629999,19.25,4.11,413,60.799999,28.300001,3,2023-05-11
2023-05-11 15:02:00,31.519999,23.049999,3.0,413,60.900002,28.200001,3,2023-05-11
2023-05-11 15:32:00,29.879999,28.07,1.43,413,61.0,28.0,3,2023-05-11
2023-05-11 16:02:00,27.559998,31.559999,0.34,413,61.0,27.800001,3,2023-05-11
2023-05-11 16:32:00,24.909998,38.259998,0.02,413,61.100002,27.5,3,2023-05-11
2023-05-11 17:02:00,23.029999,42.559998,0.0,413,61.100002,27.1,3,2023-05-11
2023-05-11 17:32:00,21.769999,47.029999,0.0,413,61.100002,26.800001,3,2023-05-11
2023-05-11 18:02:00,20.769999,46.559998,0.0,413,61.100002,26.5,3,2023-05-11
2023-05-11 18:32:00,20.059999,48.610001,0.0,413,61.100002,26.200001,3,2023-05-11
2023-05-11 19:02:00,19.489998,51.5,0.0,413,61.100002,25.900002,3,2023-05-11
2023-05-11 19:32:00,19.059999,50.700001,0.0,413,61.0,25.6,3,2023-05-11
2023-05-11 20:02:00,18.65,50.700001,0.0,413,61.0,25.300001,3,2023-05-11
2023-05-11 20:32:00,18.309999,57.27,0.0,413,61.0,25.0,3,2023-05-11
2023-05-11 21:02:00,18.039999,58.189999,0.0,413,60.900002,24.700001,3,2023-05-11
2023-05-11 21:32:00,17.739998,61.009998,0.0,413,60.900002,24.5,3,2023-05-11
2023-05-11 22:02:00,17.459999,60.559998,0.0,413,60.799999,24.200001,3,2023-05-11
2023-05-11 22:32:00,17.15,60.969997,0.0,413,60.700001,24.0,3,2023-05-11
2023-05-11 23:02:00,16.849998,61.739998,0.0,413,60.700001,23.700001,3,2023-05-11
2023-05-11 23:32:00,16.539999,61.66,0.0,413,60.600002,23.5,3,2023-05-11
2023-05-12 00:02:00,16.409998,62.459999,0.0,413,60.600002,23.300001,3,2023-05-12
2023-05-12 00:32:00,16.359999,62.799999,0.0,413,60.5,23.1,3,2023-05-12
2023-05-12 01:02:00,16.439999,63.919998,0.0,413,60.400002,22.900002,3,2023-05-12
2023-05-12 01:32:00,16.32,64.349998,0.04,413,60.400002,22.6,3,2023-05-12
2023-05-12 02:02:00,16.209999,65.439995,0.44,413,60.400002,22.5,3,2023-05-12
2023-05-12 02:32:00,16.459999,65.119995,1.5,413,60.299999,22.300001,3,2023-05-12
2023-05-12 03:02:00,17.209999,61.309998,2.59,413,60.299999,22.200001,3,2023-05-12
2023-05-12 03:32:00,18.359999,57.32,4.61,413,60.200001,22.1,3,2023-05-12
2023-05-12 04:02:00,21.659998,53.669998,8.95,413,60.100002,22.1,3,2023-05-12
2023-05-12 04:32:00,26.249998,45.200001,10.75,413,60.0,22.1,3,2023-05-12
2023-05-12 05:02:00,29.429998,38.889999,11.62,413,60.0,22.400002,3,2023-05-12
2023-05-12 05:32:00,31.479998,22.57,15.589999,413,60.100002,22.800001,3,2023-05-12
2023-05-12 06:02:00,26.449999,21.469999,13.889999,413,60.100002,23.200001,3,2023-05-12
2023-05-12 06:32:00,25.119999,25.439999,20.369999,413,60.100002,23.6,3,2023-05-12
2023-05-12 07:02:00,27.659998,23.959999,20.74,413,60.200001,23.900002,3,2023-05-12
2023-05-12 07:32:00,29.709999,20.639999,21.83,413,60.299999,24.400002,3,2023-05-12
2023-05-12 08:02:00,30.049999,20.51,10.139999,413,60.299999,25.0,3,2023-05-12
2023-05-12 08:32:00,30.729998,22.09,21.939999,413,60.400002,25.5,3,2023-05-12
2023-05-12 09:02:00,29.869999,22.58,9.96,413,60.400002,26.0,3,2023-05-12
2023-05-12 09:32:00,28.219999,23.49,10.16,413,60.5,26.300001,3,2023-05-12
2023-05-12 10:02:00,27.339998,25.439999,13.46,413,60.5,26.400002,3,2023-05-12
2023-05-12 10:32:00,27.109999,27.84,12.82,413,60.5,26.5,3,2023-05-12
2023-05-12 11:02:00,26.009998,28.779999,10.17,413,60.5,26.6,3,2023-05-12
2023-05-12 11:32:00,25.879999,30.91,9.0,413,60.5,26.6,3,2023-05-12
2023-05-12 12:02:00,24.839998,33.619999,6.51,413,60.5,26.6,3,2023-05-12
2023-05-12 12:32:00,25.439999,31.459999,9.84,413,60.5,26.6,3,2023-05-12
2023-05-12 13:02:00,26.679998,30.4,12.7,413,60.5,26.800001,3,2023-05-12
2023-05-12 13:32:00,26.879999,28.859999,6.05,413,60.5,27.0,3,2023-05-12
2023-05-12 14:02:00,25.729998,30.769999,5.45,413,60.5,27.1,3,2023-05-12
2023-05-12 14:32:00,27.739998,30.98,4.65,413,60.5,27.1,3,2023-05-12
2023-05-12 15:02:00,29.209999,30.5,2.59,413,60.5,27.0,3,2023-05-12
2023-05-12 15:32:00,27.999998,31.48,1.17,413,60.5,27.0,3,2023-05-12
2023-05-12 16:02:00,25.909998,36.75,0.09,413,60.400002,26.800001,3,2023-05-12
2023-05-12 16:32:00,23.809999,41.889999,0.01,413,60.5,26.6,3,2023-05-12
2023-05-12 17:02:00,21.759998,50.969997,0.0,413,60.5,26.300001,3,2023-05-12
2023-05-12 17:32:00,20.369999,59.549999,0.0,413,60.400002,26.0,3,2023-05-12
2023-05-12 18:02:00,19.599998,62.329998,0.0,413,60.400002,25.800001,3,2023-05-12
2023-05-12 18:32:00,18.859999,68.629997,0.0,413,60.299999,25.5,3,2023-05-12
2023-05-12 19:02:00,18.419998,72.809998,0.0,413,60.299999,25.1,3,2023-05-12
2023-05-12 19:32:00,18.159998,73.68,0.0,413,60.200001,24.900002,3,2023-05-12
2023-05-12 20:02:00,17.969999,75.75,0.0,413,60.100002,24.6,3,2023-05-12
2023-05-12 20:32:00,17.829998,78.779999,0.0,413,60.0,24.400002,3,2023-05-12
2023-05-12 21:02:00,17.589998,77.650002,0.0,413,60.0,24.1,3,2023-05-12
2023-05-12 21:32:00,17.299999,78.720001,0.0,413,59.900002,23.900002,3,2023-05-12
2023-05-12 22:02:00,17.019999,78.68,0.0,413,59.900002,23.700001,3,2023-05-12
2023-05-12 22:32:00,16.769999,77.659996,0.0,413,59.799999,23.5,3,2023-05-12
2023-05-12 23:02:00,16.509998,77.900002,0.0,413,59.700001,23.300001,3,2023-05-12
2023-05-12 23:32:00,16.119999,77.339996,0.0,413,59.700001,23.0,3,2023-05-12
2023-05-13 00:02:00,15.869999,77.75,0.0,413,59.700001,22.800001,3,2023-05-13
2023-05-13 00:32:00,15.619999,77.639999,0.0,413,59.600002,22.6,3,2023-05-13
2023-05-13 01:02:00,15.449999,78.360001,0.0,413,59.5,22.5,3,2023-05-13
2023-05-13 01:32:00,15.229999,78.790001,0.07,413,59.5,22.200001,3,2023-05-13
2023-05-13 02:02:00,15.169999,79.629997,0.65,413,59.400002,22.1,3,2023-05-13
2023-05-13 02:32:00,15.579999,79.729996,1.63,413,59.299999,21.800001,3,2023-05-13
2023-05-13 03:02:00,16.699999,80.419998,2.8,413,59.299999,21.700001,3,2023-05-13
2023-05-13 03:32:00,18.689999,74.699997,4.17,413,59.100002,21.6,3,2023-05-13
2023-05-13 04:02:00,22.769999,62.949997,9.719999,413,59.100002,21.6,3,2023-05-13
2023-05-13 04:32:00,27.289999,52.32,12.71,413,59.0,21.700001,3,2023-05-13
2023-05-13 05:02:00,30.989998,43.939999,17.68,413,59.0,21.900002,3,2023-05-13
2023-05-13 05:32:00,33.0,30.599998,23.289999,413,59.100002,22.300001,3,2023-05-13
2023-05-13 06:02:00,28.609999,36.329998,40.649998,413,59.100002,23.0,3,2023-05-13
2023-05-13 06:32:00,29.479998,35.549999,37.239998,413,59.299999,23.5,3,2023-05-13
2023-05-13 07:02:00,30.879999,33.02,17.74,413,59.299999,24.1,3,2023-05-13
2023-05-13 07:32:00,30.249998,33.689999,28.789999,413,59.5,24.700001,3,2023-05-13
2023-05-13 08:02:00,30.409998,34.049999,9.46,413,59.5,25.300001,3,2023-05-13
2023-05-13 08:32:00,29.379999,35.259998,17.91,413,59.5,25.800001,3,2023-05-13
2023-05-13 09:02:00,32.059998,29.929998,19.23,413,59.700001,26.400002,3,2023-05-13
2023-05-13 09:32:00,34.039997,26.34,10.969999,413,59.799999,27.200001,3,2023-05-13
2023-05-13 10:02:00,33.75,26.23,19.939999,413,60.0,28.0,3,2023-05-13
2023-05-13 10:32:00,32.049999,29.01,29.629999,413,60.100002,28.400002,3,2023-05-13
2023-05-13 11:02:00,31.309998,29.019999,53.959999,413,60.100002,28.6,3,2023-05-13
2023-05-13 11:32:00,31.149998,28.959999,13.4,413,60.100002,28.800001,3,2023-05-13
2023-05-13 12:02:00,30.569998,29.58,8.13,413,60.100002,29.0,3,2023-05-13
2023-05-13 12:32:00,27.349998,32.579998,6.73,413,60.100002,28.900002,3,2023-05-13
2023-05-13 13:02:00,25.699999,37.5,2.43,413,60.100002,28.700001,3,2023-05-13
2023-05-13 13:32:00,25.629999,45.57,6.51,413,60.0,28.400002,3,2023-05-13
2023-05-13 14:02:00,26.959999,46.299999,4.02,413,59.900002,28.1,3,2023-05-13
2023-05-13 14:32:00,27.069998,46.939999,1.05,413,59.799999,28.0,3,2023-05-13
2023-05-13 15:02:00,25.319998,52.149998,0.85,413,59.700001,27.6,3,2023-05-13
2023-05-13 15:32:00,23.899998,60.52,1.35,413,59.700001,27.400002,3,2023-05-13
2023-05-13 16:02:00,23.289999,64.799995,0.29,413,59.600002,27.1,3,2023-05-13
2023-05-13 16:32:00,22.379999,67.849998,0.02,413,59.700001,26.900002,3,2023-05-13
2023-05-13 17:02:00,21.499998,71.360001,0.0,413,59.600002,26.6,3,2023-05-13
2023-05-13 17:32:00,20.709999,68.549995,0.0,413,59.5,26.300001,3,2023-05-13
2023-05-13 18:02:00,19.929998,67.279999,0.0,413,59.5,26.0,3,2023-05-13
2023-05-13 18:32:00,19.109999,70.25,0.0,413,59.400002,25.700001,3,2023-05-13
2023-05-13 19:02:00,18.429998,73.419998,0.0,413,59.299999,25.400002,3,2023-05-13
2023-05-13 19:32:00,17.859999,75.189995,0.0,413,59.299999,25.1,3,2023-05-13
2023-05-13 20:02:00,17.439999,75.779999,0.0,413,59.200001,24.800001,3,2023-05-13
2023-05-13 20:32:00,17.049999,77.029999,0.0,413,59.100002,24.6,3,2023-05-13
2023-05-13 21:02:00,16.689999,76.93,0.0,413,59.0,24.300001,3,2023-05-13
2023-05-13 21:32:00,16.359999,78.43,0.0,413,59.0,24.0,3,2023-05-13
2023-05-13 22:02:00,16.139999,78.669998,0.0,413,58.900002,23.800001,3,2023-05-13
2023-05-13 22:32:00,15.809999,80.400002,0.0,413,58.799999,23.5,3,2023-05-13
2023-05-13 23:02:00,15.529999,80.729996,0.0,413,58.799999,23.300001,3,2023-05-13
2023-05-13 23:32:00,15.349998,82.119995,0.0,413,58.700001,23.0,3,2023-05-13
2023-05-14 00:02:00,15.169999,81.669998,0.0,413,58.600002,22.800001,3,2023-05-14
2023-05-14 00:32:00,14.889998,81.379997,0.0,413,58.600002,22.6,3,2023-05-14
2023-05-14 01:02:00,14.589999,82.759995,0.0,413,58.5,22.400002,3,2023-05-14
2023-05-14 01:32:00,14.449999,83.369995,0.07,413,58.400002,22.1,3,2023-05-14
2023-05-14 02:02:00,14.469998,83.339996,0.71,413,58.299999,22.0,3,2023-05-14
2023-05-14 02:32:00,15.089999,83.059998,2.57,413,58.299999,21.800001,3,2023-05-14
2023-05-14 03:02:00,16.469999,80.629997,3.41,413,58.200001,21.6,3,2023-05-14
2023-05-14 03:32:00,18.049999,78.629997,5.21,413,58.100002,21.6,3,2023-05-14
2023-05-14 04:02:00,20.989998,72.110001,9.57,413,58.100002,21.6,3,2023-05-14
2023-05-14 04:32:00,24.919998,60.739998,11.71,413,58.0,21.6,3,2023-05-14
2023-05-14 05:02:00,29.159998,53.0,18.309999,413,58.0,21.800001,3,2023-05-14
2023-05-14 05:32:00,26.239998,40.200001,23.459999,413,58.100002,22.200001,3,2023-05-14
2023-05-14 06:02:00,26.479998,40.540001,52.199997,413,58.100002,22.700001,3,2023-05-14
2023-05-14 06:32:00,28.699999,36.93,31.15,413,58.200001,23.200001,3,2023-05-14
2023-05-14 07:02:00,29.949999,35.739998,24.84,413,58.299999,23.800001,3,2023-05-14
2023-05-14 07:32:00,31.639997,30.74,37.66,413,58.400002,24.400002,3,2023-05-14
2023-05-14 08:02:00,33.09,29.59,27.809999,413,58.5,25.1,3,2023-05-14
2023-05-14 08:32:00,34.699997,25.619999,24.699999,413,58.600002,25.800001,3,2023-05-14
2023-05-14 09:02:00,35.109997,23.08,48.73,413,58.700001,26.200001,3,2023-05-14
2023-05-14 09:32:00,36.679996,19.6,50.829998,413,58.700001,26.6,3,2023-05-14
2023-05-14 10:02:00,37.439999,17.01,49.809998,413,58.799999,27.1,3,2023-05-14
2023-05-14 10:32:00,38.129997,15.08,48.200001,413,58.900002,27.5,3,2023-05-14
2023-05-14 11:02:00,35.439999,14.98,42.860001,413,59.0,27.900002,3,2023-05-14
2023-05-14 11:32:00,33.239998,14.98,9.82,413,59.100002,28.6,3,2023-05-14
2023-05-14 12:02:00,32.73,14.5,12.77,413,59.200001,29.1,3,2023-05-14
2023-05-14 12:32:00,32.119999,15.25,7.14,413,59.299999,29.6,3,2023-05-14
2023-05-14 13:02:00,31.479998,14.73,7.54,413,59.400002,30.200001,3,2023-05-14
2023-05-14 13:32:00,32.59,14.849999,7.69,413,59.5,30.5,3,2023-05-14
2023-05-14 14:02:00,35.009998,19.629999,2.99,413,59.5,30.300001,3,2023-05-14
2023-05-14 14:32:00,35.919998,19.75,2.28,413,59.400002,30.200001,3,2023-05-14
2023-05-14 15:02:00,35.109997,20.16,1.56,413,59.299999,30.1,3,2023-05-14
2023-05-14 15:32:00,32.689999,22.43,1.47,413,59.299999,29.800001,3,2023-05-14
2023-05-14 16:02:00,30.109999,25.939999,0.4,413,59.200001,29.6,3,2023-05-14
2023-05-14 16:32:00,27.069998,32.459999,0.03,413,59.100002,29.300001,3,2023-05-14
2023-05-14 17:02:00,24.649998,37.349998,0.0,413,59.0,29.0,3,2023-05-14
2023-05-14 17:32:00,23.099998,40.439999,0.0,413,58.900002,28.6,3,2023-05-14
2023-05-14 18:02:00,22.089998,43.02,0.0,413,58.799999,28.300001,3,2023-05-14
2023-05-14 18:32:00,21.349998,44.779999,0.0,413,58.700001,27.900002,3,2023-05-14
2023-05-14 19:02:00,20.759998,43.860001,0.0,413,58.700001,27.5,3,2023-05-14
2023-05-14 19:32:00,20.559999,44.59,0.0,413,58.600002,27.200001,3,2023-05-14
2023-05-14 20:02:00,20.319998,43.129997,0.0,413,58.5,26.900002,3,2023-05-14
2023-05-14 20:32:00,19.98,43.719997,0.0,413,58.5,26.6,3,2023-05-14
2023-05-14 21:02:00,19.719999,44.889999,0.0,413,58.299999,26.300001,3,2023-05-14
2023-05-14 21:32:00,19.589998,46.5,0.0,413,58.299999,26.0,3,2023-05-14
2023-05-14 22:02:00,19.389999,47.419998,0.0,413,58.200001,25.800001,3,2023-05-14
2023-05-14 22:32:00,19.359999,48.099998,0.0,413,58.100002,25.5,3,2023-05-14
2023-05-14 23:02:00,19.089998,49.860001,0.0,413,58.100002,25.300001,3,2023-05-14
2023-05-14 23:32:00,18.849998,51.610001,0.0,413,58.0,25.0,3,2023-05-14
2023-05-15 00:02:00,18.309999,54.66,0.0,413,57.900002,24.800001,3,2023-05-15
2023-05-15 00:32:00,17.819998,55.989998,0.0,413,57.900002,24.6,3,2023-05-15
2023-05-15 01:02:00,17.419998,60.68,0.0,413,57.799999,24.300001,3,2023-05-15
2023-05-15 01:32:00,17.199999,63.709999,0.06,413,57.700001,24.1,3,2023-05-15
2023-05-15 02:02:00,17.269999,63.859997,0.68,413,57.700001,23.900002,3,2023-05-15
2023-05-15 02:32:00,18.039999,60.719997,1.31,413,57.600002,23.700001,3,2023-05-15
2023-05-15 03:02:00,18.949999,58.109997,1.9,413,57.5,23.6,3,2023-05-15
2023-05-15 03:32:00,19.769999,56.669998,2.45,413,57.5,23.5,3,2023-05-15
2023-05-15 04:02:00,21.059999,55.27,3.27,413,57.400002,23.400002,3,2023-05-15
2023-05-15 04:32:00,21.699999,52.829998,2.19,413,57.400002,23.300001,3,2023-05-15
2023-05-15 05:02:00,21.529999,53.27,2.28,413,57.400002,23.300001,3,2023-05-15
2023-05-15 05:32:00,21.339998,57.529999,1.81,413,57.299999,23.300001,3,2023-05-15
2023-05-15 06:02:00,20.769999,60.099998,1.75,413,57.299999,23.200001,3,2023-05-15
2023-05-15 06:32:00,20.319998,63.739998,2.87,413,57.200001,23.1,3,2023-05-15
2023-05-15 07:02:00,22.049999,67.25,12.7,413,57.200001,23.1,3,2023-05-15
2023-05-15 07:32:00,26.239998,58.279999,12.78,413,57.200001,23.1,3,2023-05-15
2023-05-15 08:02:00,27.419998,38.309998,13.02,413,57.100002,23.400002,3,2023-05-15
2023-05-15 08:32:00,31.289999,31.099998,15.53,413,57.100002,23.800001,3,2023-05-15
2023-05-15 09:02:00,34.41,26.289999,15.24,413,57.200001,24.5,3,2023-05-15
2023-05-15 09:32:00,35.219997,23.32,36.700001,413,57.400002,25.400002,3,2023-05-15
2023-05-15 10:02:00,36.359997,19.859999,42.689999,413,57.5,26.1,3,2023-05-15
2023-05-15 10:32:00,37.869999,20.389999,32.719997,413,57.600002,26.800001,3,2023-05-15
2023-05-15 11:02:00,37.449997,18.0,19.35,413,57.700001,27.400002,3,2023-05-15
2023-05-15 11:32:00,34.709999,19.369999,13.969999,413,57.900002,28.0,3,2023-05-15
2023-05-15 12:02:00,32.859997,20.59,14.16,413,58.0,28.5,3,2023-05-15
2023-05-15 12:32:00,32.029999,19.52,10.25,413,58.100002,28.900002,3,2023-05-15
2023-05-15 13:02:00,30.549999,18.75,9.49,413,58.299999,29.400002,3,2023-05-15
2023-05-15 13:32:00,28.789999,18.619999,7.74,413,58.600002,29.6,3,2023-05-15
2023-05-15 14:02:00,27.859999,20.35,4.88,413,58.900002,29.400002,3,2023-05-15
2023-05-15 14:32:00,31.219999,23.059999,5.93,413,59.100002,29.1,3,2023-05-15
2023-05-15 15:02:00,32.049999,24.019999,2.71,413,59.400002,29.0,3,2023-05-15
2023-05-15 15:32:00,30.129999,27.5,1.47,413,59.600002,28.700001,3,2023-05-15
2023-05-15 16:02:00,27.329998,30.59,0.55,413,59.700001,28.400002,3,2023-05-15
2023-05-15 16:32:00,24.399998,35.989998,0.05,413,59.799999,28.0,3,2023-05-15
2023-05-15 17:02:00,22.139999,40.439999,0.0,413,59.900002,27.6,3,2023-05-15
2023-05-15 17:32:00,20.859999,45.629997,0.0,413,59.900002,27.200001,3,2023-05-15
2023-05-15 18:02:00,19.929998,48.379997,0.0,413,59.900002,26.800001,3,2023-05-15
2023-05-15 18:32:00,18.889999,53.309998,0.0,413,59.900002,26.5,3,2023-05-15
2023-05-15 19:02:00,17.749998,58.289997,0.0,413,59.900002,26.1,3,2023-05-15
2023-05-15 19:32:00,16.829998,62.109997,0.0,413,60.100002,25.800001,3,2023-05-15
2023-05-15 20:02:00,16.549999,64.909996,0.0,413,60.100002,25.400002,3,2023-05-15
2023-05-15 20:32:00,15.999999,65.309998,0.0,413,59.900002,25.1,3,2023-05-15
2023-05-15 21:02:00,15.519999,66.290001,0.0,413,59.900002,24.800001,3,2023-05-15
2023-05-15 21:32:00,14.949999,67.860001,0.0,413,59.900002,24.400002,3,2023-05-15
2023-05-15 22:02:00,14.499999,67.900002,0.0,413,59.900002,24.1,3,2023-05-15
2023-05-15 22:32:00,14.539999,68.729996,0.0,413,59.799999,23.800001,3,2023-05-15
2023-05-15 23:02:00,14.459999,69.720001,0.0,413,59.700001,23.6,3,2023-05-15
2023-05-15 23:32:00,14.159999,70.269997,0.0,413,59.700001,23.300001,3,2023-05-15
2023-05-16 00:02:00,13.709999,69.189995,0.0,413,59.600002,23.0,3,2023-05-16
2023-05-16 00:32:00,13.599998,72.139999,0.0,413,59.5,22.800001,3,2023-05-16
2023-05-16 01:02:00,13.979999,72.790001,0.0,413,59.5,22.5,3,2023-05-16
2023-05-16 01:32:00,14.409999,71.260002,0.02,413,59.400002,22.300001,3,2023-05-16
2023-05-16 02:02:00,14.569999,73.75,0.31,413,59.400002,22.1,3,2023-05-16
2023-05-16 02:32:00,14.719998,75.269997,0.21,413,59.299999,22.0,3,2023-05-16
2023-05-16 03:02:00,15.189999,74.889999,1.02,413,59.299999,21.800001,3,2023-05-16
2023-05-16 03:32:00,15.609999,71.220001,0.95,413,59.299999,21.6,3,2023-05-16
2023-05-16 04:02:00,16.239998,72.010002,1.1,413,59.299999,21.6,3,2023-05-16
2023-05-16 04:32:00,17.079998,69.32,7.71,413,59.200001,21.5,3,2023-05-16
2023-05-16 05:02:00,17.829998,66.369995,1.19,413,59.100002,21.5,3,2023-05-16
2023-05-16 05:32:00,17.609999,67.119995,1.32,413,59.100002,21.400002,3,2023-05-16
2023-05-16 06:02:00,17.48,66.610001,1.78,413,59.100002,21.300001,3,2023-05-16
2023-05-16 06:32:00,17.849998,66.290001,4.9,413,59.100002,21.300001,3,2023-05-16
2023-05-16 07:02:00,18.549999,63.209999,1.01,413,59.100002,21.300001,3,2023-05-16
2023-05-16 07:32:00,18.069998,61.809998,1.93,413,59.100002,21.200001,3,2023-05-16
2023-05-16 08:02:00,17.549999,61.469997,1.19,413,59.0,21.1,3,2023-05-16
2023-05-16 08:32:00,18.259998,61.259998,9.02,413,59.0,21.1,3,2023-05-16
2023-05-16 09:02:00,19.539999,56.919998,4.85,413,59.0,21.1,3,2023-05-16
2023-05-16 09:32:00,19.599998,56.739998,3.66,413,59.0,21.200001,3,2023-05-16
2023-05-16 10:02:00,19.129999,55.889999,1.21,413,59.0,21.200001,3,2023-05-16
2023-05-16 10:32:00,18.049999,57.360001,1.39,413,59.0,21.1,3,2023-05-16
2023-05-16 11:02:00,17.419998,49.549999,2.31,413,59.0,21.1,3,2023-05-16
2023-05-16 11:32:00,16.559999,46.029999,1.35,413,59.0,21.0,3,2023-05-16
2023-05-16 12:02:00,15.999999,51.82,0.82,413,58.900002,20.900002,3,2023-05-16
2023-05-16 12:32:00,15.919999,66.400002,0.62,413,58.900002,20.800001,3,2023-05-16
2023-05-16 13:02:00,15.629999,67.659996,3.2,413,58.799999,20.700001,3,2023-05-16
2023-05-16 13:32:00,17.579998,63.219997,3.45,413,58.799999,20.6,3,2023-05-16
2023-05-16 14:02:00,18.869999,58.23,3.18,413,58.799999,20.6,3,2023-05-16
2023-05-16 14:32:00,19.049999,56.759998,3.49,413,58.799999,20.700001,3,2023-05-16
2023-05-16 15:02:00,19.389999,55.59,2.95,413,58.799999,20.700001,3,2023-05-16
2023-05-16 15:32:00,19.389999,55.739998,1.56,413,58.799999,20.700001,3,2023-05-16
2023-05-16 16:02:00,18.139999,61.149998,0.71,413,58.799999,20.700001,3,2023-05-16
2023-05-16 16:32:00,16.419998,66.439995,0.05,413,58.799999,20.6,3,2023-05-16
2023-05-16 17:02:00,14.709999,71.459999,0.0,413,58.799999,20.6,3,2023-05-16
2023-05-16 17:32:00,13.599998,73.809998,0.0,413,58.700001,20.400002,3,2023-05-16
2023-05-16 18:02:00,12.869999,77.159996,0.0,413,58.700001,20.300001,3,2023-05-16
2023-05-16 18:32:00,12.409999,77.449997,0.0,413,58.600002,20.1,3,2023-05-16
2023-05-16 19:02:00,11.959999,78.400002,0.0,413,58.5,19.900002,3,2023-05-16
2023-05-16 19:32:00,11.549999,78.379997,0.0,413,58.5,19.700001,3,2023-05-16
2023-05-16 20:02:00,11.119999,77.610001,0.0,413,58.400002,19.5,3,2023-05-16
2023-05-16 20:32:00,10.769999,79.869995,0.0,413,58.299999,19.300001,3,2023-05-16
2023-05-16 21:02:00,10.779999,80.919998,0.0,413,58.299999,19.1,3,2023-05-16
2023-05-16 21:32:00,10.909999,82.209999,0.0,413,58.200001,19.0,3,2023-05-16
2023-05-16 22:02:00,10.809999,80.970001,0.0,413,58.100002,18.800001,3,2023-05-16
2023-05-16 22:32:00,10.549999,81.979996,0.0,413,58.100002,18.700001,3,2023-05-16
2023-05-16 23:02:00,10.139998,80.5,0.0,413,58.100002,18.5,3,2023-05-16
2023-05-16 23:32:00,9.729999,80.309998,0.0,413,58.0,18.300001,3,2023-05-16
2023-05-17 00:02:00,9.639998,81.93,0.0,413,57.900002,18.200001,3,2023-05-17
2023-05-17 00:32:00,9.369999,81.040001,0.0,413,57.900002,18.0,3,2023-05-17
2023-05-17 01:02:00,9.099998,82.919998,0.0,413,57.900002,17.900002,3,2023-05-17
2023-05-17 01:32:00,9.199999,83.839996,0.1,413,57.799999,17.800001,3,2023-05-17
2023-05-17 02:02:00,9.529999,83.939995,0.61,413,57.700001,17.6,3,2023-05-17
2023-05-17 02:32:00,10.149999,83.900002,1.62,413,57.700001,17.5,3,2023-05-17
2023-05-17 03:02:00,11.009999,81.470001,2.23,413,57.700001,17.400002,3,2023-05-17
2023-05-17 03:32:00,12.839999,83.529999,4.41,413,57.600002,17.300001,3,2023-05-17
2023-05-17 04:02:00,16.859999,73.689995,4.84,413,57.600002,17.300001,3,2023-05-17
2023-05-17 04:32:00,19.849998,64.900002,7.58,413,57.700001,17.5,3,2023-05-17
2023-05-17 05:02:00,22.539999,60.5,9.86,413,57.799999,17.6,3,2023-05-17
2023-05-17 05:32:00,24.679998,56.02,10.219999,413,57.799999,18.0,3,2023-05-17
2023-05-17 06:02:00,26.259998,52.099998,10.099999,413,57.799999,18.300001,3,2023-05-17
2023-05-17 06:32:00,29.649998,46.419998,32.040001,413,57.900002,18.700001,3,2023-05-17
2023-05-17 07:02:00,31.739998,22.619999,23.269999,413,58.0,19.300001,3,2023-05-17
2023-05-17 07:32:00,33.299999,18.4,34.66,413,58.100002,20.1,3,2023-05-17
2023-05-17 08:02:00,34.689999,16.08,31.84,413,58.299999,21.0,3,2023-05-17
2023-05-17 08:32:00,35.689999,16.32,28.75,413,58.5,22.1,3,2023-05-17
2023-05-17 09:02:00,38.239998,13.59,47.129997,413,58.799999,23.400002,3,2023-05-17
2023-05-17 09:32:00,37.209999,12.73,47.189999,413,59.0,24.6,3,2023-05-17
2023-05-17 10:02:00,40.849998,12.92,47.139999,413,59.100002,25.800001,3,2023-05-17
2023-05-17 10:32:00,42.089996,12.11,49.399998,413,59.299999,26.5,3,2023-05-17
2023-05-17 11:02:00,42.359997,9.19,37.889999,413,59.400002,27.0,3,2023-05-17
2023-05-17 11:32:00,40.429996,13.67,13.9,413,59.5,27.6,3,2023-05-17
2023-05-17 12:02:00,38.919998,13.13,13.2,413,59.600002,28.1,3,2023-05-17
2023-05-17 12:32:00,38.349998,12.78,11.48,413,59.700001,28.6,3,2023-05-17
2023-05-17 13:02:00,37.429996,12.03,8.91,413,59.799999,29.200001,3,2023-05-17
2023-05-17 13:32:00,36.199997,11.84,11.73,413,59.900002,29.5,3,2023-05-17
2023-05-17 14:02:00,35.169998,17.539999,9.19,413,59.799999,29.6,3,2023-05-17
2023-05-17 14:32:00,35.509998,20.23,7.23,413,59.799999,29.6,3,2023-05-17
2023-05-17 15:02:00,35.269997,21.92,3.53,413,59.700001,29.5,3,2023-05-17
2023-05-17 15:32:00,32.849998,29.289999,1.33,413,59.700001,29.300001,3,2023-05-17
2023-05-17 16:02:00,29.179998,34.509998,0.51,413,59.600002,29.0,3,2023-05-17
2023-05-17 16:32:00,25.969999,39.309998,0.05,413,59.5,28.6,3,2023-05-17
2023-05-17 17:02:00,23.619999,42.040001,0.0,413,59.400002,28.300001,3,2023-05-17
2023-05-17 17:32:00,22.209999,44.73,0.0,413,59.299999,27.900002,3,2023-05-17
2023-05-17 18:02:00,21.239998,46.169998,0.0,413,59.299999,27.5,3,2023-05-17
2023-05-17 18:32:00,20.509998,48.549999,0.0,413,59.100002,27.1,3,2023-05-17
2023-05-17 19:02:00,19.909998,52.199997,0.0,413,59.100002,26.700001,3,2023-05-17
2023-05-17 19:32:00,19.309999,56.599998,0.0,413,59.0,26.300001,3,2023-05-17
2023-05-17 20:02:00,18.749998,60.299999,0.0,413,58.900002,26.0,3,2023-05-17
2023-05-17 20:32:00,18.189999,63.739998,0.0,413,58.900002,25.700001,3,2023-05-17
2023-05-17 21:02:00,17.269999,67.519997,0.0,413,58.700001,25.300001,3,2023-05-17
2023-05-17 21:32:00,16.499998,69.869995,0.0,413,58.700001,25.0,3,2023-05-17
2023-05-17 22:02:00,15.769999,72.049995,0.0,413,58.700001,24.700001,3,2023-05-17
2023-05-17 22:32:00,15.229999,73.5,0.0,413,58.600002,24.300001,3,2023-05-17
2023-05-17 23:02:00,14.769999,75.089996,0.0,413,58.5,24.0,3,2023-05-17
2023-05-17 23:32:00,14.429998,76.029999,0.0,413,58.299999,23.700001,3,2023-05-17
2023-05-18 00:02:00,14.119999,76.919998,0.0,413,58.299999,23.400002,3,2023-05-18
2023-05-18 00:32:00,13.779999,77.839996,0.0,413,58.200001,23.1,3,2023-05-18
2023-05-18 01:02:00,13.519999,78.409996,0.0,413,58.0,22.800001,3,2023-05-18
2023-05-18 01:32:00,13.169999,79.360001,0.11,413,57.900002,22.5,3,2023-05-18
2023-05-18 02:02:00,13.119999,79.759995,0.93,413,57.900002,22.300001,3,2023-05-18
2023-05-18 02:32:00,13.579999,80.299995,1.55,413,57.700001,22.0,3,2023-05-18
2023-05-18 03:02:00,14.409999,80.159996,3.23,413,57.600002,21.800001,3,2023-05-18
2023-05-18 03:32:00,15.949999,79.349998,5.9,413,57.700001,21.6,3,2023-05-18
2023-05-18 04:02:00,18.209999,74.279999,5.67,413,57.600002,21.5,3,2023-05-18
2023-05-18 04:32:00,21.099998,67.639999,8.309999,413,57.5,21.5,3,2023-05-18
2023-05-18 05:02:00,25.199999,55.719997,18.389999,413,57.5,21.6,3,2023-05-18
2023-05-18 05:32:00,31.229998,42.509998,26.07,413,57.400002,21.800001,3,2023-05-18
2023-05-18 06:02:00,30.849998,30.58,55.029999,413,57.5,22.400002,3,2023-05-18
2023-05-18 06:32:00,29.699999,30.809999,30.76,413,57.600002,23.0,3,2023-05-18
2023-05-18 07:02:00,30.869999,28.559999,24.26,413,57.700001,23.6,3,2023-05-18
2023-05-18 07:32:00,31.229998,26.189999,34.899998,413,57.799999,24.300001,3,2023-05-18
2023-05-18 08:02:00,31.829998,25.93,32.869999,413,57.900002,25.1,3,2023-05-18
2023-05-18 08:32:00,33.16,20.18,6.28,413,57.900002,25.900002,3,2023-05-18
2023-05-18 09:02:00,34.739998,17.35,8.15,413,58.100002,26.5,3,2023-05-18
2023-05-18 09:32:00,35.049999,15.23,7.66,413,58.100002,26.700001,3,2023-05-18
2023-05-18 10:02:00,35.0,14.73,7.11,413,58.200001,26.800001,3,2023-05-18
2023-05-18 10:32:00,35.369999,12.099999,6.84,413,58.200001,27.0,3,2023-05-18
2023-05-18 11:02:00,34.209999,12.46,5.5,413,58.200001,27.1,3,2023-05-18
2023-05-18 11:32:00,32.169998,12.92,6.45,413,58.200001,27.300001,3,2023-05-18
2023-05-18 12:02:00,33.269997,11.66,2.66,413,58.200001,27.300001,3,2023-05-18
2023-05-18 12:32:00,32.599998,13.5,4.79,413,58.200001,27.300001,3,2023-05-18
2023-05-18 13:02:00,33.619999,11.92,5.25,413,58.200001,27.6,3,2023-05-18
2023-05-18 13:32:00,33.07,12.94,2.35,413,58.299999,27.900002,3,2023-05-18
2023-05-18 14:02:00,30.319998,16.209999,7.38,413,58.299999,28.0,3,2023-05-18
2023-05-18 14:32:00,30.839998,24.99,5.65,413,58.200001,27.800001,3,2023-05-18
2023-05-18 15:02:00,32.019997,26.07,3.47,413,58.100002,27.700001,3,2023-05-18
2023-05-18 15:32:00,31.019999,28.26,1.65,413,58.100002,27.6,3,2023-05-18
2023-05-18 16:02:00,28.509998,31.59,0.63,413,58.100002,27.5,3,2023-05-18
2023-05-18 16:32:00,25.539999,38.739998,0.06,413,58.0,27.300001,3,2023-05-18
2023-05-18 17:02:00,22.749998,47.09,0.0,413,58.100002,27.1,3,2023-05-18
2023-05-18 17:32:00,20.769999,52.84,0.0,413,58.0,26.700001,3,2023-05-18
2023-05-18 18:02:00,19.799999,58.009998,0.0,413,57.900002,26.400002,3,2023-05-18
2023-05-18 18:32:00,18.809999,60.449997,0.0,413,57.900002,26.1,3,2023-05-18
2023-05-18 19:02:00,17.969999,62.789997,0.0,413,57.700001,25.700001,3,2023-05-18
2023-05-18 19:32:00,17.559999,64.909996,0.0,413,57.700001,25.400002,3,2023-05-18
2023-05-18 20:02:00,17.239998,67.470001,0.0,413,57.600002,25.1,3,2023-05-18
2023-05-18 20:32:00,16.789999,68.129997,0.0,413,57.600002,24.800001,3,2023-05-18
2023-05-18 21:02:00,16.409998,70.43,0.0,413,57.400002,24.5,3,2023-05-18
2023-05-18 21:32:00,15.879999,71.75,0.0,413,57.400002,24.200001,3,2023-05-18
2023-05-18 22:02:00,15.469998,72.760002,0.0,413,57.200001,23.900002,3,2023-05-18
2023-05-18 22:32:00,14.999999,73.459999,0.0,413,57.200001,23.6,3,2023-05-18
2023-05-18 23:02:00,14.649999,74.119995,0.0,413,57.0,23.300001,3,2023-05-18
2023-05-18 23:32:00,14.369999,73.599998,0.0,413,57.0,23.1,3,2023-05-18
2023-05-19 00:02:00,14.049999,74.949997,0.0,413,56.799999,22.800001,3,2023-05-19
2023-05-19 00:32:00,14.029999,78.449997,0.0,413,56.799999,22.5,3,2023-05-19
2023-05-19 01:02:00,13.839999,77.979996,0.0,413,56.600002,22.300001,3,2023-05-19
2023-05-19 01:32:00,13.729999,77.93,0.11,413,56.600002,22.1,3,2023-05-19
2023-05-19 02:02:00,13.849998,78.32,0.8,413,56.5,21.800001,3,2023-05-19
2023-05-19 02:32:00,14.559999,78.32,1.92,413,56.400002,21.6,3,2023-05-19
2023-05-19 03:02:00,15.839999,77.509995,3.42,413,56.400002,21.5,3,2023-05-19
2023-05-19 03:32:00,17.809999,74.559998,4.95,413,56.299999,21.400002,3,2023-05-19
2023-05-19 04:02:00,21.399998,65.010002,8.559999,413,56.299999,21.400002,3,2023-05-19
2023-05-19 04:32:00,26.019999,52.34,9.91,413,56.299999,21.5,3,2023-05-19
2023-05-19 05:02:00,30.339998,43.110001,17.35,413,56.100002,21.6,3,2023-05-19
2023-05-19 05:32:00,30.729998,24.049999,28.07,413,56.100002,22.0,3,2023-05-19
2023-05-19 06:02:00,32.059998,21.359999,43.32,413,56.299999,22.700001,3,2023-05-19
2023-05-19 06:32:00,32.84,21.119999,20.9,413,56.400002,23.400002,3,2023-05-19
2023-05-19 07:02:00,33.509998,18.389999,20.799999,413,56.5,24.1,3,2023-05-19
2023-05-19 07:32:00,34.119999,16.01,11.66,413,56.600002,24.6,3,2023-05-19
2023-05-19 08:02:00,33.75,16.549999,8.16,413,56.600002,25.1,3,2023-05-19
2023-05-19 08:32:00,34.98,12.28,6.45,413,56.700001,25.400002,3,2023-05-19
2023-05-19 09:02:00,35.439999,12.389999,7.29,413,56.799999,25.6,3,2023-05-19
2023-05-19 09:32:00,34.599998,12.3,7.44,413,56.799999,26.0,3,2023-05-19
2023-05-19 10:02:00,34.079998,13.08,7.12,413,56.799999,26.200001,3,2023-05-19
2023-05-19 10:32:00,33.849998,13.78,6.71,413,56.799999,26.400002,3,2023-05-19
2023-05-19 11:02:00,33.25,13.38,5.9,413,56.900002,26.5,3,2023-05-19
2023-05-19 11:32:00,34.419998,11.929999,3.88,413,56.900002,26.700001,3,2023-05-19
2023-05-19 12:02:00,33.299999,13.11,3.96,413,56.900002,26.900002,3,2023-05-19
2023-05-19 12:32:00,32.099998,14.969999,3.17,413,57.0,27.0,3,2023-05-19
2023-05-19 13:02:00,30.609999,17.719999,10.38,413,57.0,27.1,3,2023-05-19
2023-05-19 13:32:00,30.079998,18.719999,8.38,413,57.0,27.5,3,2023-05-19
2023-05-19 14:02:00,28.969999,26.699999,4.48,413,57.0,27.6,3,2023-05-19
2023-05-19 14:32:00,30.289999,24.269999,4.97,413,57.0,27.6,3,2023-05-19
2023-05-19 15:02:00,30.669998,27.029999,2.73,413,57.0,27.5,3,2023-05-19
2023-05-19 15:32:00,29.569998,31.299999,1.32,413,56.900002,27.400002,3,2023-05-19
2023-05-19 16:02:00,27.849998,35.75,0.41,413,56.799999,27.300001,3,2023-05-19
2023-05-19 16:32:00,26.009998,41.110001,0.04,413,56.799999,27.1,3,2023-05-19
2023-05-19 17:02:00,24.649998,46.889999,0.0,413,56.700001,26.800001,3,2023-05-19
2023-05-19 17:32:00,23.859999,49.059998,0.0,413,56.600002,26.6,3,2023-05-19
2023-05-19 18:02:00,23.199999,50.860001,0.0,413,56.799999,26.400002,3,2023-05-19
2023-05-19 18:32:00,22.699999,50.669998,0.0,413,56.700001,26.1,3,2023-05-19
2023-05-19 19:02:00,21.689999,51.610001,0.0,413,56.600002,26.0,3,2023-05-19
2023-05-19 19:32:00,20.599998,57.989998,0.0,413,56.600002,25.700001,3,2023-05-19
2023-05-19 20:02:00,19.949999,62.849998,0.0,413,56.400002,25.5,3,2023-05-19
2023-05-19 20:32:00,19.589998,67.949997,0.0,413,56.400002,25.200001,3,2023-05-19
2023-05-19 21:02:00,19.459999,71.129997,0.0,413,56.400002,25.0,3,2023-05-19
2023-05-19 21:32:00,19.069998,72.799995,0.0,413,56.299999,24.800001,3,2023-05-19
2023-05-19 22:02:00,18.799999,75.919998,0.0,413,56.200001,24.5,3,2023-05-19
2023-05-19 22:32:00,18.48,78.089996,0.0,413,56.100002,24.300001,3,2023-05-19
2023-05-19 23:02:00,18.139999,78.93,0.0,413,56.100002,24.1,3,2023-05-19
2023-05-19 23:32:00,17.879999,80.729996,0.0,413,56.0,23.900002,3,2023-05-19
2023-05-20 00:02:00,17.719999,82.209999,0.0,413,55.900002,23.700001,3,2023-05-20
2023-05-20 00:32:00,17.579998,82.279999,0.0,413,55.900002,23.5,3,2023-05-20
2023-05-20 01:02:00,17.379999,81.419998,0.0,413,55.799999,23.300001,3,2023-05-20
2023-05-20 01:32:00,17.199999,82.07,0.05,413,55.700001,23.1,3,2023-05-20
2023-05-20 02:02:00,17.159998,82.32,0.2,413,55.600002,23.0,3,2023-05-20
2023-05-20 02:32:00,17.279999,81.5,0.56,413,55.600002,22.800001,3,2023-05-20
2023-05-20 03:02:00,17.549999,79.949997,1.0,413,55.5,22.6,3,2023-05-20
2023-05-20 03:32:00,18.039999,79.369995,2.08,413,55.5,22.5,3,2023-05-20
2023-05-20 04:02:00,18.9,77.119995,1.99,413,55.400002,22.300001,3,2023-05-20
2023-05-20 04:32:00,19.779999,73.580002,4.05,413,55.400002,22.300001,3,2023-05-20
2023-05-20 05:02:00,21.029999,69.93,5.3,413,55.299999,22.200001,3,2023-05-20
2023-05-20 05:32:00,22.989998,63.389999,6.77,413,55.299999,22.300001,3,2023-05-20
2023-05-20 06:02:00,24.169998,60.699997,2.84,413,55.200001,22.300001,3,2023-05-20
2023-05-20 06:32:00,23.829998,60.579998,7.19,413,55.100002,22.400002,3,2023-05-20
2023-05-20 07:02:00,25.759998,53.959999,9.17,413,55.100002,22.5,3,2023-05-20
2023-05-20 07:32:00,27.369999,44.299999,6.56,413,55.100002,22.6,3,2023-05-20
2023-05-20 08:02:00,25.729998,43.969997,6.05,413,55.200001,22.800001,3,2023-05-20
2023-05-20 08:32:00,25.039999,45.169998,5.39,413,55.200001,23.0,3,2023-05-20
2023-05-20 09:02:00,25.669998,42.73,10.83,413,55.200001,23.1,3,2023-05-20
2023-05-20 09:32:00,27.789999,39.379997,12.05,413,55.200001,23.200001,3,2023-05-20
2023-05-20 10:02:00,28.899998,33.23,11.849999,413,55.200001,23.5,3,2023-05-20
2023-05-20 10:32:00,29.959999,31.969999,11.27,413,55.200001,23.700001,3,2023-05-20
2023-05-20 11:02:00,29.579998,29.849998,8.33,413,55.200001,24.0,3,2023-05-20
2023-05-20 11:32:00,27.559998,29.879999,10.61,413,55.299999,24.200001,3,2023-05-20
2023-05-20 12:02:00,26.499998,29.389999,9.83,413,55.299999,24.300001,3,2023-05-20
2023-05-20 12:32:00,26.409998,34.040001,4.34,413,55.299999,24.5,3,2023-05-20
2023-05-20 13:02:00,26.989998,37.489998,5.71,413,55.400002,24.6,3,2023-05-20
2023-05-20 13:32:00,27.719999,37.809998,4.53,413,55.299999,24.6,3,2023-05-20
2023-05-20 14:02:00,27.189999,40.66,3.55,413,55.299999,24.6,3,2023-05-20
2023-05-20 14:32:00,25.929998,45.329998,1.99,413,55.5,24.5,3,2023-05-20
2023-05-20 15:02:00,24.359999,49.799999,1.46,413,55.299999,24.5,3,2023-05-20
2023-05-20 15:32:00,22.999998,53.869999,1.02,413,55.400002,24.300001,3,2023-05-20
2023-05-20 16:02:00,21.909998,56.84,0.41,413,55.400002,24.200001,3,2023-05-20
2023-05-20 16:32:00,20.749998,60.709999,0.04,413,55.299999,24.0,3,2023-05-20
2023-05-20 17:02:00,19.589998,65.790001,0.0,413,55.299999,23.900002,3,2023-05-20
2023-05-20 17:32:00,18.809999,69.049995,0.0,413,55.200001,23.700001,3,2023-05-20
2023-05-20 18:02:00,18.309999,72.229996,0.0,413,55.200001,23.5,3,2023-05-20
2023-05-20 18:32:00,17.949999,73.409996,0.0,413,55.100002,23.300001,3,2023-05-20
2023-05-20 19:02:00,17.739998,74.290001,0.0,413,55.0,23.1,3,2023-05-20
2023-05-20 19:32:00,17.499998,75.949997,0.0,413,55.0,22.900002,3,2023-05-20
2023-05-20 20:02:00,17.199999,77.009995,0.0,413,54.900002,22.700001,3,2023-05-20
2023-05-20 20:32:00,16.619999,79.419998,0.0,413,54.900002,22.5,3,2023-05-20
2023-05-20 21:02:00,16.519999,80.689995,0.0,413,54.799999,22.300001,3,2023-05-20
2023-05-20 21:32:00,16.429998,80.879997,0.0,413,54.700001,22.1,3,2023-05-20
2023-05-20 22:02:00,16.219999,81.32,0.0,413,54.700001,22.0,3,2023-05-20
2023-05-20 22:32:00,15.819999,81.239998,0.0,413,54.700001,21.800001,3,2023-05-20
2023-05-20 23:02:00,15.239999,81.57,0.0,413,54.400002,21.6,3,2023-05-20
2023-05-20 23:32:00,14.719998,82.199997,0.0,413,54.299999,21.5,3,2023-05-20
2023-05-21 00:02:00,14.369999,82.82,0.0,413,54.299999,21.300001,3,2023-05-21
2023-05-21 00:32:00,14.059999,83.369995,0.0,413,54.200001,21.1,3,2023-05-21
2023-05-21 01:02:00,13.849998,83.040001,0.0,413,54.100002,21.0,3,2023-05-21
2023-05-21 01:32:00,13.589999,83.799995,0.09,413,54.0,20.800001,3,2023-05-21
2023-05-21 02:02:00,13.619999,83.989998,0.51,413,54.0,20.6,3,2023-05-21
2023-05-21 02:32:00,13.919999,84.879997,1.2,413,53.900002,20.5,3,2023-05-21
2023-05-21 03:02:00,14.709999,85.25,2.15,413,53.799999,20.300001,3,2023-05-21
2023-05-21 03:32:00,15.959999,83.369995,3.08,413,54.0,20.200001,3,2023-05-21
2023-05-21 04:02:00,17.409998,79.169998,4.71,413,53.900002,20.200001,3,2023-05-21
2023-05-21 04:32:00,19.449999,74.699997,6.89,413,53.900002,20.200001,3,2023-05-21
2023-05-21 05:02:00,22.329998,65.959999,9.23,413,53.799999,20.300001,3,2023-05-21
2023-05-21 05:32:00,25.489998,55.82,12.49,413,53.900002,20.5,3,2023-05-21
2023-05-21 06:02:00,28.589998,48.43,14.929999,413,53.799999,20.800001,3,2023-05-21
2023-05-21 06:32:00,31.309998,37.189999,11.16,413,53.900002,21.1,3,2023-05-21
2023-05-21 07:02:00,25.289999,45.549999,11.33,413,54.0,21.5,3,2023-05-21
2023-05-21 07:32:00,25.749998,52.09,13.42,413,54.100002,21.700001,3,2023-05-21
2023-05-21 08:02:00,27.199999,48.799999,36.630001,413,54.0,21.900002,3,2023-05-21
2023-05-21 08:32:00,27.709999,50.509998,32.200001,413,54.100002,22.200001,3,2023-05-21
2023-05-21 09:02:00,30.679998,41.23,12.36,413,54.100002,22.5,3,2023-05-21
2023-05-21 09:32:00,30.969999,46.41,15.29,413,54.299999,22.800001,3,2023-05-21
2023-05-21 10:02:00,29.539999,35.52,3.16,413,54.299999,23.300001,3,2023-05-21
2023-05-21 10:32:00,30.189999,47.439999,18.139999,413,54.400002,23.5,3,2023-05-21
2023-05-21 11:02:00,35.139999,41.18,53.68,413,54.400002,23.800001,3,2023-05-21
2023-05-21 11:32:00,36.779999,35.139999,10.69,413,54.5,24.400002,3,2023-05-21
2023-05-21 12:02:00,35.91,37.079998,12.03,413,54.600002,24.900002,3,2023-05-21
2023-05-21 12:32:00,38.529999,35.43,14.75,413,54.700001,25.6,3,2023-05-21
2023-05-21 13:02:00,35.609997,25.109999,9.07,413,54.799999,26.6,3,2023-05-21
2023-05-21 13:32:00,31.749998,27.76,8.7,413,55.0,27.200001,3,2023-05-21
2023-05-21 14:02:00,30.389997,31.84,7.16,413,55.100002,27.200001,3,2023-05-21
2023-05-21 14:32:00,32.769997,31.25,7.79,413,55.100002,27.300001,3,2023-05-21
2023-05-21 15:02:00,30.919998,36.869999,0.14,413,55.200001,27.300001,3,2023-05-21
2023-05-21 15:32:00,25.729998,48.27,0.13,413,55.100002,27.1,3,2023-05-21
2023-05-21 16:02:00,22.549999,58.27,0.38,413,55.0,26.700001,3,2023-05-21
2023-05-21 16:32:00,21.069998,64.449997,0.0,413,55.100002,26.300001,3,2023-05-21
2023-05-21 17:02:00,20.069998,67.279999,0.0,413,55.0,26.0,3,2023-05-21
2023-05-21 17:32:00,19.189999,71.07,0.0,413,55.0,25.6,3,2023-05-21
2023-05-21 18:02:00,18.469999,74.129997,0.0,413,54.799999,25.300001,3,2023-05-21
2023-05-21 18:32:00,17.969999,76.019997,0.0,413,54.799999,25.0,3,2023-05-21
2023-05-21 19:02:00,17.249998,76.610001,0.0,413,54.700001,24.6,3,2023-05-21
2023-05-21 19:32:00,16.569998,77.629997,0.0,413,54.600002,24.300001,3,2023-05-21
2023-05-21 20:02:00,16.019999,78.439995,0.0,413,54.600002,24.0,3,2023-05-21
2023-05-21 20:32:00,15.459999,78.849998,0.0,413,54.299999,23.800001,3,2023-05-21
2023-05-21 21:02:00,14.979999,79.639999,0.0,413,54.299999,23.400002,3,2023-05-21
2023-05-21 21:32:00,14.549999,80.470001,0.0,413,54.100002,23.1,3,2023-05-21
2023-05-21 22:02:00,14.049999,79.650002,0.0,413,54.0,22.800001,3,2023-05-21
2023-05-21 22:32:00,13.839999,82.489998,0.0,413,53.799999,22.6,3,2023-05-21
2023-05-21 23:02:00,13.779999,83.330002,0.0,413,53.700001,22.300001,3,2023-05-21
2023-05-21 23:32:00,13.599998,83.07,0.0,413,53.600002,22.0,3,2023-05-21
2023-05-22 00:02:00,13.319999,83.080002,0.0,413,53.5,21.800001,3,2023-05-22
2023-05-22 00:32:00,12.989999,83.059998,0.0,413,53.400002,21.5,3,2023-05-22
2023-05-22 01:02:00,12.689999,83.580002,0.0,413,53.299999,21.300001,3,2023-05-22
2023-05-22 01:32:00,12.419999,83.739998,0.17,413,53.200001,21.1,3,2023-05-22
2023-05-22 02:02:00,12.359999,84.150002,0.86,413,53.100002,20.900002,3,2023-05-22
2023-05-22 02:32:00,13.069999,85.519997,1.82,413,53.0,20.6,3,2023-05-22
2023-05-22 03:02:00,14.629999,86.159996,2.76,413,52.900002,20.5,3,2023-05-22
2023-05-22 03:32:00,17.199999,83.169998,4.84,413,53.0,20.400002,3,2023-05-22
2023-05-22 04:02:00,22.759998,67.5,12.259999,413,52.900002,20.400002,3,2023-05-22
2023-05-22 04:32:00,28.299999,54.349998,11.78,413,52.799999,20.5,3,2023-05-22
2023-05-22 05:02:00,31.289999,51.860001,22.51,413,52.799999,20.700001,3,2023-05-22
2023-05-22 05:32:00,32.149998,34.049999,32.869999,413,52.900002,21.1,3,2023-05-22
2023-05-22 06:02:00,33.919998,31.889999,18.83,413,52.900002,21.700001,3,2023-05-22
2023-05-22 06:32:00,35.439999,28.73,35.349998,413,53.100002,22.5,3,2023-05-22
2023-05-22 07:02:00,35.919998,27.689999,24.32,413,53.299999,23.300001,3,2023-05-22
2023-05-22 07:32:00,37.169998,26.139999,7.25,413,53.5,24.0,3,2023-05-22
2023-05-22 08:02:00,35.139999,28.619999,10.61,413,53.600002,24.5,3,2023-05-22
2023-05-22 08:32:00,35.459999,22.619999,9.929999,413,53.700001,24.800001,3,2023-05-22
2023-05-22 09:02:00,35.949997,18.74,13.46,413,53.700001,25.0,3,2023-05-22
2023-05-22 09:32:00,36.169998,15.349999,13.16,413,53.799999,25.300001,3,2023-05-22
2023-05-22 10:02:00,33.549999,17.299999,17.709999,413,53.799999,25.5,3,2023-05-22
2023-05-22 10:32:00,25.219999,32.739998,6.08,413,53.900002,25.700001,3,2023-05-22
2023-05-22 11:02:00,26.139999,20.719999,4.33,413,54.0,25.700001,3,2023-05-22
2023-05-22 11:32:00,25.419998,24.4,3.63,413,54.0,25.800001,3,2023-05-22
2023-05-22 12:02:00,26.289999,21.17,5.81,413,54.0,25.700001,3,2023-05-22
2023-05-22 12:32:00,28.739998,21.539999,5.55,413,54.0,25.900002,3,2023-05-22
2023-05-22 13:02:00,30.769999,19.74,6.3,413,54.100002,26.400002,3,2023-05-22
2023-05-22 13:32:00,31.759998,18.719999,11.46,413,54.299999,26.800001,3,2023-05-22
2023-05-22 14:02:00,33.09,19.68,7.62,413,54.400002,27.1,3,2023-05-22
2023-05-22 14:32:00,35.349998,24.75,5.87,413,54.5,27.400002,3,2023-05-22
2023-05-22 15:02:00,34.859997,28.219999,3.42,413,54.600002,27.5,3,2023-05-22
2023-05-22 15:32:00,32.799999,27.459999,1.86,413,54.600002,27.400002,3,2023-05-22
2023-05-22 16:02:00,29.949999,34.669998,0.75,413,54.600002,27.300001,3,2023-05-22
2023-05-22 16:32:00,26.649998,39.529999,0.12,413,54.5,27.0,3,2023-05-22
2023-05-22 17:02:00,23.489998,46.259998,0.0,413,54.700001,26.700001,3,2023-05-22
2023-05-22 17:32:00,21.179998,50.93,0.0,413,54.700001,26.400002,3,2023-05-22
2023-05-22 18:02:00,19.689999,55.82,0.0,413,54.600002,26.1,3,2023-05-22
2023-05-22 18:32:00,18.599998,58.779999,0.0,413,54.5,25.700001,3,2023-05-22
2023-05-22 19:02:00,17.749998,61.73,0.0,413,54.5,25.300001,3,2023-05-22
2023-05-22 19:32:00,17.069998,64.939995,0.0,413,54.5,25.0,3,2023-05-22
2023-05-22 20:02:00,16.429998,66.949997,0.0,413,54.400002,24.700001,3,2023-05-22
2023-05-22 20:32:00,15.939999,68.5,0.0,413,54.299999,24.300001,3,2023-05-22
2023-05-22 21:02:00,15.439999,70.809998,0.0,413,54.299999,24.0,3,2023-05-22
2023-05-22 21:32:00,15.049999,72.080002,0.0,413,54.100002,23.800001,3,2023-05-22
2023-05-22 22:02:00,14.699999,73.010002,0.0,413,54.0,23.5,3,2023-05-22
2023-05-22 22:32:00,14.339999,74.159996,0.0,413,53.900002,23.1,3,2023-05-22
2023-05-22 23:02:00,13.969998,74.459999,0.0,413,53.799999,22.900002,3,2023-05-22
2023-05-22 23:32:00,13.679998,75.150002,0.0,413,53.700001,22.6,3,2023-05-22
2023-05-23 00:02:00,13.449999,76.220001,0.0,413,53.600002,22.300001,3,2023-05-23
2023-05-23 00:32:00,13.209999,75.869995,0.0,413,53.5,22.1,3,2023-05-23
2023-05-23 01:02:00,12.919999,76.299995,0.0,413,53.5,21.800001,3,2023-05-23
2023-05-23 01:32:00,12.679998,77.699997,0.19,413,53.400002,21.6,3,2023-05-23
2023-05-23 02:02:00,12.669999,78.699997,0.91,413,53.299999,21.300001,3,2023-05-23
2023-05-23 02:32:00,13.339999,80.939995,1.48,413,53.200001,21.1,3,2023-05-23
2023-05-23 03:02:00,14.729999,77.949997,2.86,413,53.100002,21.0,3,2023-05-23
2023-05-23 03:32:00,17.879999,68.909996,4.97,413,53.299999,20.800001,3,2023-05-23
2023-05-23 04:02:00,23.869999,52.869999,12.67,413,53.200001,20.800001,3,2023-05-23
2023-05-23 04:32:00,29.359999,41.360001,12.36,413,53.100002,20.900002,3,2023-05-23
2023-05-23 05:02:00,32.879997,37.149998,20.359999,413,53.100002,21.1,3,2023-05-23
2023-05-23 05:32:00,33.789997,22.35,32.899998,413,53.200001,21.6,3,2023-05-23
2023-05-23 06:02:00,29.039999,26.82,7.94,413,53.299999,22.200001,3,2023-05-23
2023-05-23 06:32:00,27.809998,25.789999,7.87,413,53.5,22.700001,3,2023-05-23
2023-05-23 07:02:00,28.839998,24.049999,8.03,413,53.5,23.0,3,2023-05-23
2023-05-23 07:32:00,29.609999,22.279999,7.94,413,53.600002,23.400002,3,2023-05-23
2023-05-23 08:02:00,29.899998,20.16,8.8,413,53.600002,23.6,3,2023-05-23
2023-05-23 08:32:00,31.119999,17.279999,8.44,413,53.700001,24.0,3,2023-05-23
2023-05-23 09:02:00,32.929996,15.03,10.469999,413,53.799999,24.300001,3,2023-05-23
2023-05-23 09:32:00,31.659998,15.509999,10.11,413,53.799999,24.6,3,2023-05-23
2023-05-23 10:02:00,31.469999,16.379999,9.309999,413,53.900002,25.0,3,2023-05-23
2023-05-23 10:32:00,32.439999,16.609999,9.37,413,54.0,25.300001,3,2023-05-23
2023-05-23 11:02:00,32.609997,16.01,8.29,413,54.0,25.6,3,2023-05-23
2023-05-23 11:32:00,32.509998,15.13,6.86,413,54.100002,25.800001,3,2023-05-23
2023-05-23 12:02:00,32.029999,14.57,7.41,413,54.100002,26.1,3,2023-05-23
2023-05-23 12:32:00,31.629999,14.589999,7.83,413,54.100002,26.5,3,2023-05-23
2023-05-23 13:02:00,31.759998,17.709999,4.88,413,54.299999,27.200001,3,2023-05-23
2023-05-23 13:32:00,31.809998,15.559999,5.72,413,54.5,27.700001,3,2023-05-23
2023-05-23 14:02:00,30.929998,16.5,5.87,413,54.5,27.800001,3,2023-05-23
2023-05-23 14:32:00,33.82,21.469999,5.62,413,54.5,27.800001,3,2023-05-23
2023-05-23 15:02:00,35.32,21.389999,3.76,413,54.5,27.800001,3,2023-05-23
2023-05-23 15:32:00,33.809998,20.539999,1.86,413,54.5,27.800001,3,2023-05-23
2023-05-23 16:02:00,30.899998,26.24,0.68,413,54.5,27.6,3,2023-05-23
2023-05-23 16:32:00,27.869999,31.679998,0.13,413,54.5,27.5,3,2023-05-23
2023-05-23 17:02:00,25.259998,37.459999,0.0,413,54.400002,27.200001,3,2023-05-23
2023-05-23 17:32:00,23.229998,43.98,0.0,413,54.5,27.0,3,2023-05-23
2023-05-23 18:02:00,21.969999,50.129997,0.0,413,54.400002,26.6,3,2023-05-23
2023-05-23 18:32:00,20.989998,52.779999,0.0,413,54.299999,26.300001,3,2023-05-23
2023-05-23 19:02:00,20.379999,46.52,0.0,413,54.299999,26.0,3,2023-05-23
2023-05-23 19:32:00,20.059999,42.889999,0.0,413,54.200001,25.800001,3,2023-05-23
2023-05-23 20:02:00,19.739998,42.169998,0.0,413,54.100002,25.5,3,2023-05-23
2023-05-23 20:32:00,19.389999,42.329998,0.0,413,54.0,25.200001,3,2023-05-23
2023-05-23 21:02:00,19.15,43.200001,0.0,413,54.0,25.0,3,2023-05-23
2023-05-23 21:32:00,18.759998,46.369999,0.0,413,53.900002,24.700001,3,2023-05-23
2023-05-23 22:02:00,18.349998,47.73,0.0,413,53.799999,24.5,3,2023-05-23
2023-05-23 22:32:00,18.039999,46.759998,0.0,413,53.700001,24.200001,3,2023-05-23
2023-05-23 23:02:00,17.819998,47.539997,0.0,413,53.600002,24.0,3,2023-05-23
2023-05-23 23:32:00,17.499998,50.349998,0.0,413,53.600002,23.800001,3,2023-05-23
2023-05-24 00:02:00,17.099998,53.809998,0.0,413,53.5,23.5,3,2023-05-24
2023-05-24 00:32:00,16.789999,53.360001,0.0,413,53.400002,23.300001,3,2023-05-24
2023-05-24 01:02:00,16.539999,52.709999,0.0,413,53.400002,23.1,3,2023-05-24
2023-05-24 01:32:00,16.379999,52.119999,0.16,413,53.299999,22.900002,3,2023-05-24
2023-05-24 02:02:00,16.549999,52.57,1.03,413,53.200001,22.700001,3,2023-05-24
2023-05-24 02:32:00,17.549999,51.669998,2.29,413,53.100002,22.5,3,2023-05-24
2023-05-24 03:02:00,18.719999,45.07,3.03,413,53.0,22.400002,3,2023-05-24
2023-05-24 03:32:00,19.809999,42.02,4.82,413,52.900002,22.300001,3,2023-05-24
2023-05-24 04:02:00,23.669998,40.469997,12.139999,413,52.900002,22.300001,3,2023-05-24
2023-05-24 04:32:00,28.979998,34.549999,14.73,413,52.799999,22.300001,3,2023-05-24
2023-05-24 05:02:00,32.709999,29.07,19.6,413,52.799999,22.5,3,2023-05-24
2023-05-24 05:32:00,31.869999,19.779999,31.24,413,52.799999,23.0,3,2023-05-24
2023-05-24 06:02:00,29.479998,22.32,20.439999,413,52.900002,23.5,3,2023-05-24
2023-05-24 06:32:00,31.329998,20.18,29.219999,413,52.900002,24.1,3,2023-05-24
2023-05-24 07:02:00,32.049999,18.869999,21.08,413,53.100002,24.700001,3,2023-05-24
2023-05-24 07:32:00,33.429996,19.9,28.92,413,53.100002,25.1,3,2023-05-24
2023-05-24 08:02:00,34.119999,18.99,30.869999,413,53.100002,25.400002,3,2023-05-24
2023-05-24 08:32:00,36.009998,18.369999,28.59,413,53.200001,25.700001,3,2023-05-24
2023-05-24 09:02:00,35.149998,18.26,32.779999,413,53.299999,26.1,3,2023-05-24
2023-05-24 09:32:00,35.82,21.559999,20.529999,413,53.299999,26.5,3,2023-05-24
2023-05-24 10:02:00,33.949997,17.359999,35.66,413,53.400002,26.900002,3,2023-05-24
2023-05-24 10:32:00,36.599998,16.18,46.09,413,53.5,27.200001,3,2023-05-24
2023-05-24 11:02:00,37.32,14.74,8.2,413,53.5,27.6,3,2023-05-24
2023-05-24 11:32:00,34.16,17.379999,11.849999,413,53.600002,28.1,3,2023-05-24
2023-05-24 12:02:00,33.519997,17.18,11.66,413,53.700001,28.5,3,2023-05-24
2023-05-24 12:32:00,32.82,18.93,8.23,413,53.799999,28.800001,3,2023-05-24
2023-05-24 13:02:00,31.369999,20.74,7.87,413,53.799999,29.1,3,2023-05-24
2023-05-24 13:32:00,30.009998,23.519999,7.52,413,53.799999,29.1,3,2023-05-24
2023-05-24 14:02:00,30.019999,17.35,5.92,413,53.799999,29.0,3,2023-05-24
2023-05-24 14:32:00,30.409998,20.1,4.21,413,53.700001,28.800001,3,2023-05-24
2023-05-24 15:02:00,30.079998,21.01,2.81,413,53.700001,28.6,3,2023-05-24
2023-05-24 15:32:00,29.229998,21.9,1.55,413,53.600002,28.5,3,2023-05-24
2023-05-24 16:02:00,28.239998,21.93,0.94,413,53.600002,28.300001,3,2023-05-24
2023-05-24 16:32:00,27.279999,25.949999,0.12,413,53.5,28.1,3,2023-05-24
2023-05-24 17:02:00,25.979998,27.23,0.0,413,53.5,27.900002,3,2023-05-24
2023-05-24 17:32:00,25.149998,27.699999,0.0,413,53.299999,27.6,3,2023-05-24
2023-05-24 18:02:00,24.449999,30.92,0.0,413,53.299999,27.400002,3,2023-05-24
2023-05-24 18:32:00,23.779999,31.92,0.0,413,53.299999,27.1,3,2023-05-24
2023-05-24 19:02:00,23.279999,33.77,0.0,413,53.200001,26.900002,3,2023-05-24
2023-05-24 19:32:00,22.759998,37.32,0.0,413,53.100002,26.6,3,2023-05-24
2023-05-24 20:02:00,22.23,38.98,0.0,413,53.100002,26.400002,3,2023-05-24
2023-05-24 20:32:00,21.799999,41.689999,0.0,413,53.0,26.200001,3,2023-05-24
2023-05-24 21:02:00,21.489998,40.509998,0.0,413,52.900002,26.0,3,2023-05-24
2023-05-24 21:32:00,21.369999,42.110001,0.0,413,52.799999,25.700001,3,2023-05-24
2023-05-24 22:02:00,21.269999,41.559998,0.0,413,52.799999,25.5,3,2023-05-24
2023-05-24 22:32:00,21.099998,40.98,0.0,413,52.700001,25.300001,3,2023-05-24
2023-05-24 23:02:00,20.799999,41.75,0.0,413,52.600002,25.1,3,2023-05-24
2023-05-24 23:32:00,20.459999,42.849998,0.0,413,52.5,25.0,3,2023-05-24
2023-05-25 00:03:00,19.949999,45.059998,0.0,413,52.400002,24.800001,3,2023-05-25
2023-05-25 00:33:00,19.449999,46.649998,0.0,413,52.400002,24.6,3,2023-05-25
2023-05-25 01:03:00,19.219999,46.73,0.0,413,52.299999,24.400002,3,2023-05-25
2023-05-25 01:33:00,19.019999,45.209999,0.09,413,52.299999,24.200001,3,2023-05-25
2023-05-25 02:03:00,18.98,45.809998,0.6,413,52.200001,24.0,3,2023-05-25
2023-05-25 02:33:00,19.199999,45.789997,1.32,413,52.100002,23.800001,3,2023-05-25
2023-05-25 03:03:00,19.65,43.149998,2.35,413,52.100002,23.700001,3,2023-05-25
2023-05-25 03:33:00,20.319998,42.27,4.13,413,52.0,23.6,3,2023-05-25
2023-05-25 04:03:00,21.369999,42.469997,3.98,413,52.0,23.5,3,2023-05-25
2023-05-25 04:33:00,22.009998,41.299999,5.15,413,51.900002,23.5,3,2023-05-25
2023-05-25 05:03:00,22.279999,40.860001,5.9,413,51.799999,23.5,3,2023-05-25
2023-05-25 05:33:00,24.309999,37.34,9.05,413,51.799999,23.5,3,2023-05-25
2023-05-25 06:03:00,25.839998,34.610001,12.15,413,51.600002,23.6,3,2023-05-25
2023-05-25 06:33:00,25.949999,33.209999,12.99,413,51.600002,23.800001,3,2023-05-25
2023-05-25 07:03:00,26.249998,34.189999,11.45,413,51.600002,24.0,3,2023-05-25
2023-05-25 07:33:00,26.299999,34.540001,9.36,413,51.600002,24.300001,3,2023-05-25
2023-05-25 08:03:00,24.159998,37.68,4.99,413,51.600002,24.5,3,2023-05-25
2023-05-25 08:33:00,21.609999,50.539997,3.88,413,51.600002,24.5,3,2023-05-25
2023-05-25 09:03:00,23.899998,48.52,11.9,413,51.799999,24.5,3,2023-05-25
2023-05-25 09:33:00,25.039999,34.649998,8.55,413,51.799999,24.5,3,2023-05-25
2023-05-25 10:03:00,25.499998,34.969997,12.25,413,51.600002,24.6,3,2023-05-25
2023-05-25 10:33:00,28.049999,29.139999,36.259998,413,51.600002,24.800001,3,2023-05-25
2023-05-25 11:03:00,30.299999,26.789999,28.4,413,51.600002,25.1,3,2023-05-25
2023-05-25 11:33:00,30.369999,24.869999,15.929999,413,51.600002,25.6,3,2023-05-25
2023-05-25 12:03:00,29.839998,26.66,12.2,413,51.700001,26.300001,3,2023-05-25
2023-05-25 12:33:00,28.869999,25.629999,10.24,413,51.799999,26.700001,3,2023-05-25
2023-05-25 13:03:00,27.659998,26.98,8.34,413,51.900002,27.0,3,2023-05-25
2023-05-25 13:33:00,26.699999,28.49,2.66,413,52.0,27.1,3,2023-05-25
2023-05-25 14:03:00,25.459999,31.66,4.89,413,52.0,27.0,3,2023-05-25
2023-05-25 14:33:00,25.709999,32.239998,3.78,413,51.900002,26.800001,3,2023-05-25
2023-05-25 15:03:00,25.629999,34.290001,3.79,413,51.799999,26.6,3,2023-05-25
2023-05-25 15:33:00,25.979998,34.029999,2.32,413,51.799999,26.5,3,2023-05-25
2023-05-25 16:03:00,24.219999,33.23,0.37,413,52.0,26.400002,3,2023-05-25
2023-05-25 16:33:00,22.869999,36.84,0.06,413,51.900002,26.200001,3,2023-05-25
2023-05-25 17:03:00,22.159998,37.66,0.0,413,51.799999,26.0,3,2023-05-25
2023-05-25 17:33:00,21.669998,39.209999,0.0,413,51.799999,25.800001,3,2023-05-25
2023-05-25 18:03:00,21.239998,42.110001,0.0,413,51.700001,25.5,3,2023-05-25
2023-05-25 18:33:00,20.759998,42.25,0.0,413,51.5,25.300001,3,2023-05-25
2023-05-25 19:03:00,20.489998,44.07,0.0,413,51.600002,25.0,3,2023-05-25
2023-05-25 19:33:00,19.849998,47.110001,0.0,413,51.5,24.800001,3,2023-05-25
2023-05-25 20:03:00,19.499998,45.360001,0.0,413,51.5,24.6,3,2023-05-25
2023-05-25 20:33:00,18.689999,54.41,0.0,413,51.299999,24.5,3,2023-05-25
2023-05-25 21:03:00,17.73,62.039997,0.0,413,51.299999,24.200001,3,2023-05-25
2023-05-25 21:33:00,17.179998,66.689995,0.0,413,51.200001,24.0,3,2023-05-25
2023-05-25 22:03:00,16.629999,68.019997,0.0,413,51.100002,23.800001,3,2023-05-25
2023-05-25 22:33:00,16.239998,71.010002,0.0,413,51.100002,23.5,3,2023-05-25
2023-05-25 23:03:00,15.549998,77.220001,0.0,413,50.799999,23.300001,3,2023-05-25
2023-05-25 23:33:00,15.319999,79.169998,0.0,413,50.700001,23.1,3,2023-05-25
2023-05-26 00:02:00,15.459999,80.25,0.0,413,50.5,22.6,3,2023-05-26
2023-05-26 00:32:00,15.509998,79.18,0.0,413,50.400002,22.5,3,2023-05-26
2023-05-26 01:02:00,15.529999,77.900002,0.04,413,50.299999,22.300001,3,2023-05-26
2023-05-26 01:32:00,15.639998,78.540001,0.24,413,50.200001,22.1,3,2023-05-26
2023-05-26 02:02:00,15.959999,77.199997,0.43,413,50.200001,21.900002,3,2023-05-26
2023-05-26 02:32:00,16.219999,77.209999,1.3,413,50.299999,21.800001,3,2023-05-26
2023-05-26 03:02:00,17.119999,76.169998,4.63,413,50.200001,21.6,3,2023-05-26
2023-05-26 03:32:00,19.15,71.389999,5.82,413,50.200001,21.6,3,2023-05-26
2023-05-26 04:02:00,22.569998,61.93,7.0,413,50.100002,21.6,3,2023-05-26
2023-05-26 04:32:00,27.349998,52.829998,17.52,413,50.0,21.700001,3,2023-05-26
2023-05-26 05:02:00,33.009998,42.509998,31.08,413,50.0,22.0,3,2023-05-26
2023-05-26 05:32:00,27.279999,41.629997,10.57,413,50.0,22.400002,3,2023-05-26
2023-05-26 06:02:00,26.649998,41.629997,33.459999,413,50.100002,22.800001,3,2023-05-26
2023-05-26 06:32:00,26.849998,40.209999,25.379999,413,50.200001,23.300001,3,2023-05-26
2023-05-26 07:02:00,28.349998,34.959999,34.709999,413,50.299999,23.800001,3,2023-05-26
2023-05-26 07:32:00,29.299999,30.34,32.860001,413,50.299999,24.300001,3,2023-05-26
2023-05-26 08:02:00,30.959999,26.18,33.639999,413,50.5,25.0,3,2023-05-26
2023-05-26 08:32:00,31.209999,25.549999,50.360001,413,50.5,25.700001,3,2023-05-26
2023-05-26 09:02:00,32.439999,25.42,51.59,413,50.700001,26.5,3,2023-05-26
2023-05-26 09:32:00,33.209999,24.09,35.899998,413,50.799999,27.300001,3,2023-05-26
2023-05-26 10:02:00,33.23,23.559999,13.53,413,51.0,27.900002,3,2023-05-26
2023-05-26 10:32:00,32.549999,23.99,12.08,413,51.100002,28.200001,3,2023-05-26
2023-05-26 11:02:00,32.079998,26.92,17.01,413,51.200001,28.5,3,2023-05-26
2023-05-26 11:32:00,31.439999,29.34,14.37,413,51.299999,28.800001,3,2023-05-26
2023-05-26 12:02:00,30.939999,32.23,7.05,413,51.299999,29.200001,3,2023-05-26
2023-05-26 12:32:00,29.789999,24.15,7.96,413,51.5,29.700001,3,2023-05-26
2023-05-26 13:02:00,29.529999,29.359999,8.59,413,51.600002,30.0,3,2023-05-26
2023-05-26 13:32:00,28.559998,25.559999,5.98,413,51.600002,30.0,3,2023-05-26
2023-05-26 14:02:00,30.539999,26.609999,5.09,413,51.5,29.800001,3,2023-05-26
2023-05-26 14:32:00,32.329998,26.059999,4.04,413,51.5,29.6,3,2023-05-26
2023-05-26 15:02:00,31.629999,29.529999,1.94,413,51.400002,29.300001,3,2023-05-26
2023-05-26 15:32:00,29.429998,35.52,0.68,413,51.299999,29.1,3,2023-05-26
2023-05-26 16:02:00,26.869999,38.439999,0.15,413,51.200001,28.800001,3,2023-05-26
2023-05-26 16:32:00,24.799999,42.389999,0.0,413,51.100002,28.400002,3,2023-05-26
2023-05-26 17:02:00,22.919998,45.849998,0.0,413,51.0,28.1,3,2023-05-26
2023-05-26 17:32:00,21.389999,52.25,0.0,413,51.0,27.700001,3,2023-05-26
2023-05-26 18:02:00,20.23,55.389999,0.0,413,50.799999,27.300001,3,2023-05-26
2023-05-26 18:32:00,19.319998,56.809998,0.0,413,50.799999,27.0,3,2023-05-26
2023-05-26 19:02:00,18.529999,59.529999,0.0,413,50.700001,26.6,3,2023-05-26
2023-05-26 19:32:00,17.959999,60.75,0.0,413,50.600002,26.200001,3,2023-05-26
2023-05-26 20:02:00,18.109999,59.52,0.0,413,50.5,25.800001,3,2023-05-26
2023-05-26 20:32:00,18.129999,59.75,0.0,413,50.400002,25.5,3,2023-05-26
2023-05-26 21:02:00,17.799999,59.169998,0.0,413,50.299999,25.300001,3,2023-05-26
2023-05-26 21:32:00,18.089998,55.029999,0.0,413,50.200001,25.0,3,2023-05-26
2023-05-26 22:02:00,18.359999,53.299999,0.0,413,50.0,24.700001,3,2023-05-26
2023-05-26 22:32:00,18.199999,51.549999,0.0,413,49.900002,24.5,3,2023-05-26
2023-05-26 23:02:00,17.98,55.669998,0.0,413,49.799999,24.300001,3,2023-05-26
2023-05-26 23:32:00,18.039999,57.189999,0.0,413,49.700001,24.0,3,2023-05-26
2023-05-27 00:02:00,18.139999,54.539997,0.0,413,49.600002,23.800001,3,2023-05-27
2023-05-27 00:32:00,18.029999,50.84,0.0,413,49.600002,23.6,3,2023-05-27
2023-05-27 01:02:00,17.859999,53.599998,0.23,413,49.400002,23.5,3,2023-05-27
2023-05-27 01:32:00,17.599998,58.52,0.83,413,49.400002,23.300001,3,2023-05-27
2023-05-27 02:02:00,17.599998,56.799999,1.88,413,49.299999,23.1,3,2023-05-27
2023-05-27 02:32:00,18.659998,56.739998,3.44,413,49.200001,23.0,3,2023-05-27
2023-05-27 03:02:00,20.209999,53.98,2.51,413,49.100002,22.900002,3,2023-05-27
2023-05-27 03:32:00,21.079998,51.27,4.28,413,49.100002,22.800001,3,2023-05-27
2023-05-27 04:02:00,23.019999,52.699997,6.62,413,49.0,22.800001,3,2023-05-27
2023-05-27 04:32:00,26.169998,45.779999,12.67,413,48.799999,22.800001,3,2023-05-27
2023-05-27 05:02:00,29.049999,45.539997,14.83,413,48.799999,23.0,3,2023-05-27
2023-05-27 05:32:00,28.259998,29.109999,20.779999,413,48.799999,23.300001,3,2023-05-27
2023-05-27 06:02:00,26.969999,29.019999,20.08,413,48.799999,23.5,3,2023-05-27
2023-05-27 06:32:00,27.029999,32.459999,20.51,413,48.900002,23.900002,3,2023-05-27
2023-05-27 07:02:00,27.619999,31.01,26.639999,413,48.900002,24.200001,3,2023-05-27
2023-05-27 07:32:00,28.809998,31.969999,32.509998,413,49.0,24.6,3,2023-05-27
2023-05-27 08:02:00,29.709999,23.93,30.449999,413,49.0,25.1,3,2023-05-27
2023-05-27 08:32:00,31.319998,20.58,42.110001,413,49.0,25.800001,3,2023-05-27
2023-05-27 09:02:00,32.109997,17.940001,42.849998,413,49.100002,26.5,3,2023-05-27
2023-05-27 09:32:00,32.529999,16.809999,33.130001,413,49.299999,27.1,3,2023-05-27
2023-05-27 10:02:00,33.679996,16.299999,53.57,413,49.400002,27.700001,3,2023-05-27
2023-05-27 10:32:00,33.369999,18.209999,45.289997,413,49.600002,28.200001,3,2023-05-27
2023-05-27 11:02:00,31.989998,16.42,18.059999,413,49.600002,28.5,3,2023-05-27
2023-05-27 11:32:00,31.129999,18.199999,12.57,413,49.700001,28.6,3,2023-05-27
2023-05-27 12:02:00,30.189999,22.33,8.46,413,49.700001,28.700001,3,2023-05-27
2023-05-27 12:32:00,29.839998,34.809998,12.02,413,49.700001,28.800001,3,2023-05-27
2023-05-27 13:02:00,28.909998,32.07,8.99,413,49.700001,28.800001,3,2023-05-27
2023-05-27 13:32:00,27.519999,32.799999,6.95,413,49.700001,28.700001,3,2023-05-27
2023-05-27 14:02:00,27.159998,33.079998,4.25,413,49.600002,28.6,3,2023-05-27
2023-05-27 14:32:00,26.539999,35.59,2.0,413,49.600002,28.400002,3,2023-05-27
2023-05-27 15:02:00,25.389999,36.93,1.71,413,49.5,28.1,3,2023-05-27
2023-05-27 15:32:00,25.049999,38.579998,0.53,413,49.400002,27.800001,3,2023-05-27
2023-05-27 16:02:00,24.329998,41.860001,0.13,413,49.400002,27.6,3,2023-05-27
2023-05-27 16:32:00,23.539999,45.649998,0.0,413,49.200001,27.300001,3,2023-05-27
2023-05-27 17:02:00,22.889999,50.09,0.0,413,49.299999,27.0,3,2023-05-27
2023-05-27 17:32:00,21.909998,54.139999,0.0,413,49.200001,26.700001,3,2023-05-27
2023-05-27 18:02:00,21.23,57.469997,0.0,413,49.100002,26.5,3,2023-05-27
2023-05-27 18:32:00,20.919998,58.449997,0.0,413,49.0,26.200001,3,2023-05-27
2023-05-27 19:02:00,19.98,61.489998,0.0,413,49.0,25.900002,3,2023-05-27
2023-05-27 19:32:00,19.379999,65.029999,0.0,413,48.799999,25.6,3,2023-05-27
2023-05-27 20:02:00,18.909998,69.189995,0.0,413,48.799999,25.400002,3,2023-05-27
2023-05-27 20:32:00,18.709999,71.709999,0.0,413,48.700001,25.1,3,2023-05-27
2023-05-27 21:02:00,18.719999,70.43,0.0,413,48.600002,24.900002,3,2023-05-27
2023-05-27 21:32:00,18.609999,71.049995,0.0,413,48.5,24.700001,3,2023-05-27
2023-05-27 22:02:00,18.609999,70.239998,0.0,413,48.400002,24.5,3,2023-05-27
2023-05-27 22:32:00,18.469999,71.720001,0.0,413,48.299999,24.300001,3,2023-05-27
2023-05-27 23:02:00,17.999998,73.650002,0.0,413,48.299999,24.1,3,2023-05-27
2023-05-27 23:32:00,17.48,77.159996,0.0,413,48.200001,23.800001,3,2023-05-27
2023-05-28 00:02:00,17.309999,62.48,0.0,413,48.100002,23.6,3,2023-05-28
2023-05-28 00:32:00,17.199999,53.969997,0.01,413,48.100002,23.5,3,2023-05-28
2023-05-28 01:02:00,17.079998,52.459999,0.28,413,47.900002,23.300001,3,2023-05-28
2023-05-28 01:32:00,17.029999,51.719997,1.07,413,47.799999,23.1,3,2023-05-28
2023-05-28 02:02:00,17.549999,54.91,1.96,413,47.799999,22.900002,3,2023-05-28
2023-05-28 02:32:00,18.839998,54.23,2.82,413,47.600002,22.800001,3,2023-05-28
2023-05-28 03:02:00,20.849998,50.009998,6.67,413,47.600002,22.6,3,2023-05-28
2023-05-28 03:32:00,25.639999,38.129997,12.88,413,47.299999,22.6,3,2023-05-28
2023-05-28 04:02:00,29.929998,33.93,13.679999,413,47.299999,22.6,3,2023-05-28
2023-05-28 04:32:00,31.909998,36.829998,18.279999,413,47.299999,22.800001,3,2023-05-28
2023-05-28 05:02:00,32.039997,21.73,32.049999,413,47.299999,23.1,3,2023-05-28
2023-05-28 05:32:00,32.259998,23.109999,19.59,413,47.299999,23.5,3,2023-05-28
2023-05-28 06:02:00,31.939999,25.01,23.049999,413,47.400002,23.800001,3,2023-05-28
2023-05-28 06:32:00,32.299999,21.619999,20.389999,413,47.5,24.1,3,2023-05-28
2023-05-28 07:02:00,32.439999,22.359999,27.609999,413,47.5,24.400002,3,2023-05-28
2023-05-28 07:32:00,32.859997,18.699999,30.48,413,47.5,24.6,3,2023-05-28
2023-05-28 08:02:00,34.549999,18.309999,30.99,413,47.5,24.900002,3,2023-05-28
2023-05-28 08:32:00,35.099998,17.74,50.75,413,47.5,25.200001,3,2023-05-28
2023-05-28 09:02:00,38.399998,16.039999,52.779999,413,47.5,25.5,3,2023-05-28
2023-05-28 09:32:00,34.029999,15.88,27.42,413,47.600002,26.0,3,2023-05-28
2023-05-28 10:02:00,32.349998,18.9,50.16,413,47.600002,26.300001,3,2023-05-28
2023-05-28 10:32:00,33.779999,17.07,42.110001,413,47.700001,26.700001,3,2023-05-28
2023-05-28 11:02:00,32.799999,18.65,12.16,413,47.799999,27.300001,3,2023-05-28
2023-05-28 11:32:00,31.109999,18.76,9.65,413,48.0,28.0,3,2023-05-28
2023-05-28 12:02:00,30.979998,19.07,9.55,413,48.200001,28.5,3,2023-05-28
2023-05-28 12:32:00,30.409998,20.9,6.05,413,48.299999,29.1,3,2023-05-28
2023-05-28 13:02:00,30.569998,19.959999,7.68,413,48.400002,29.5,3,2023-05-28
2023-05-28 13:32:00,29.919998,18.469999,5.74,413,48.5,29.300001,3,2023-05-28
2023-05-28 14:02:00,32.889999,25.949999,6.31,413,48.400002,29.1,3,2023-05-28
2023-05-28 14:32:00,35.199997,22.99,4.47,413,48.400002,29.1,3,2023-05-28
2023-05-28 15:02:00,34.0,25.029999,2.08,413,48.400002,29.0,3,2023-05-28
2023-05-28 15:32:00,31.059998,32.119999,0.84,413,48.299999,28.700001,3,2023-05-28
2023-05-28 16:02:00,27.919998,35.779999,0.22,413,48.200001,28.5,3,2023-05-28
2023-05-28 16:32:00,25.309999,40.189999,0.0,413,48.100002,28.200001,3,2023-05-28
2023-05-28 17:02:00,23.729998,39.040001,0.0,413,48.100002,27.900002,3,2023-05-28
2023-05-28 17:32:00,22.769999,40.040001,0.0,413,48.0,27.6,3,2023-05-28
2023-05-28 18:02:00,21.899998,41.110001,0.0,413,48.0,27.300001,3,2023-05-28
2023-05-28 18:32:00,21.239998,42.879997,0.0,413,47.900002,26.900002,3,2023-05-28
2023-05-28 19:02:00,20.509998,46.77,0.0,413,47.799999,26.6,3,2023-05-28
2023-05-28 19:32:00,19.689999,50.16,0.0,413,47.700001,26.300001,3,2023-05-28
2023-05-28 20:02:00,18.989998,53.419998,0.0,413,47.600002,26.0,3,2023-05-28
2023-05-28 20:32:00,18.209999,56.869999,0.0,413,47.5,25.700001,3,2023-05-28
2023-05-28 21:02:00,17.439999,60.359997,0.0,413,47.400002,25.400002,3,2023-05-28
2023-05-28 21:32:00,17.169998,61.309998,0.0,413,47.299999,25.1,3,2023-05-28
2023-05-28 22:02:00,17.049999,61.049999,0.0,413,47.299999,24.800001,3,2023-05-28
2023-05-28 22:32:00,16.73,61.859997,0.0,413,47.200001,24.5,3,2023-05-28
2023-05-28 23:02:00,16.559999,61.709999,0.0,413,47.0,24.300001,3,2023-05-28
2023-05-28 23:32:00,16.15,63.0,0.0,413,46.900002,24.0,3,2023-05-28
2023-05-29 00:02:00,15.669999,66.32,0.0,413,46.900002,23.800001,3,2023-05-29
2023-05-29 00:32:00,14.949999,69.040001,0.01,413,46.799999,23.5,3,2023-05-29
2023-05-29 01:02:00,14.439999,72.75,0.28,413,46.400002,23.300001,3,2023-05-29
2023-05-29 01:32:00,14.409999,74.610001,1.0,413,46.299999,23.0,3,2023-05-29
2023-05-29 02:02:00,15.549998,73.239998,1.86,413,46.200001,22.800001,3,2023-05-29
2023-05-29 02:32:00,17.519999,67.879997,2.66,413,46.299999,22.6,3,2023-05-29
2023-05-29 03:02:00,20.489998,64.959999,7.16,413,46.200001,22.5,3,2023-05-29
2023-05-29 03:32:00,26.009998,63.219997,13.0,413,46.0,22.5,3,2023-05-29
2023-05-29 04:02:00,31.199999,47.989998,14.03,413,46.0,22.6,3,2023-05-29
2023-05-29 04:32:00,34.009998,37.16,18.6,413,46.0,22.900002,3,2023-05-29
2023-05-29 05:02:00,31.449999,27.469999,31.789999,413,46.0,23.300001,3,2023-05-29
2023-05-29 05:32:00,32.029999,25.18,24.549999,413,46.100002,23.6,3,2023-05-29
2023-05-29 06:02:00,32.529999,24.789999,32.649998,413,46.100002,23.900002,3,2023-05-29
2023-05-29 06:32:00,32.59,23.459999,25.07,413,46.200001,24.200001,3,2023-05-29
2023-05-29 07:02:00,33.299999,21.91,31.16,413,46.200001,24.5,3,2023-05-29
2023-05-29 07:32:00,33.709999,21.379999,31.689999,413,46.299999,24.800001,3,2023-05-29
2023-05-29 08:02:00,34.009998,16.449999,33.66,413,46.299999,25.0,3,2023-05-29
2023-05-29 08:32:00,34.529999,20.76,51.149998,413,46.299999,25.300001,3,2023-05-29
2023-05-29 09:02:00,36.829998,19.82,53.649998,413,46.400002,25.700001,3,2023-05-29
2023-05-29 09:32:00,34.66,15.96,29.34,413,46.5,26.200001,3,2023-05-29
2023-05-29 10:02:00,34.219997,18.24,5.22,413,46.600002,26.6,3,2023-05-29
2023-05-29 10:32:00,33.73,19.77,19.67,413,46.600002,26.800001,3,2023-05-29
2023-05-29 11:02:00,33.619999,24.359999,16.0,413,46.700001,26.900002,3,2023-05-29
2023-05-29 11:32:00,28.969999,30.019999,10.889999,413,46.799999,27.300001,3,2023-05-29
2023-05-29 12:02:00,28.569998,34.75,13.429999,413,46.900002,27.400002,3,2023-05-29
2023-05-29 12:32:00,29.089998,23.41,7.45,413,47.0,27.800001,3,2023-05-29
2023-05-29 13:02:00,30.259998,19.98,8.52,413,47.100002,28.0,3,2023-05-29
2023-05-29 13:32:00,27.679998,22.359999,4.65,413,47.100002,28.0,3,2023-05-29
2023-05-29 14:02:00,28.449999,25.459999,0.99,413,47.100002,27.6,3,2023-05-29
2023-05-29 14:32:00,27.629999,31.49,0.34,413,47.0,27.300001,3,2023-05-29
2023-05-29 15:02:00,24.909998,39.73,0.19,413,47.0,27.1,3,2023-05-29
2023-05-29 15:32:00,22.419998,46.48,0.18,413,47.200001,26.700001,3,2023-05-29
2023-05-29 16:02:00,21.519999,51.149998,0.1,413,47.100002,26.400002,3,2023-05-29
2023-05-29 16:32:00,20.919998,55.360001,0.0,413,47.0,26.1,3,2023-05-29
2023-05-29 17:02:00,19.899998,60.68,0.0,413,47.0,25.800001,3,2023-05-29
2023-05-29 17:32:00,19.049999,65.790001,0.0,413,47.0,25.5,3,2023-05-29
2023-05-29 18:02:00,18.439999,69.860001,0.0,413,46.900002,25.300001,3,2023-05-29
2023-05-29 18:32:00,18.449999,70.619995,0.0,413,46.900002,25.0,3,2023-05-29
2023-05-29 19:02:00,18.299999,71.119995,0.0,413,46.799999,24.700001,3,2023-05-29
2023-05-29 19:32:00,18.069998,71.769997,0.0,413,46.900002,24.5,3,2023-05-29
2023-05-29 20:02:00,17.829998,70.360001,0.0,413,46.799999,24.300001,3,2023-05-29
2023-05-29 20:32:00,17.759998,69.580002,0.0,413,46.700001,24.0,3,2023-05-29
2023-05-29 21:02:00,17.439999,70.269997,0.0,413,46.700001,23.800001,3,2023-05-29
2023-05-29 21:32:00,16.939999,72.459999,0.0,413,46.700001,23.6,3,2023-05-29
2023-05-29 22:02:00,16.459999,75.509995,0.0,413,46.700001,23.400002,3,2023-05-29
2023-05-29 22:32:00,15.959999,76.689995,0.0,413,46.400002,23.200001,3,2023-05-29
2023-05-29 23:02:00,15.509998,78.25,0.0,413,46.299999,23.0,3,2023-05-29
2023-05-29 23:32:00,15.159999,79.489998,0.0,413,46.299999,22.800001,3,2023-05-29
2023-05-30 00:02:00,14.759998,79.309998,0.0,413,46.600002,22.6,3,2023-05-30
2023-05-30 00:32:00,14.429998,81.080002,0.01,413,46.200001,22.400002,3,2023-05-30
2023-05-30 01:02:00,14.169999,82.119995,0.25,413,46.200001,22.1,3,2023-05-30
2023-05-30 01:32:00,14.149999,83.129997,0.86,413,46.100002,22.0,3,2023-05-30
2023-05-30 02:02:00,14.779999,84.779999,1.59,413,46.0,21.800001,3,2023-05-30
2023-05-30 02:32:00,16.619999,79.970001,2.44,413,46.0,21.6,3,2023-05-30
2023-05-30 03:02:00,19.639999,77.409996,7.04,413,46.299999,21.6,3,2023-05-30
2023-05-30 03:32:00,25.369999,73.739998,12.59,413,46.200001,21.6,3,2023-05-30
2023-05-30 04:02:00,30.829998,67.049995,12.99,413,46.200001,21.700001,3,2023-05-30
2023-05-30 04:32:00,34.389999,56.189999,18.49,413,46.200001,22.0,3,2023-05-30
2023-05-30 05:02:00,27.419998,32.939999,30.679998,413,46.299999,22.300001,3,2023-05-30
2023-05-30 05:32:00,28.019999,31.059999,19.219999,413,46.400002,22.5,3,2023-05-30
2023-05-30 06:02:00,32.329998,24.609999,34.279999,413,46.5,22.800001,3,2023-05-30
2023-05-30 06:32:00,31.129999,23.67,26.349998,413,46.600002,23.0,3,2023-05-30
2023-05-30 07:02:00,34.329998,25.019999,32.649998,413,46.700001,23.400002,3,2023-05-30
2023-05-30 07:32:00,35.399998,23.639999,33.91,413,46.900002,23.900002,3,2023-05-30
2023-05-30 08:02:00,35.399998,18.879999,37.149998,413,47.0,24.400002,3,2023-05-30
2023-05-30 08:32:00,35.779999,17.879999,54.719997,413,47.200001,24.900002,3,2023-05-30
2023-05-30 09:02:00,35.919998,17.65,58.599998,413,47.299999,25.5,3,2023-05-30
2023-05-30 09:32:00,34.709999,16.08,27.23,413,47.5,26.300001,3,2023-05-30
2023-05-30 10:02:00,35.779999,17.26,13.88,413,47.799999,26.800001,3,2023-05-30
2023-05-30 10:32:00,32.07,16.1,45.599998,413,47.900002,27.1,3,2023-05-30
2023-05-30 11:02:00,28.889999,17.949999,14.9,413,48.100002,27.5,3,2023-05-30
2023-05-30 11:32:00,28.869999,18.949999,11.21,413,48.400002,28.0,3,2023-05-30
2023-05-30 12:02:00,29.729998,18.129999,10.45,413,48.5,28.300001,3,2023-05-30
2023-05-30 12:32:00,29.179998,18.84,7.35,413,48.799999,29.0,3,2023-05-30
2023-05-30 13:02:00,24.549999,39.32,8.45,413,49.0,29.200001,3,2023-05-30
2023-05-30 13:32:00,22.319998,42.079998,5.03,413,49.0,28.900002,3,2023-05-30
2023-05-30 14:02:00,29.589998,49.119999,5.21,413,49.0,28.5,3,2023-05-30
2023-05-30 14:32:00,32.349998,45.450001,4.07,413,49.0,28.300001,3,2023-05-30
2023-05-30 15:02:00,32.139999,42.879997,1.93,413,49.0,28.0,3,2023-05-30
2023-05-30 15:32:00,29.849998,48.23,0.82,413,49.100002,27.700001,3,2023-05-30
2023-05-30 16:02:00,26.819998,54.829998,0.22,413,49.0,27.400002,3,2023-05-30
2023-05-30 16:32:00,24.149998,60.23,0.0,413,49.0,27.1,3,2023-05-30
2023-05-30 17:02:00,22.159998,64.189995,0.0,413,49.200001,26.800001,3,2023-05-30
2023-05-30 17:32:00,20.709999,66.589996,0.0,413,49.200001,26.5,3,2023-05-30
2023-05-30 18:02:00,19.459999,68.610001,0.0,413,49.200001,26.1,3,2023-05-30
2023-05-30 18:32:00,18.679998,68.860001,0.0,413,49.100002,25.800001,3,2023-05-30
2023-05-30 19:02:00,17.969999,70.599998,0.0,413,49.100002,25.5,3,2023-05-30
2023-05-30 19:32:00,17.409998,72.18,0.0,413,49.100002,25.200001,3,2023-05-30
2023-05-30 20:02:00,16.98,72.25,0.0,413,49.0,24.900002,3,2023-05-30
2023-05-30 20:32:00,16.609999,74.189995,0.0,413,49.100002,24.6,3,2023-05-30
2023-05-30 21:02:00,19.389999,77.269997,0.0,413,53.100002,22.6,3,2023-05-30
2023-05-30 21:32:00,18.919998,80.18,0.0,413,53.200001,22.5,3,2023-05-30
2023-05-30 22:02:00,18.699999,82.159996,0.0,413,53.299999,22.300001,3,2023-05-30
2023-05-30 22:32:00,18.499998,84.299995,0.0,413,53.299999,22.200001,3,2023-05-30
2023-05-30 23:02:00,18.419998,85.290001,0.0,413,53.400002,22.1,3,2023-05-30
2023-05-30 23:32:00,18.419998,85.729996,0.0,413,53.5,22.1,3,2023-05-30
2023-05-01 00:02:00,12.629999,83.57,0.0,413,55.799999,17.900002,5,2023-05-01
2023-05-01 00:32:00,12.379999,83.939995,0.0,413,55.700001,17.800001,5,2023-05-01
2023-05-01 01:02:00,12.229999,84.879997,0.0,413,55.600002,17.6,5,2023-05-01
2023-05-01 01:32:00,12.129999,85.739998,0.0,413,55.5,17.400002,5,2023-05-01
2023-05-01 02:02:00,12.029999,85.32,0.0,413,55.5,17.300001,5,2023-05-01
2023-05-01 02:32:00,11.789999,85.110001,0.0,413,55.5,17.1,5,2023-05-01
2023-05-01 03:02:00,11.459999,85.009995,0.0,413,55.400002,17.0,5,2023-05-01
2023-05-01 03:32:00,11.119999,85.759995,0.0,413,55.400002,16.800001,5,2023-05-01
2023-05-01 04:02:00,10.809999,85.599998,0.0,413,55.299999,16.700001,5,2023-05-01
2023-05-01 04:32:00,10.589999,85.669998,0.12,413,55.200001,16.5,5,2023-05-01
2023-05-01 05:02:00,10.499999,85.939995,0.64,413,55.200001,16.400002,5,2023-05-01
2023-05-01 05:32:00,10.999999,87.549995,1.6,413,55.100002,16.300001,5,2023-05-01
2023-05-01 06:02:00,12.299999,87.419998,2.73,413,55.0,16.1,5,2023-05-01
2023-05-01 06:32:00,14.429998,84.769997,4.02,413,55.100002,16.1,5,2023-05-01
2023-05-01 07:02:00,17.529999,76.470001,6.32,413,55.100002,16.1,5,2023-05-01
2023-05-01 07:32:00,22.739998,69.659996,18.609999,413,55.200001,16.300001,5,2023-05-01
2023-05-01 08:02:00,28.129999,62.899998,12.78,424,55.400002,16.5,5,2023-05-01
2023-05-01 08:32:00,28.509998,36.899998,11.16,413,55.700001,17.0,5,2023-05-01
2023-05-01 09:02:00,28.249998,35.419998,11.599999,413,55.900002,17.6,5,2023-05-01
2023-05-01 09:32:00,29.349998,32.389999,9.73,436,56.299999,18.1,5,2023-05-01
2023-05-01 10:02:00,31.129999,30.49,11.11,481,56.400002,18.700001,5,2023-05-01
2023-05-01 10:32:00,32.989998,26.209999,14.599999,515,56.799999,19.300001,5,2023-05-01
2023-05-01 11:02:00,34.07,20.93,15.02,537,57.0,20.0,5,2023-05-01
2023-05-01 11:32:00,33.269997,25.019999,16.959999,488,57.400002,20.800001,5,2023-05-01
2023-05-01 12:02:00,34.379997,21.0,18.15,518,57.700001,21.5,5,2023-05-01
2023-05-01 12:32:00,31.739998,22.299999,27.549999,481,57.900002,22.1,5,2023-05-01
2023-05-01 13:02:00,29.789999,27.98,27.889999,439,58.100002,22.6,5,2023-05-01
2023-05-01 13:32:00,29.679998,25.699999,7.1,450,58.200001,23.0,5,2023-05-01
2023-05-01 14:02:00,30.339998,24.15,13.599999,436,58.299999,23.5,5,2023-05-01
2023-05-01 14:32:00,29.979998,26.959999,34.610001,443,58.5,24.0,5,2023-05-01
2023-05-01 15:02:00,30.829998,20.98,28.42,424,58.900002,24.6,5,2023-05-01
2023-05-01 15:32:00,30.519999,22.439999,4.81,424,59.100002,25.1,5,2023-05-01
2023-05-01 16:02:00,28.789999,23.129999,9.08,413,59.299999,25.5,5,2023-05-01
2023-05-01 16:32:00,29.689999,39.799999,3.05,425,59.200001,25.5,5,2023-05-01
2023-05-01 17:02:00,30.189999,45.549999,1.92,425,59.200001,25.400002,5,2023-05-01
2023-05-01 17:32:00,28.559998,47.009998,1.08,428,59.200001,25.300001,5,2023-05-01
2023-05-01 18:02:00,26.909998,49.809998,0.48,424,59.100002,25.1,5,2023-05-01
2023-05-01 18:32:00,24.989998,55.57,0.07,413,59.100002,24.900002,5,2023-05-01
2023-05-01 19:02:00,22.599998,62.299999,0.0,413,59.0,24.6,5,2023-05-01
2023-05-01 19:32:00,20.669998,68.449997,0.0,413,58.900002,24.300001,5,2023-05-01
2023-05-01 20:02:00,19.519999,71.360001,0.0,413,58.799999,24.0,5,2023-05-01
2023-05-01 20:32:00,18.839998,71.769997,0.0,413,58.700001,23.700001,5,2023-05-01
2023-05-01 21:02:00,18.089998,73.939995,0.0,413,58.700001,23.400002,5,2023-05-01
2023-05-01 21:32:00,17.419998,75.389999,0.0,413,58.5,23.1,5,2023-05-01
2023-05-01 22:02:00,16.949999,75.830002,0.0,413,58.5,22.800001,5,2023-05-01
2023-05-01 22:32:00,16.439999,76.32,0.0,413,58.299999,22.5,5,2023-05-01
2023-05-01 23:02:00,15.949999,76.32,0.0,413,58.200001,22.200001,5,2023-05-01
2023-05-01 23:32:00,15.519999,77.0,0.0,413,58.100002,21.900002,5,2023-05-01
2023-05-02 00:02:00,15.039999,77.349998,0.0,413,58.100002,21.6,5,2023-05-02
2023-05-02 00:32:00,14.709999,78.489998,0.0,413,58.0,21.300001,5,2023-05-02
2023-05-02 01:02:00,14.489999,78.669998,0.0,413,57.900002,21.1,5,2023-05-02
2023-05-02 01:32:00,14.349998,79.209999,0.0,413,57.799999,20.800001,5,2023-05-02
2023-05-02 02:02:00,14.129999,79.720001,0.0,413,57.700001,20.6,5,2023-05-02
2023-05-02 02:32:00,13.979999,80.220001,0.0,413,57.700001,20.400002,5,2023-05-02
2023-05-02 03:02:00,13.819999,80.459999,0.0,413,57.600002,20.1,5,2023-05-02
2023-05-02 03:32:00,13.679998,80.879997,0.0,413,57.600002,19.900002,5,2023-05-02
2023-05-02 04:02:00,13.569999,81.150002,0.0,413,57.5,19.700001,5,2023-05-02
2023-05-02 04:32:00,13.469998,81.879997,0.12,413,57.400002,19.5,5,2023-05-02
2023-05-02 05:02:00,13.569999,83.629997,0.7,413,57.400002,19.300001,5,2023-05-02
2023-05-02 05:32:00,14.409999,83.739998,1.76,413,57.400002,19.200001,5,2023-05-02
2023-05-02 06:02:00,15.809999,81.619995,1.88,413,57.299999,19.1,5,2023-05-02
2023-05-02 06:32:00,17.689999,74.449997,3.67,413,57.400002,19.0,5,2023-05-02
2023-05-02 07:02:00,20.539999,64.449997,8.15,413,57.400002,19.0,5,2023-05-02
2023-05-02 07:32:00,26.399998,58.27,18.459999,424,57.400002,19.1,5,2023-05-02
2023-05-02 08:02:00,31.119999,53.079998,13.389999,466,57.600002,19.300001,5,2023-05-02
2023-05-02 08:32:00,33.239998,30.33,15.21,495,57.799999,19.700001,5,2023-05-02
2023-05-02 09:02:00,30.909998,26.98,16.17,420,58.100002,20.300001,5,2023-05-02
2023-05-02 09:32:00,29.999998,28.559999,15.42,439,58.400002,20.900002,5,2023-05-02
2023-05-02 10:02:00,30.899998,24.769999,25.789999,424,58.600002,21.400002,5,2023-05-02
2023-05-02 10:32:00,35.399998,21.15,38.689999,537,58.900002,22.0,5,2023-05-02
2023-05-02 11:02:00,37.73,20.539999,25.559999,570,59.299999,22.800001,5,2023-05-02
2023-05-02 11:32:00,38.329998,19.93,20.199999,593,59.700001,23.900002,5,2023-05-02
2023-05-02 12:02:00,39.389999,26.879999,23.639999,604,60.100002,24.800001,5,2023-05-02
2023-05-02 12:32:00,40.509998,31.91,13.95,628,60.299999,25.6,5,2023-05-02
2023-05-02 13:02:00,40.029999,31.98,12.96,622,60.400002,26.1,5,2023-05-02
2023-05-02 13:32:00,38.0,24.83,11.969999,531,60.5,26.6,5,2023-05-02
2023-05-02 14:02:00,31.929998,26.369999,2.97,533,60.600002,26.900002,5,2023-05-02
2023-05-02 14:32:00,28.779999,29.879999,8.889999,470,60.5,27.0,5,2023-05-02
2023-05-02 15:02:00,32.769997,24.84,25.5,533,60.5,27.0,5,2023-05-02
2023-05-02 15:32:00,34.019997,21.9,13.2,537,60.700001,27.300001,5,2023-05-02
2023-05-02 16:02:00,35.109997,27.73,6.48,533,60.700001,27.6,5,2023-05-02
2023-05-02 16:32:00,33.769997,27.359999,1.21,518,60.799999,27.800001,5,2023-05-02
2023-05-02 17:02:00,31.579998,30.039999,1.69,477,60.700001,27.800001,5,2023-05-02
2023-05-02 17:32:00,29.709999,32.790001,0.57,454,60.600002,27.5,5,2023-05-02
2023-05-02 18:02:00,27.979998,36.029999,0.32,443,60.5,27.300001,5,2023-05-02
2023-05-02 18:32:00,26.589998,42.299999,0.04,420,60.299999,27.0,5,2023-05-02
2023-05-02 19:02:00,25.189999,41.59,0.0,417,60.299999,26.700001,5,2023-05-02
2023-05-02 19:32:00,24.099998,45.649998,0.0,413,60.100002,26.5,5,2023-05-02
2023-05-02 20:02:00,23.319998,40.91,0.0,413,60.0,26.1,5,2023-05-02
2023-05-02 20:32:00,22.139999,46.739998,0.0,413,60.0,25.800001,5,2023-05-02
2023-05-02 21:02:00,21.269999,55.84,0.0,413,59.900002,25.5,5,2023-05-02
2023-05-02 21:32:00,20.649998,66.089996,0.0,413,59.700001,25.200001,5,2023-05-02
2023-05-02 22:02:00,20.079998,71.150002,0.0,413,59.600002,24.900002,5,2023-05-02
2023-05-02 22:32:00,19.65,75.239998,0.0,413,59.5,24.6,5,2023-05-02
2023-05-02 23:02:00,19.319998,77.669998,0.0,413,59.5,24.400002,5,2023-05-02
2023-05-02 23:32:00,18.949999,78.779999,0.0,413,59.400002,24.1,5,2023-05-02
2023-05-03 00:02:00,18.65,78.5,0.0,413,59.299999,23.900002,5,2023-05-03
2023-05-03 00:32:00,18.419998,75.75,0.0,413,59.200001,23.6,5,2023-05-03
2023-05-03 01:02:00,18.239998,74.339996,0.0,413,59.100002,23.300001,5,2023-05-03
2023-05-03 01:32:00,17.98,74.68,0.0,413,59.0,23.1,5,2023-05-03
2023-05-03 02:02:00,17.679998,74.239998,0.0,413,58.900002,22.900002,5,2023-05-03
2023-05-03 02:32:00,17.499998,73.32,0.0,413,58.900002,22.700001,5,2023-05-03
2023-05-03 03:02:00,17.319998,70.059998,0.0,413,58.799999,22.5,5,2023-05-03
2023-05-03 03:32:00,17.179998,64.970001,0.0,413,58.700001,22.300001,5,2023-05-03
2023-05-03 04:02:00,17.059999,64.699997,0.0,413,58.700001,22.1,5,2023-05-03
2023-05-03 04:32:00,16.879999,62.899998,0.13,413,58.600002,21.900002,5,2023-05-03
2023-05-03 05:02:00,16.909998,62.289997,0.59,413,58.5,21.700001,5,2023-05-03
2023-05-03 05:32:00,17.459999,54.829998,1.24,413,58.5,21.5,5,2023-05-03
2023-05-03 06:02:00,18.599998,47.389999,2.1,413,58.400002,21.400002,5,2023-05-03
2023-05-03 06:32:00,20.279999,46.899998,3.1,413,58.5,21.300001,5,2023-05-03
2023-05-03 07:02:00,22.459999,47.48,4.57,413,58.5,21.300001,5,2023-05-03
2023-05-03 07:32:00,25.209999,46.25,14.299999,413,58.5,21.300001,5,2023-05-03
2023-05-03 08:02:00,28.769999,41.719997,11.429999,420,58.600002,21.5,5,2023-05-03
2023-05-03 08:32:00,29.079998,28.799999,15.339999,417,58.799999,21.800001,5,2023-05-03
2023-05-03 09:02:00,29.639999,27.769999,8.76,458,59.0,22.200001,5,2023-05-03
2023-05-03 09:32:00,30.899998,27.939999,8.7,469,59.200001,22.700001,5,2023-05-03
2023-05-03 10:02:00,33.149998,27.309999,11.01,533,59.400002,23.1,5,2023-05-03
2023-05-03 10:32:00,36.109997,27.709999,13.15,544,59.600002,23.6,5,2023-05-03
2023-05-03 11:02:00,38.349998,25.23,13.969999,616,59.799999,24.1,5,2023-05-03
2023-05-03 11:32:00,40.07,20.0,13.83,618,60.100002,24.800001,5,2023-05-03
2023-05-03 12:02:00,40.98,19.449999,14.719999,604,60.299999,25.5,5,2023-05-03
2023-05-03 12:32:00,41.989998,17.65,18.17,620,60.600002,26.1,5,2023-05-03
2023-05-03 13:02:00,43.009998,19.82,13.69,607,60.799999,26.800001,5,2023-05-03
2023-05-03 13:32:00,42.599998,16.709999,16.67,597,61.0,27.5,5,2023-05-03
2023-05-03 14:02:00,40.5,19.289999,4.56,576,61.299999,28.200001,5,2023-05-03
2023-05-03 14:32:00,32.84,23.609999,7.14,560,61.299999,28.700001,5,2023-05-03
2023-05-03 15:02:00,30.069998,30.429998,3.06,488,61.299999,28.800001,5,2023-05-03
2023-05-03 15:32:00,28.119999,33.329998,3.66,477,61.100002,28.700001,5,2023-05-03
2023-05-03 16:02:00,27.489998,36.91,1.71,450,61.0,28.5,5,2023-05-03
2023-05-03 16:32:00,27.869999,42.75,1.52,432,60.900002,28.200001,5,2023-05-03
2023-05-03 17:02:00,27.979998,46.5,1.48,447,60.799999,28.0,5,2023-05-03
2023-05-03 17:32:00,27.729998,50.039997,0.68,473,60.700001,27.700001,5,2023-05-03
2023-05-03 18:02:00,26.789999,55.119999,0.16,465,60.600002,27.5,5,2023-05-03
2023-05-03 18:32:00,25.509998,59.359997,0.03,469,60.5,27.300001,5,2023-05-03
2023-05-03 19:02:00,24.129999,65.339996,0.0,466,60.400002,27.0,5,2023-05-03
2023-05-03 19:32:00,23.249998,68.119995,0.0,451,60.299999,26.700001,5,2023-05-03
2023-05-03 20:02:00,22.549999,70.75,0.0,443,60.200001,26.400002,5,2023-05-03
2023-05-03 20:32:00,21.969999,72.049995,0.0,428,60.100002,26.1,5,2023-05-03
2023-05-03 21:02:00,21.579998,73.309998,0.0,432,60.100002,25.900002,5,2023-05-03
2023-05-03 21:32:00,21.289999,72.849998,0.0,428,59.900002,25.6,5,2023-05-03
2023-05-03 22:02:00,20.999998,73.260002,0.0,413,59.900002,25.300001,5,2023-05-03
2023-05-03 22:32:00,20.649998,74.650002,0.0,432,59.700001,25.1,5,2023-05-03
2023-05-03 23:02:00,20.369999,75.939995,0.0,439,59.700001,24.800001,5,2023-05-03
2023-05-03 23:32:00,20.069998,76.849998,0.0,439,59.600002,24.6,5,2023-05-03
2023-05-04 00:02:00,19.919998,77.439995,0.0,432,59.5,24.400002,5,2023-05-04
2023-05-04 00:32:00,19.799999,78.059998,0.0,413,59.400002,24.200001,5,2023-05-04
2023-05-04 01:02:00,19.599998,78.269997,0.0,454,59.400002,24.0,5,2023-05-04
2023-05-04 01:32:00,19.429998,78.889999,0.0,424,59.299999,23.800001,5,2023-05-04
2023-05-04 02:02:00,19.219999,79.540001,0.0,413,59.299999,23.6,5,2023-05-04
2023-05-04 02:32:00,19.049999,81.389999,0.0,413,59.200001,23.400002,5,2023-05-04
2023-05-04 03:02:00,18.829998,80.299995,0.0,413,59.100002,23.200001,5,2023-05-04
2023-05-04 03:32:00,18.48,80.529999,0.0,413,59.100002,23.1,5,2023-05-04
2023-05-04 04:02:00,18.279999,81.57,0.0,413,59.0,22.900002,5,2023-05-04
2023-05-04 04:32:00,18.129999,82.049995,0.06,413,58.900002,22.700001,5,2023-05-04
2023-05-04 05:02:00,18.119999,82.629997,0.3,413,58.900002,22.5,5,2023-05-04
2023-05-04 05:32:00,18.339998,82.559998,0.59,413,58.900002,22.400002,5,2023-05-04
2023-05-04 06:02:00,18.799999,81.879997,1.2,413,58.799999,22.300001,5,2023-05-04
2023-05-04 06:32:00,19.379999,80.860001,1.03,413,58.799999,22.1,5,2023-05-04
2023-05-04 07:02:00,19.679998,79.82,1.55,413,58.799999,22.1,5,2023-05-04
2023-05-04 07:32:00,19.829998,78.479996,0.58,413,58.700001,22.0,5,2023-05-04
2023-05-04 08:02:00,19.529999,79.559998,2.02,413,58.700001,22.0,5,2023-05-04
2023-05-04 08:32:00,19.159998,80.629997,4.21,413,58.700001,21.900002,5,2023-05-04
2023-05-04 09:02:00,19.4,79.769997,3.81,413,58.700001,21.800001,5,2023-05-04
2023-05-04 09:32:00,20.269999,79.650002,9.84,413,58.700001,21.800001,5,2023-05-04
2023-05-04 10:02:00,22.449999,71.839996,5.88,413,58.799999,21.800001,5,2023-05-04
2023-05-04 10:32:00,21.519999,63.459999,5.87,413,58.900002,21.900002,5,2023-05-04
2023-05-04 11:02:00,20.539999,59.389999,5.31,413,58.900002,22.0,5,2023-05-04
2023-05-04 11:32:00,20.569998,63.09,10.28,413,58.900002,22.0,5,2023-05-04
2023-05-04 12:02:00,22.649998,54.559998,9.22,413,58.900002,22.1,5,2023-05-04
2023-05-04 12:32:00,23.859999,52.709999,8.71,413,59.0,22.200001,5,2023-05-04
2023-05-04 13:02:00,24.909998,51.469997,12.259999,413,59.100002,22.400002,5,2023-05-04
2023-05-04 13:32:00,26.699999,41.860001,11.48,413,59.200001,22.6,5,2023-05-04
2023-05-04 14:02:00,27.149998,38.919998,11.59,413,59.299999,22.900002,5,2023-05-04
2023-05-04 14:32:00,27.059998,37.619999,10.08,413,59.400002,23.200001,5,2023-05-04
2023-05-04 15:02:00,27.229998,35.059998,10.05,413,59.5,23.5,5,2023-05-04
2023-05-04 15:32:00,27.599998,34.77,13.849999,421,59.700001,23.700001,5,2023-05-04
2023-05-04 16:02:00,27.659998,31.74,10.179999,413,59.799999,24.1,5,2023-05-04
2023-05-04 16:32:00,26.419998,28.07,5.36,413,59.900002,24.400002,5,2023-05-04
2023-05-04 17:02:00,24.909998,36.950001,1.95,413,59.900002,24.6,5,2023-05-04
2023-05-04 17:32:00,24.699999,41.379997,0.8,413,59.900002,24.6,5,2023-05-04
2023-05-04 18:02:00,23.939999,47.079998,0.61,413,59.799999,24.5,5,2023-05-04
2023-05-04 18:32:00,22.429998,54.879997,0.1,413,59.700001,24.400002,5,2023-05-04
2023-05-04 19:02:00,20.859999,61.219997,0.0,413,59.600002,24.200001,5,2023-05-04
2023-05-04 19:32:00,19.699999,65.559998,0.0,413,59.5,24.0,5,2023-05-04
2023-05-04 20:02:00,18.869999,69.5,0.0,413,59.5,23.800001,5,2023-05-04
2023-05-04 20:32:00,18.48,70.979996,0.0,413,59.299999,23.5,5,2023-05-04
2023-05-04 21:02:00,17.98,72.18,0.0,413,59.200001,23.300001,5,2023-05-04
2023-05-04 21:32:00,17.719999,73.299995,0.0,413,59.100002,23.1,5,2023-05-04
2023-05-04 22:02:00,17.419998,72.75,0.0,413,59.100002,22.800001,5,2023-05-04
2023-05-04 22:32:00,16.969999,73.389999,0.0,413,58.900002,22.6,5,2023-05-04
2023-05-04 23:02:00,16.629999,73.580002,0.0,413,58.900002,22.5,5,2023-05-04
2023-05-04 23:32:00,16.48,74.809998,0.0,413,58.799999,22.200001,5,2023-05-04
2023-05-05 00:02:00,16.48,76.449997,0.0,413,58.700001,22.0,5,2023-05-05
2023-05-05 00:32:00,16.489998,74.790001,0.0,413,58.600002,21.800001,5,2023-05-05
2023-05-05 01:02:00,16.429998,75.059998,0.0,413,58.600002,21.6,5,2023-05-05
2023-05-05 01:32:00,16.349998,75.290001,0.0,413,58.5,21.5,5,2023-05-05
2023-05-05 02:02:00,16.249998,73.919998,0.0,413,58.400002,21.300001,5,2023-05-05
2023-05-05 02:32:00,16.139999,73.939995,0.0,413,58.400002,21.200001,5,2023-05-05
2023-05-05 03:02:00,16.059999,74.849998,0.0,413,58.299999,21.0,5,2023-05-05
2023-05-05 03:32:00,15.939999,73.849998,0.0,413,58.299999,20.900002,5,2023-05-05
2023-05-05 04:02:00,15.829999,75.409996,0.0,413,58.200001,20.800001,5,2023-05-05
2023-05-05 04:32:00,15.749999,75.879997,0.07,413,58.200001,20.6,5,2023-05-05
2023-05-05 05:02:00,15.679998,76.129997,0.19,413,58.100002,20.5,5,2023-05-05
2023-05-05 05:32:00,15.739999,75.830002,0.66,413,58.100002,20.300001,5,2023-05-05
2023-05-05 06:02:00,16.15,76.509995,1.44,413,58.100002,20.300001,5,2023-05-05
2023-05-05 06:32:00,17.119999,74.299995,2.84,413,58.0,20.1,5,2023-05-05
2023-05-05 07:02:00,19.389999,72.68,12.96,413,58.100002,20.1,5,2023-05-05
2023-05-05 07:32:00,20.269999,40.579998,9.599999,413,58.100002,20.200001,5,2023-05-05
2023-05-05 08:02:00,20.779999,34.709999,10.82,413,58.200001,20.400002,5,2023-05-05
2023-05-05 08:32:00,20.759998,35.279999,17.77,413,58.299999,20.6,5,2023-05-05
2023-05-05 09:02:00,20.549999,34.07,13.13,413,58.5,20.900002,5,2023-05-05
2023-05-05 09:32:00,22.009998,27.789999,20.119999,413,58.700001,21.200001,5,2023-05-05
2023-05-05 10:02:00,23.759998,27.84,27.789999,413,58.900002,21.6,5,2023-05-05
2023-05-05 10:32:00,25.749998,24.58,45.82,428,59.100002,22.1,5,2023-05-05
2023-05-05 11:02:00,26.479998,23.73,25.32,421,59.5,23.0,5,2023-05-05
2023-05-05 11:32:00,27.589998,22.269999,26.949999,413,59.900002,23.700001,5,2023-05-05
2023-05-05 12:02:00,27.489998,21.15,25.849998,413,60.100002,24.400002,5,2023-05-05
2023-05-05 12:32:00,28.149998,19.889999,31.65,447,60.299999,25.1,5,2023-05-05
2023-05-05 13:02:00,26.009998,21.58,20.539999,424,60.600002,25.900002,5,2023-05-05
2023-05-05 13:32:00,27.209999,19.209999,21.699999,413,60.700001,26.5,5,2023-05-05
2023-05-05 14:02:00,27.769999,19.25,29.639999,413,61.0,27.1,5,2023-05-05
2023-05-05 14:32:00,26.889999,20.65,20.42,413,61.299999,27.900002,5,2023-05-05
2023-05-05 15:02:00,27.759998,20.449999,27.15,413,61.299999,28.5,5,2023-05-05
2023-05-05 15:32:00,26.549999,21.779999,18.43,413,61.5,29.0,5,2023-05-05
2023-05-05 16:02:00,25.699999,19.84,7.35,413,61.299999,29.1,5,2023-05-05
2023-05-05 16:32:00,24.339998,21.99,6.05,413,61.200001,29.0,5,2023-05-05
2023-05-05 17:02:00,23.089998,23.51,3.98,413,61.100002,28.800001,5,2023-05-05
2023-05-05 17:32:00,24.299999,28.92,2.64,413,61.0,28.6,5,2023-05-05
2023-05-05 18:02:00,24.209999,35.439999,1.27,413,60.900002,28.300001,5,2023-05-05
2023-05-05 18:32:00,22.859999,40.779999,0.26,413,60.700001,28.0,5,2023-05-05
2023-05-05 19:02:00,20.859999,48.419998,0.0,413,60.5,27.6,5,2023-05-05
2023-05-05 19:32:00,19.299999,53.789997,0.0,413,60.299999,27.1,5,2023-05-05
2023-05-05 20:02:00,18.319998,59.149998,0.0,413,60.100002,26.700001,5,2023-05-05
2023-05-05 20:32:00,17.529999,62.199997,0.0,413,60.0,26.300001,5,2023-05-05
2023-05-05 21:02:00,16.869999,64.790001,0.0,413,59.799999,25.900002,5,2023-05-05
2023-05-05 21:32:00,16.339998,66.599998,0.0,413,59.700001,25.5,5,2023-05-05
2023-05-05 22:02:00,15.799998,68.900002,0.0,413,59.5,25.1,5,2023-05-05
2023-05-05 22:32:00,15.339999,69.639999,0.0,413,59.400002,24.700001,5,2023-05-05
2023-05-05 23:02:00,15.029999,69.979996,0.0,413,59.299999,24.300001,5,2023-05-05
2023-05-05 23:32:00,14.729999,71.269997,0.0,413,59.100002,24.0,5,2023-05-05
2023-05-06 00:02:00,14.479999,72.739998,0.0,413,59.0,23.700001,5,2023-05-06
2023-05-06 00:32:00,14.249999,71.82,0.0,413,58.900002,23.400002,5,2023-05-06
2023-05-06 01:02:00,13.969998,73.299995,0.0,413,58.700001,23.1,5,2023-05-06
2023-05-06 01:32:00,13.759998,74.519997,0.0,413,58.700001,22.800001,5,2023-05-06
2023-05-06 02:02:00,13.399999,76.129997,0.0,413,58.5,22.5,5,2023-05-06
2023-05-06 02:32:00,13.089999,76.830002,0.0,413,58.400002,22.200001,5,2023-05-06
2023-05-06 03:02:00,12.679998,77.159996,0.0,413,58.299999,22.0,5,2023-05-06
2023-05-06 03:32:00,12.269999,77.849998,0.0,413,58.200001,21.700001,5,2023-05-06
2023-05-06 04:02:00,11.849998,78.830002,0.02,413,58.100002,21.5,5,2023-05-06
2023-05-06 04:32:00,11.629999,79.360001,0.5,413,58.0,21.200001,5,2023-05-06
2023-05-06 05:02:00,11.889998,79.699997,2.0,413,57.900002,21.0,5,2023-05-06
2023-05-06 05:32:00,13.079999,79.25,4.01,413,57.900002,20.700001,5,2023-05-06
2023-05-06 06:02:00,15.359999,77.07,7.76,413,57.799999,20.6,5,2023-05-06
2023-05-06 06:32:00,19.829998,67.019997,13.219999,413,57.799999,20.5,5,2023-05-06
2023-05-06 07:02:00,25.499998,53.309998,19.559999,413,57.900002,20.5,5,2023-05-06
2023-05-06 07:32:00,30.779999,35.360001,13.759999,484,58.0,20.6,5,2023-05-06
2023-05-06 08:02:00,29.059998,24.639999,11.96,417,58.200001,21.0,5,2023-05-06
2023-05-06 08:32:00,29.359999,19.83,16.25,417,58.400002,21.5,5,2023-05-06
2023-05-06 09:02:00,31.929998,20.059999,23.049999,480,58.700001,22.0,5,2023-05-06
2023-05-06 09:32:00,32.649998,20.26,15.92,548,59.100002,22.6,5,2023-05-06
2023-05-06 10:02:00,33.289997,17.639999,40.639999,533,59.299999,23.400002,5,2023-05-06
2023-05-06 10:32:00,35.919998,19.67,50.07,597,59.799999,24.300001,5,2023-05-06
2023-05-06 11:02:00,36.039997,14.4,28.269999,608,60.299999,25.5,5,2023-05-06
2023-05-06 11:32:00,38.139999,12.87,18.07,625,60.900002,26.800001,5,2023-05-06
2023-05-06 12:02:00,36.369999,14.509999,33.219997,549,61.299999,28.1,5,2023-05-06
2023-05-06 12:32:00,37.32,14.66,42.84,572,61.700001,29.400002,5,2023-05-06
2023-05-06 13:02:00,37.66,15.36,29.719999,554,62.0,30.5,5,2023-05-06
2023-05-06 13:32:00,39.32,11.95,20.059999,617,62.299999,31.5,5,2023-05-06
2023-05-06 14:02:00,40.099998,13.65,3.69,607,62.5,32.5,5,2023-05-06
2023-05-06 14:32:00,39.699997,14.009999,3.71,586,62.400002,32.700001,5,2023-05-06
2023-05-06 15:02:00,36.329998,11.66,26.91,578,62.299999,32.799999,5,2023-05-06
2023-05-06 15:32:00,34.66,11.9,17.289999,567,62.400002,33.100002,5,2023-05-06
2023-05-06 16:02:00,32.769997,14.21,8.86,548,62.299999,33.200001,5,2023-05-06
2023-05-06 16:32:00,30.569998,20.85,6.33,522,62.200001,33.0,5,2023-05-06
2023-05-06 17:02:00,29.529999,21.32,4.2,458,62.100002,32.799999,5,2023-05-06
2023-05-06 17:32:00,29.849998,23.66,2.68,477,61.900002,32.5,5,2023-05-06
2023-05-06 18:02:00,28.759998,32.439999,1.32,473,61.700001,32.100002,5,2023-05-06
2023-05-06 18:32:00,26.459999,39.66,0.33,462,61.5,31.6,5,2023-05-06
2023-05-06 19:02:00,24.009998,45.649998,0.0,413,61.299999,31.1,5,2023-05-06
2023-05-06 19:32:00,21.819998,51.57,0.0,413,61.100002,30.6,5,2023-05-06
2023-05-06 20:02:00,20.289999,55.719997,0.0,413,60.900002,30.0,5,2023-05-06
2023-05-06 20:32:00,19.089998,60.0,0.0,413,60.700001,29.5,5,2023-05-06
2023-05-06 21:02:00,18.039999,62.649998,0.0,413,60.5,29.0,5,2023-05-06
2023-05-06 21:32:00,17.139999,64.57,0.0,413,60.299999,28.5,5,2023-05-06
2023-05-06 22:02:00,16.4,66.389999,0.0,413,60.100002,28.0,5,2023-05-06
2023-05-06 22:32:00,15.779999,67.019997,0.0,413,59.900002,27.5,5,2023-05-06
2023-05-06 23:02:00,15.179998,68.919998,0.0,413,59.700001,27.0,5,2023-05-06
2023-05-06 23:32:00,14.739999,69.489998,0.0,413,59.5,26.5,5,2023-05-06
2023-05-07 00:02:00,14.399999,72.220001,0.0,413,59.400002,26.1,5,2023-05-07
2023-05-07 00:32:00,14.079999,72.510002,0.0,413,59.299999,25.6,5,2023-05-07
2023-05-07 01:02:00,13.809999,73.510002,0.0,413,59.100002,25.300001,5,2023-05-07
2023-05-07 01:32:00,13.469998,73.790001,0.0,413,58.900002,24.900002,5,2023-05-07
2023-05-07 02:02:00,13.139998,74.540001,0.0,413,58.799999,24.5,5,2023-05-07
2023-05-07 02:32:00,12.839999,75.189995,0.0,413,58.700001,24.1,5,2023-05-07
2023-05-07 03:02:00,12.409999,74.939995,0.0,413,58.5,23.800001,5,2023-05-07
2023-05-07 03:32:00,12.059999,76.32,0.0,413,58.5,23.5,5,2023-05-07
2023-05-07 04:02:00,11.679998,75.769997,0.02,413,58.299999,23.1,5,2023-05-07
2023-05-07 04:32:00,11.399999,76.389999,0.5,413,58.200001,22.800001,5,2023-05-07
2023-05-07 05:02:00,11.779999,77.610001,2.15,413,58.100002,22.5,5,2023-05-07
2023-05-07 05:32:00,13.189999,76.939995,4.06,413,58.0,22.300001,5,2023-05-07
2023-05-07 06:02:00,15.699999,75.509995,8.139999,413,57.900002,22.0,5,2023-05-07
2023-05-07 06:32:00,20.549999,65.129997,13.34,413,57.900002,21.900002,5,2023-05-07
2023-05-07 07:02:00,26.389999,52.619999,19.93,481,58.0,21.900002,5,2023-05-07
2023-05-07 07:32:00,31.359999,39.719997,14.639999,552,58.100002,22.0,5,2023-05-07
2023-05-07 08:02:00,30.699999,19.449999,12.809999,466,58.299999,22.400002,5,2023-05-07
2023-05-07 08:32:00,29.529999,19.24,17.889999,443,58.600002,23.0,5,2023-05-07
2023-05-07 09:02:00,30.329998,16.129999,24.639999,473,58.900002,23.5,5,2023-05-07
2023-05-07 09:32:00,31.279999,16.24,15.349999,488,59.200001,24.1,5,2023-05-07
2023-05-07 10:02:00,33.139999,15.41,40.649998,544,59.5,25.0,5,2023-05-07
2023-05-07 10:32:00,34.859997,15.41,51.039997,571,60.0,25.800001,5,2023-05-07
2023-05-07 11:02:00,36.399998,13.2,27.549999,571,60.5,27.0,5,2023-05-07
2023-05-07 11:32:00,36.34,11.809999,36.719997,586,61.100002,28.300001,5,2023-05-07
2023-05-07 12:02:00,36.829998,12.32,33.630001,600,61.5,29.700001,5,2023-05-07
2023-05-07 12:32:00,37.349998,9.73,44.48,586,62.0,31.1,5,2023-05-07
2023-05-07 13:02:00,36.299999,13.79,25.24,578,62.200001,32.100002,5,2023-05-07
2023-05-07 13:32:00,37.059998,12.4,22.939999,516,62.5,33.100002,5,2023-05-07
2023-05-07 14:02:00,37.099998,12.29,44.23,558,62.799999,34.100002,5,2023-05-07
2023-05-07 14:32:00,37.469997,10.09,21.27,572,63.0,35.0,5,2023-05-07
2023-05-07 15:02:00,37.369999,10.17,25.559999,600,63.100002,35.799999,5,2023-05-07
2023-05-07 15:32:00,36.059998,12.58,15.67,582,63.0,36.100002,5,2023-05-07
2023-05-07 16:02:00,32.829998,14.91,8.679999,518,62.900002,36.0,5,2023-05-07
2023-05-07 16:32:00,32.119999,15.37,6.72,511,62.600002,35.600002,5,2023-05-07
2023-05-07 17:02:00,33.209999,19.49,4.35,510,62.5,35.299999,5,2023-05-07
2023-05-07 17:32:00,33.66,22.379999,2.5,533,62.299999,35.0,5,2023-05-07
2023-05-07 18:02:00,31.659998,24.269999,1.15,499,62.0,34.5,5,2023-05-07
2023-05-07 18:32:00,28.149998,28.359999,0.34,473,61.700001,33.799999,5,2023-05-07
2023-05-07 19:02:00,25.189999,33.950001,0.01,413,61.5,33.299999,5,2023-05-07
2023-05-07 19:32:00,22.759998,39.549999,0.0,413,61.299999,32.600002,5,2023-05-07
2023-05-07 20:02:00,20.999998,42.579998,0.0,413,61.0,31.900002,5,2023-05-07
2023-05-07 20:32:00,19.65,44.869999,0.0,413,60.799999,31.300001,5,2023-05-07
2023-05-07 21:02:00,18.719999,48.16,0.0,413,60.5,30.6,5,2023-05-07
2023-05-07 21:32:00,18.139999,49.84,0.0,413,60.299999,30.0,5,2023-05-07
2023-05-07 22:02:00,17.389999,51.419998,0.0,413,60.100002,29.5,5,2023-05-07
2023-05-07 22:32:00,16.699999,52.739998,0.0,413,59.900002,29.0,5,2023-05-07
2023-05-07 23:02:00,16.089998,54.559998,0.0,413,59.700001,28.400002,5,2023-05-07
2023-05-07 23:32:00,15.539999,55.239998,0.0,413,59.5,27.900002,5,2023-05-07
2023-05-08 00:02:00,15.079999,56.110001,0.0,413,59.299999,27.400002,5,2023-05-08
2023-05-08 00:32:00,14.739999,57.619999,0.0,413,59.100002,27.0,5,2023-05-08
2023-05-08 01:02:00,14.419999,58.739998,0.0,413,58.900002,26.5,5,2023-05-08
2023-05-08 01:32:00,14.239999,60.07,0.0,413,58.900002,26.1,5,2023-05-08
2023-05-08 02:02:00,14.109999,60.759998,0.0,413,58.700001,25.700001,5,2023-05-08
2023-05-08 02:32:00,13.999999,62.459999,0.0,413,58.5,25.300001,5,2023-05-08
2023-05-08 03:02:00,14.079999,62.43,0.0,413,58.400002,25.0,5,2023-05-08
2023-05-08 03:32:00,14.039999,61.669998,0.0,413,58.299999,24.6,5,2023-05-08
2023-05-08 04:02:00,13.889998,61.869999,0.04,413,58.100002,24.300001,5,2023-05-08
2023-05-08 04:32:00,13.609999,59.799999,0.53,413,58.100002,24.0,5,2023-05-08
2023-05-08 05:02:00,13.859999,58.039997,2.14,413,58.0,23.800001,5,2023-05-08
2023-05-08 05:32:00,15.379999,53.639999,4.03,413,57.900002,23.5,5,2023-05-08
2023-05-08 06:02:00,17.909998,47.299999,8.48,413,57.799999,23.300001,5,2023-05-08
2023-05-08 06:32:00,21.439999,44.099998,14.16,413,57.799999,23.200001,5,2023-05-08
2023-05-08 07:02:00,22.349998,39.32,4.38,413,57.900002,23.1,5,2023-05-08
2023-05-08 07:32:00,24.529999,35.809998,5.28,413,57.900002,23.200001,5,2023-05-08
2023-05-08 08:02:00,26.399998,32.419998,6.74,413,58.0,23.400002,5,2023-05-08
2023-05-08 08:32:00,26.579998,20.709999,21.559999,413,58.200001,23.6,5,2023-05-08
2023-05-08 09:02:00,28.249998,22.119999,26.16,417,58.400002,24.1,5,2023-05-08
2023-05-08 09:32:00,29.229998,19.129999,11.77,425,58.700001,24.6,5,2023-05-08
2023-05-08 10:02:00,30.099998,20.449999,27.619999,439,58.900002,25.1,5,2023-05-08
2023-05-08 10:32:00,31.859999,18.42,46.52,481,59.200001,25.700001,5,2023-05-08
2023-05-08 11:02:00,33.57,16.9,26.34,507,59.700001,26.700001,5,2023-05-08
2023-05-08 11:32:00,35.049999,13.969999,35.219997,533,60.299999,27.900002,5,2023-05-08
2023-05-08 12:02:00,35.91,12.62,32.099998,556,60.700001,29.1,5,2023-05-08
2023-05-08 12:32:00,36.75,13.809999,44.919998,563,61.200001,30.400002,5,2023-05-08
2023-05-08 13:02:00,34.379997,14.66,26.019999,522,61.400002,31.300001,5,2023-05-08
2023-05-08 13:32:00,34.029999,16.24,22.67,495,61.700001,32.100002,5,2023-05-08
2023-05-08 14:02:00,34.289997,15.009999,47.719997,492,61.900002,33.100002,5,2023-05-08
2023-05-08 14:32:00,34.899998,13.73,22.75,537,62.100002,34.100002,5,2023-05-08
2023-05-08 15:02:00,34.48,13.74,26.529999,503,62.299999,34.799999,5,2023-05-08
2023-05-08 15:32:00,33.049999,13.25,15.36,499,62.299999,35.200001,5,2023-05-08
2023-05-08 16:02:00,31.109999,15.19,8.84,492,62.100002,35.100002,5,2023-05-08
2023-05-08 16:32:00,28.609999,16.119999,6.27,466,61.900002,34.700001,5,2023-05-08
2023-05-08 17:02:00,29.139999,17.199999,4.34,421,61.700001,34.299999,5,2023-05-08
2023-05-08 17:32:00,29.489998,17.51,1.69,432,61.400002,33.799999,5,2023-05-08
2023-05-08 18:02:00,27.509998,22.43,1.14,413,61.100002,33.299999,5,2023-05-08
2023-05-08 18:32:00,25.249998,25.25,0.36,413,60.900002,32.600002,5,2023-05-08
2023-05-08 19:02:00,22.609999,32.709999,0.01,413,60.700001,32.0,5,2023-05-08
2023-05-08 19:32:00,20.769999,37.09,0.0,413,60.400002,31.400002,5,2023-05-08
2023-05-08 20:02:00,19.539999,40.419998,0.0,413,60.100002,30.800001,5,2023-05-08
2023-05-08 20:32:00,18.339998,42.950001,0.0,413,59.900002,30.200001,5,2023-05-08
2023-05-08 21:02:00,17.029999,46.259998,0.0,413,59.700001,29.6,5,2023-05-08
2023-05-08 21:32:00,16.059999,49.799999,0.0,413,59.400002,29.0,5,2023-05-08
2023-05-08 22:02:00,15.279999,50.43,0.0,413,59.200001,28.5,5,2023-05-08
2023-05-08 22:32:00,14.569999,54.16,0.0,413,59.0,28.0,5,2023-05-08
2023-05-08 23:02:00,14.349998,54.439999,0.0,413,58.799999,27.5,5,2023-05-08
2023-05-08 23:32:00,14.369999,53.649998,0.0,413,58.600002,27.0,5,2023-05-08
2023-05-09 00:02:00,13.959999,53.949997,0.0,413,58.5,26.5,5,2023-05-09
2023-05-09 00:32:00,13.219998,54.529999,0.0,413,58.299999,26.1,5,2023-05-09
2023-05-09 01:02:00,12.629999,56.559998,0.0,413,58.100002,25.6,5,2023-05-09
2023-05-09 01:32:00,12.059999,57.649998,0.0,413,57.900002,25.300001,5,2023-05-09
2023-05-09 02:02:00,11.629999,60.48,0.0,413,57.799999,24.800001,5,2023-05-09
2023-05-09 02:32:00,11.509999,61.41,0.0,413,57.600002,24.5,5,2023-05-09
2023-05-09 03:02:00,11.829999,58.949997,0.0,413,57.5,24.1,5,2023-05-09
2023-05-09 03:32:00,11.879999,58.07,0.0,413,57.400002,23.800001,5,2023-05-09
2023-05-09 04:02:00,11.929998,56.799999,0.03,413,57.200001,23.5,5,2023-05-09
2023-05-09 04:32:00,11.929998,54.27,0.6,413,57.200001,23.1,5,2023-05-09
2023-05-09 05:02:00,12.349998,53.879997,2.35,413,57.0,22.800001,5,2023-05-09
2023-05-09 05:32:00,13.819999,49.669998,4.16,413,57.0,22.6,5,2023-05-09
2023-05-09 06:02:00,16.699999,48.539997,9.25,413,56.900002,22.400002,5,2023-05-09
2023-05-09 06:32:00,22.039999,38.549999,14.49,413,56.900002,22.300001,5,2023-05-09
2023-05-09 07:02:00,27.449999,31.76,20.959999,413,57.0,22.300001,5,2023-05-09
2023-05-09 07:32:00,32.09,27.08,25.959999,477,57.100002,22.5,5,2023-05-09
2023-05-09 08:02:00,33.5,17.379999,12.83,515,57.400002,22.800001,5,2023-05-09
2023-05-09 08:32:00,26.749998,15.559999,18.08,413,57.600002,23.400002,5,2023-05-09
2023-05-09 09:02:00,25.929998,21.809999,14.61,413,57.900002,24.0,5,2023-05-09
2023-05-09 09:32:00,25.709999,22.32,9.639999,413,58.100002,24.300001,5,2023-05-09
2023-05-09 10:02:00,26.399998,22.879999,8.2,413,58.100002,24.6,5,2023-05-09
2023-05-09 10:32:00,26.519999,20.15,11.07,413,58.299999,25.0,5,2023-05-09
2023-05-09 11:02:00,28.039999,16.52,10.84,413,58.400002,25.300001,5,2023-05-09
2023-05-09 11:32:00,27.889999,15.27,13.44,413,58.5,25.6,5,2023-05-09
2023-05-09 12:02:00,28.639999,13.88,7.82,413,58.700001,25.900002,5,2023-05-09
2023-05-09 12:32:00,30.099998,12.79,49.809998,436,58.799999,26.200001,5,2023-05-09
2023-05-09 13:02:00,28.059998,14.25,15.54,413,59.100002,26.800001,5,2023-05-09
2023-05-09 13:32:00,24.769999,14.77,20.709999,413,59.299999,27.300001,5,2023-05-09
2023-05-09 14:02:00,25.469999,17.559999,35.200001,413,59.299999,27.6,5,2023-05-09
2023-05-09 14:32:00,29.059998,13.96,26.15,428,59.400002,28.0,5,2023-05-09
2023-05-09 15:02:00,28.489998,13.37,11.92,421,59.700001,28.700001,5,2023-05-09
2023-05-09 15:32:00,24.769999,15.44,10.9,413,59.900002,29.1,5,2023-05-09
2023-05-09 16:02:00,24.279999,15.599999,6.61,413,59.700001,29.1,5,2023-05-09
2023-05-09 16:32:00,23.309999,16.139999,6.91,413,59.700001,29.0,5,2023-05-09
2023-05-09 17:02:00,24.469999,18.789999,2.67,413,59.5,28.900002,5,2023-05-09
2023-05-09 17:32:00,24.029999,23.309999,1.84,413,59.400002,28.700001,5,2023-05-09
2023-05-09 18:02:00,22.309999,28.57,1.01,413,59.200001,28.300001,5,2023-05-09
2023-05-09 18:32:00,20.369999,35.040001,0.3,413,59.0,28.0,5,2023-05-09
2023-05-09 19:02:00,18.749998,40.66,0.01,413,58.799999,27.5,5,2023-05-09
2023-05-09 19:32:00,17.179998,45.079998,0.0,413,58.600002,27.1,5,2023-05-09
2023-05-09 20:02:00,15.829999,49.379997,0.0,413,58.400002,26.6,5,2023-05-09
2023-05-09 20:32:00,14.889998,52.119999,0.0,413,58.200001,26.200001,5,2023-05-09
2023-05-09 21:02:00,13.999999,54.799999,0.0,413,58.0,25.800001,5,2023-05-09
2023-05-09 21:32:00,13.179998,57.939999,0.0,413,57.799999,25.300001,5,2023-05-09
2023-05-09 22:02:00,12.809999,59.099998,0.0,413,57.600002,24.900002,5,2023-05-09
2023-05-09 22:32:00,12.299999,61.119999,0.0,413,57.5,24.5,5,2023-05-09
2023-05-09 23:02:00,11.889998,63.84,0.0,413,57.299999,24.1,5,2023-05-09
2023-05-09 23:32:00,11.679998,64.790001,0.0,413,57.100002,23.800001,5,2023-05-09
2023-05-10 00:02:00,11.749999,64.419998,0.0,413,57.0,23.400002,5,2023-05-10
2023-05-10 00:32:00,11.849998,62.419998,0.0,413,56.799999,23.1,5,2023-05-10
2023-05-10 01:02:00,11.829999,61.459999,0.0,413,56.799999,22.800001,5,2023-05-10
2023-05-10 01:32:00,11.679998,62.959999,0.0,413,56.600002,22.5,5,2023-05-10
2023-05-10 02:02:00,11.389998,63.469997,0.0,413,56.5,22.200001,5,2023-05-10
2023-05-10 02:32:00,10.899999,65.489998,0.0,413,56.400002,22.0,5,2023-05-10
2023-05-10 03:02:00,10.409999,65.639999,0.0,413,56.299999,21.6,5,2023-05-10
2023-05-10 03:32:00,10.139998,68.470001,0.0,413,56.100002,21.400002,5,2023-05-10
2023-05-10 04:02:00,10.039999,68.729996,0.04,413,56.100002,21.1,5,2023-05-10
2023-05-10 04:32:00,10.029999,68.150002,0.53,413,55.900002,20.900002,5,2023-05-10
2023-05-10 05:02:00,10.479999,66.720001,1.86,413,55.900002,20.6,5,2023-05-10
2023-05-10 05:32:00,11.959999,62.529999,3.56,413,55.799999,20.5,5,2023-05-10
2023-05-10 06:02:00,14.539999,58.099998,7.5,413,55.700001,20.300001,5,2023-05-10
2023-05-10 06:32:00,19.059999,49.16,12.349999,413,55.700001,20.200001,5,2023-05-10
2023-05-10 07:02:00,23.869999,37.719997,18.199999,413,55.700001,20.300001,5,2023-05-10
2023-05-10 07:32:00,28.099998,30.459999,23.389999,413,55.900002,20.400002,5,2023-05-10
2023-05-10 08:02:00,31.169998,26.869999,12.36,428,56.100002,20.700001,5,2023-05-10
2023-05-10 08:32:00,23.499998,25.129999,17.609999,413,56.400002,21.200001,5,2023-05-10
2023-05-10 09:02:00,22.949999,26.109999,21.389999,413,56.600002,21.800001,5,2023-05-10
2023-05-10 09:32:00,24.629999,25.699999,14.62,413,57.0,22.400002,5,2023-05-10
2023-05-10 10:02:00,25.839998,24.26,40.189999,413,57.400002,23.0,5,2023-05-10
2023-05-10 10:32:00,29.809998,20.74,48.149998,421,57.700001,23.800001,5,2023-05-10
2023-05-10 11:02:00,32.16,17.23,24.619999,454,58.200001,24.800001,5,2023-05-10
2023-05-10 11:32:00,33.509998,17.5,33.059998,515,58.799999,25.900002,5,2023-05-10
2023-05-10 12:02:00,33.739998,18.08,29.459999,492,59.299999,27.1,5,2023-05-10
2023-05-10 12:32:00,35.66,16.039999,41.579998,514,59.900002,28.1,5,2023-05-10
2023-05-10 13:02:00,35.739998,14.98,23.58,540,60.200001,29.0,5,2023-05-10
2023-05-10 13:32:00,36.809998,15.19,21.32,544,60.700001,29.700001,5,2023-05-10
2023-05-10 14:02:00,37.779999,14.16,38.029999,567,61.100002,30.6,5,2023-05-10
2023-05-10 14:32:00,38.109997,11.48,26.969999,571,61.400002,31.5,5,2023-05-10
2023-05-10 15:02:00,36.079998,14.74,22.609999,529,61.700001,32.100002,5,2023-05-10
2023-05-10 15:32:00,35.699997,15.07,16.01,507,61.900002,32.5,5,2023-05-10
2023-05-10 16:02:00,33.899998,15.469999,8.48,507,61.700001,32.400002,5,2023-05-10
2023-05-10 16:32:00,31.569998,16.539999,5.04,477,61.600002,32.0,5,2023-05-10
2023-05-10 17:02:00,30.029999,19.309999,3.61,447,61.5,31.6,5,2023-05-10
2023-05-10 17:32:00,30.339998,22.299999,2.29,432,61.400002,31.300001,5,2023-05-10
2023-05-10 18:02:00,28.909998,26.18,1.19,432,61.299999,30.900002,5,2023-05-10
2023-05-10 18:32:00,25.839998,31.849998,0.35,413,61.200001,30.400002,5,2023-05-10
2023-05-10 19:02:00,22.939999,39.209999,0.01,413,61.0,29.900002,5,2023-05-10
2023-05-10 19:32:00,20.789999,44.829998,0.0,413,60.900002,29.300001,5,2023-05-10
2023-05-10 20:02:00,19.039999,49.029999,0.0,413,60.700001,28.800001,5,2023-05-10
2023-05-10 20:32:00,17.879999,53.529999,0.0,413,60.600002,28.300001,5,2023-05-10
2023-05-10 21:02:00,17.139999,55.91,0.0,413,60.400002,27.800001,5,2023-05-10
2023-05-10 21:32:00,16.439999,57.669998,0.0,413,60.299999,27.300001,5,2023-05-10
2023-05-10 22:02:00,15.699999,59.799999,0.0,413,60.200001,26.800001,5,2023-05-10
2023-05-10 22:32:00,15.009998,61.48,0.0,413,60.0,26.300001,5,2023-05-10
2023-05-10 23:02:00,14.449999,62.859997,0.0,413,59.900002,25.900002,5,2023-05-10
2023-05-10 23:32:00,13.869999,62.84,0.0,413,59.799999,25.5,5,2023-05-10
2023-05-11 00:02:00,13.419999,65.290001,0.0,413,59.700001,25.1,5,2023-05-11
2023-05-11 00:32:00,12.939999,65.07,0.0,413,59.600002,24.6,5,2023-05-11
2023-05-11 01:02:00,12.539999,66.760002,0.0,413,59.5,24.300001,5,2023-05-11
2023-05-11 01:32:00,12.329999,67.439995,0.0,413,59.5,23.900002,5,2023-05-11
2023-05-11 02:02:00,11.989999,68.309998,0.0,413,59.400002,23.6,5,2023-05-11
2023-05-11 02:32:00,11.629999,69.25,0.0,413,59.299999,23.200001,5,2023-05-11
2023-05-11 03:02:00,11.329999,70.040001,0.0,413,59.200001,22.900002,5,2023-05-11
2023-05-11 03:32:00,11.089999,70.839996,0.0,413,59.200001,22.6,5,2023-05-11
2023-05-11 04:02:00,10.839999,71.099998,0.05,413,59.100002,22.300001,5,2023-05-11
2023-05-11 04:32:00,10.689999,71.279999,0.53,413,59.0,22.0,5,2023-05-11
2023-05-11 05:02:00,11.169999,73.43,1.88,413,59.0,21.700001,5,2023-05-11
2023-05-11 05:32:00,13.039999,71.139999,3.17,413,59.0,21.5,5,2023-05-11
2023-05-11 06:02:00,15.839999,64.019997,6.38,413,59.0,21.300001,5,2023-05-11
2023-05-11 06:32:00,20.48,41.299999,11.95,413,59.100002,21.200001,5,2023-05-11
2023-05-11 07:02:00,23.379999,30.33,16.35,413,59.200001,21.200001,5,2023-05-11
2023-05-11 07:32:00,27.009998,25.73,14.41,413,59.299999,21.300001,5,2023-05-11
2023-05-11 08:02:00,27.659998,21.68,11.63,417,59.5,21.5,5,2023-05-11
2023-05-11 08:32:00,28.819998,20.85,16.559999,413,59.700001,21.900002,5,2023-05-11
2023-05-11 09:02:00,30.669998,20.09,20.49,428,60.100002,22.300001,5,2023-05-11
2023-05-11 09:32:00,32.539997,17.379999,8.79,477,60.299999,22.900002,5,2023-05-11
2023-05-11 10:02:00,33.269997,17.52,13.79,477,60.900002,23.5,5,2023-05-11
2023-05-11 10:32:00,34.769997,15.849999,14.52,507,61.5,24.0,5,2023-05-11
2023-05-11 11:02:00,35.289997,15.929999,14.639999,514,62.0,24.5,5,2023-05-11
2023-05-11 11:32:00,36.029999,15.65,14.75,559,62.5,25.1,5,2023-05-11
2023-05-11 12:02:00,36.649998,15.009999,10.679999,522,62.799999,25.6,5,2023-05-11
2023-05-11 12:32:00,38.019997,14.139999,11.87,540,63.200001,26.300001,5,2023-05-11
2023-05-11 13:02:00,37.919998,15.679999,10.27,481,63.400002,26.800001,5,2023-05-11
2023-05-11 13:32:00,37.049999,13.639999,11.139999,548,63.600002,27.300001,5,2023-05-11
2023-05-11 14:02:00,37.429996,13.54,30.82,537,64.0,27.800001,5,2023-05-11
2023-05-11 14:32:00,38.539997,12.5,17.379999,556,64.300003,28.700001,5,2023-05-11
2023-05-11 15:02:00,37.429996,15.23,18.199999,533,64.599998,29.5,5,2023-05-11
2023-05-11 15:32:00,35.079998,13.27,9.74,488,64.900002,30.1,5,2023-05-11
2023-05-11 16:02:00,33.179996,14.13,5.11,481,65.0,30.300001,5,2023-05-11
2023-05-11 16:32:00,31.139997,17.549999,4.3,469,65.099998,30.200001,5,2023-05-11
2023-05-11 17:02:00,31.559998,20.0,4.11,458,65.099998,30.0,5,2023-05-11
2023-05-11 17:32:00,31.499998,23.73,3.04,447,65.099998,29.800001,5,2023-05-11
2023-05-11 18:02:00,30.229998,27.4,1.4,413,65.099998,29.5,5,2023-05-11
2023-05-11 18:32:00,27.659998,32.290001,0.32,413,65.0,29.300001,5,2023-05-11
2023-05-11 19:02:00,25.019999,39.029999,0.01,413,64.900002,28.900002,5,2023-05-11
2023-05-11 19:32:00,23.089998,45.369999,0.0,413,64.800003,28.6,5,2023-05-11
2023-05-11 20:02:00,21.709999,49.77,0.0,413,64.700005,28.1,5,2023-05-11
2023-05-11 20:32:00,20.829998,51.0,0.0,413,64.700005,27.800001,5,2023-05-11
2023-05-11 21:02:00,20.069998,50.48,0.0,413,64.599998,27.400002,5,2023-05-11
2023-05-11 21:32:00,19.439999,53.469997,0.0,413,64.5,27.1,5,2023-05-11
2023-05-11 22:02:00,18.959999,55.099998,0.0,413,64.400002,26.700001,5,2023-05-11
2023-05-11 22:32:00,18.499998,57.709999,0.0,413,64.300003,26.400002,5,2023-05-11
2023-05-11 23:02:00,18.089998,60.099998,0.0,413,64.200005,26.1,5,2023-05-11
2023-05-11 23:32:00,17.809999,61.129997,0.0,413,64.099998,25.800001,5,2023-05-11
2023-05-12 00:02:00,17.48,61.969997,0.0,413,64.099998,25.5,5,2023-05-12
2023-05-12 00:32:00,17.199999,65.699997,0.0,413,64.0,25.200001,5,2023-05-12
2023-05-12 01:02:00,16.929998,63.27,0.0,413,64.0,24.900002,5,2023-05-12
2023-05-12 01:32:00,16.639999,64.669998,0.0,413,63.900002,24.6,5,2023-05-12
2023-05-12 02:02:00,16.339998,63.5,0.0,413,63.799999,24.400002,5,2023-05-12
2023-05-12 02:32:00,16.209999,64.189995,0.0,413,63.799999,24.1,5,2023-05-12
2023-05-12 03:02:00,16.15,65.349998,0.0,413,63.700001,23.900002,5,2023-05-12
2023-05-12 03:32:00,16.219999,66.360001,0.0,413,63.600002,23.700001,5,2023-05-12
2023-05-12 04:02:00,16.089998,66.119995,0.04,413,63.600002,23.5,5,2023-05-12
2023-05-12 04:32:00,15.979999,66.439995,0.45,413,63.5,23.300001,5,2023-05-12
2023-05-12 05:02:00,16.23,65.93,1.51,413,63.400002,23.1,5,2023-05-12
2023-05-12 05:32:00,17.059999,62.719997,2.53,413,63.400002,23.0,5,2023-05-12
2023-05-12 06:02:00,18.339998,59.689999,5.34,413,63.400002,22.800001,5,2023-05-12
2023-05-12 06:32:00,21.989998,52.93,10.83,413,63.400002,22.800001,5,2023-05-12
2023-05-12 07:02:00,26.669998,43.57,12.41,413,63.400002,22.800001,5,2023-05-12
2023-05-12 07:32:00,29.799999,38.759998,12.83,447,63.600002,23.0,5,2023-05-12
2023-05-12 08:02:00,31.429998,24.769999,11.88,450,63.700001,23.200001,5,2023-05-12
2023-05-12 08:32:00,26.759998,22.959999,10.8,413,63.799999,23.6,5,2023-05-12
2023-05-12 09:02:00,25.729998,25.699999,16.629999,413,63.900002,23.900002,5,2023-05-12
2023-05-12 09:32:00,27.859999,23.889999,16.15,413,64.0,24.200001,5,2023-05-12
2023-05-12 10:02:00,29.799999,21.74,25.76,413,64.200005,24.6,5,2023-05-12
2023-05-12 10:32:00,30.959999,21.119999,9.11,432,64.300003,25.1,5,2023-05-12
2023-05-12 11:02:00,31.599998,22.039999,19.01,432,64.5,25.6,5,2023-05-12
2023-05-12 11:32:00,30.599998,22.17,9.74,428,64.599998,26.1,5,2023-05-12
2023-05-12 12:02:00,28.599998,24.15,10.32,413,64.700005,26.5,5,2023-05-12
2023-05-12 12:32:00,27.539999,26.09,12.59,413,64.700005,26.6,5,2023-05-12
2023-05-12 13:02:00,27.729998,28.34,9.83,413,64.700005,26.800001,5,2023-05-12
2023-05-12 13:32:00,26.399998,29.359999,10.36,413,64.700005,27.0,5,2023-05-12
2023-05-12 14:02:00,26.159998,31.01,8.55,413,64.700005,27.0,5,2023-05-12
2023-05-12 14:32:00,25.169998,33.57,5.89,413,64.700005,27.1,5,2023-05-12
2023-05-12 15:02:00,26.119999,32.130001,10.73,413,64.700005,27.1,5,2023-05-12
2023-05-12 15:32:00,27.739998,29.42,16.549999,413,64.700005,27.300001,5,2023-05-12
2023-05-12 16:02:00,27.409998,29.07,8.4,413,64.800003,27.5,5,2023-05-12
2023-05-12 16:32:00,26.329998,31.429998,5.86,413,64.800003,27.6,5,2023-05-12
2023-05-12 17:02:00,28.069998,31.25,4.34,413,64.800003,27.700001,5,2023-05-12
2023-05-12 17:32:00,29.119999,31.32,2.64,413,64.700005,27.700001,5,2023-05-12
2023-05-12 18:02:00,28.009998,32.209999,1.03,413,64.700005,27.6,5,2023-05-12
2023-05-12 18:32:00,26.029999,36.540001,0.08,413,64.599998,27.5,5,2023-05-12
2023-05-12 19:02:00,23.939999,41.939999,0.0,413,64.5,27.200001,5,2023-05-12
2023-05-12 19:32:00,21.899998,50.84,0.0,413,64.400002,26.900002,5,2023-05-12
2023-05-12 20:02:00,20.559999,57.709999,0.0,413,64.300003,26.6,5,2023-05-12
2023-05-12 20:32:00,19.639999,62.84,0.0,413,64.200005,26.300001,5,2023-05-12
2023-05-12 21:02:00,18.929998,67.580002,0.0,413,64.099998,26.0,5,2023-05-12
2023-05-12 21:32:00,18.609999,70.790001,0.0,413,64.0,25.800001,5,2023-05-12
2023-05-12 22:02:00,18.339998,71.939995,0.0,413,63.900002,25.5,5,2023-05-12
2023-05-12 22:32:00,18.089998,73.830002,0.0,413,63.799999,25.200001,5,2023-05-12
2023-05-12 23:02:00,17.949999,75.949997,0.0,413,63.799999,25.0,5,2023-05-12
2023-05-12 23:32:00,17.699999,75.559998,0.0,413,63.700001,24.700001,5,2023-05-12
2023-05-13 00:02:00,17.439999,76.5,0.0,413,63.600002,24.5,5,2023-05-13
2023-05-13 00:32:00,17.069998,76.989998,0.0,413,63.5,24.200001,5,2023-05-13
2023-05-13 01:02:00,16.839998,76.330002,0.0,413,63.400002,24.0,5,2023-05-13
2023-05-13 01:32:00,16.589998,75.089996,0.0,413,63.400002,23.800001,5,2023-05-13
2023-05-13 02:02:00,16.15,75.580002,0.0,413,63.299999,23.6,5,2023-05-13
2023-05-13 02:32:00,15.909999,76.209999,0.0,413,63.200001,23.400002,5,2023-05-13
2023-05-13 03:02:00,15.649999,75.860001,0.0,413,63.200001,23.200001,5,2023-05-13
2023-05-13 03:32:00,15.499999,77.189995,0.0,413,63.200001,23.0,5,2023-05-13
2023-05-13 04:02:00,15.279999,77.199997,0.07,413,63.0,22.800001,5,2023-05-13
2023-05-13 04:32:00,15.209999,78.139999,0.71,413,63.0,22.6,5,2023-05-13
2023-05-13 05:02:00,15.679998,77.439995,2.11,413,63.0,22.5,5,2023-05-13
2023-05-13 05:32:00,17.119999,78.009995,3.76,413,62.900002,22.300001,5,2023-05-13
2023-05-13 06:02:00,19.779999,68.559998,7.87,413,62.900002,22.200001,5,2023-05-13
2023-05-13 06:32:00,24.099998,57.009998,13.75,413,62.900002,22.1,5,2023-05-13
2023-05-13 07:02:00,28.379999,47.489998,18.5,413,62.900002,22.200001,5,2023-05-13
2023-05-13 07:32:00,32.209999,42.399998,24.35,447,63.0,22.300001,5,2023-05-13
2023-05-13 08:02:00,33.34,30.84,13.44,450,63.200001,22.6,5,2023-05-13
2023-05-13 08:32:00,28.609999,36.32,19.629999,413,63.400002,23.0,5,2023-05-13
2023-05-13 09:02:00,29.279999,37.25,25.469999,413,63.400002,23.5,5,2023-05-13
2023-05-13 09:32:00,31.189999,33.899998,13.69,413,63.700001,24.0,5,2023-05-13
2023-05-13 10:02:00,30.629999,33.93,38.869999,413,63.799999,24.5,5,2023-05-13
2023-05-13 10:32:00,30.549999,34.259998,9.309999,413,64.0,25.1,5,2023-05-13
2023-05-13 11:02:00,29.839998,35.32,25.779999,413,64.099998,25.6,5,2023-05-13
2023-05-13 11:32:00,32.789997,30.119999,13.67,439,64.300003,26.1,5,2023-05-13
2023-05-13 12:02:00,34.279999,27.01,11.3,503,64.5,26.800001,5,2023-05-13
2023-05-13 12:32:00,34.209999,26.439999,23.65,492,64.700005,27.6,5,2023-05-13
2023-05-13 13:02:00,32.519997,29.82,29.269999,454,64.800003,28.200001,5,2023-05-13
2023-05-13 13:32:00,31.929998,30.07,19.34,417,64.900002,28.6,5,2023-05-13
2023-05-13 14:02:00,32.179996,29.07,55.049999,447,64.900002,29.0,5,2023-05-13
2023-05-13 14:32:00,31.119999,29.559999,6.62,439,65.0,29.300001,5,2023-05-13
2023-05-13 15:02:00,27.749998,32.779999,6.41,413,64.900002,29.400002,5,2023-05-13
2023-05-13 15:32:00,26.059999,38.32,2.56,413,64.700005,29.200001,5,2023-05-13
2023-05-13 16:02:00,25.679998,49.16,5.81,413,64.599998,29.0,5,2023-05-13
2023-05-13 16:32:00,26.789999,47.029999,3.91,413,64.599998,28.700001,5,2023-05-13
2023-05-13 17:02:00,26.889999,49.939999,0.86,413,64.5,28.5,5,2023-05-13
2023-05-13 17:32:00,25.109999,53.309998,0.86,413,64.300003,28.200001,5,2023-05-13
2023-05-13 18:02:00,23.829998,60.739998,1.32,413,64.200005,27.900002,5,2023-05-13
2023-05-13 18:32:00,23.359999,64.239998,0.27,413,64.099998,27.6,5,2023-05-13
2023-05-13 19:02:00,22.499998,67.290001,0.02,413,64.0,27.400002,5,2023-05-13
2023-05-13 19:32:00,21.689999,69.519997,0.0,413,63.900002,27.1,5,2023-05-13
2023-05-13 20:02:00,20.689999,66.879997,0.0,413,63.799999,26.800001,5,2023-05-13
2023-05-13 20:32:00,19.899998,66.479996,0.0,413,63.700001,26.5,5,2023-05-13
2023-05-13 21:02:00,19.23,69.619995,0.0,413,63.600002,26.300001,5,2023-05-13
2023-05-13 21:32:00,18.549999,72.220001,0.0,413,63.5,26.0,5,2023-05-13
2023-05-13 22:02:00,17.999998,73.449997,0.0,413,63.400002,25.700001,5,2023-05-13
2023-05-13 22:32:00,17.549999,74.68,0.0,413,63.299999,25.400002,5,2023-05-13
2023-05-13 23:02:00,17.179998,75.68,0.0,413,63.200001,25.1,5,2023-05-13
2023-05-13 23:32:00,16.829998,75.769997,0.0,413,63.200001,24.900002,5,2023-05-13
2023-05-14 00:02:00,16.519999,76.889999,0.0,413,63.0,24.6,5,2023-05-14
2023-05-14 00:32:00,16.219999,77.279999,0.0,413,63.0,24.300001,5,2023-05-14
2023-05-14 01:02:00,15.959999,77.959999,0.0,413,62.900002,24.1,5,2023-05-14
2023-05-14 01:32:00,15.639998,78.900002,0.0,413,62.799999,23.800001,5,2023-05-14
2023-05-14 02:02:00,15.449999,79.860001,0.0,413,62.799999,23.6,5,2023-05-14
2023-05-14 02:32:00,15.259998,79.959999,0.0,413,62.600002,23.400002,5,2023-05-14
2023-05-14 03:02:00,15.009998,79.68,0.0,413,62.5,23.1,5,2023-05-14
2023-05-14 03:32:00,14.709999,80.619995,0.0,413,62.5,23.0,5,2023-05-14
2023-05-14 04:02:00,14.519999,81.099998,0.08,413,62.400002,22.800001,5,2023-05-14
2023-05-14 04:32:00,14.509998,81.860001,0.74,413,62.299999,22.5,5,2023-05-14
2023-05-14 05:02:00,15.129999,81.759995,2.58,413,62.299999,22.400002,5,2023-05-14
2023-05-14 05:32:00,16.519999,79.089996,3.52,413,62.200001,22.200001,5,2023-05-14
2023-05-14 06:02:00,18.329998,75.699997,6.05,413,62.200001,22.1,5,2023-05-14
2023-05-14 06:32:00,21.419998,67.349998,10.469999,413,62.200001,22.0,5,2023-05-14
2023-05-14 07:02:00,25.499998,57.18,13.84,413,62.299999,22.1,5,2023-05-14
2023-05-14 07:32:00,30.099998,48.849998,20.529999,413,62.299999,22.200001,5,2023-05-14
2023-05-14 08:02:00,26.589998,39.969997,13.679999,413,62.5,22.5,5,2023-05-14
2023-05-14 08:32:00,26.099998,42.689999,18.59,413,62.600002,22.800001,5,2023-05-14
2023-05-14 09:02:00,28.369999,39.529999,24.139999,413,62.799999,23.200001,5,2023-05-14
2023-05-14 09:32:00,29.959999,36.41,16.539999,413,63.0,23.800001,5,2023-05-14
2023-05-14 10:02:00,31.449999,32.290001,40.669998,413,63.200001,24.400002,5,2023-05-14
2023-05-14 10:32:00,35.0,28.16,48.509998,451,63.400002,25.0,5,2023-05-14
2023-05-14 11:02:00,36.169998,24.959999,23.18,518,63.700001,25.700001,5,2023-05-14
2023-05-14 11:32:00,36.379997,22.859999,31.439999,510,63.799999,26.300001,5,2023-05-14
2023-05-14 12:02:00,37.769997,19.559999,28.16,522,64.0,26.800001,5,2023-05-14
2023-05-14 12:32:00,39.199997,16.5,47.139999,586,64.099998,27.400002,5,2023-05-14
2023-05-14 13:02:00,38.579998,16.33,24.65,527,64.300003,28.1,5,2023-05-14
2023-05-14 13:32:00,35.5,15.089999,22.68,515,64.700005,29.1,5,2023-05-14
2023-05-14 14:02:00,35.359997,14.839999,45.360001,518,64.900002,30.300001,5,2023-05-14
2023-05-14 14:32:00,35.559998,13.41,32.630001,515,65.200005,31.300001,5,2023-05-14
2023-05-14 15:02:00,34.809998,14.32,26.269999,477,65.300003,32.100002,5,2023-05-14
2023-05-14 15:32:00,33.84,14.259999,12.309999,492,65.300003,32.5,5,2023-05-14
2023-05-14 16:02:00,33.039997,15.849999,5.63,458,65.099998,32.5,5,2023-05-14
2023-05-14 16:32:00,35.299999,22.25,3.07,495,64.900002,32.100002,5,2023-05-14
2023-05-14 17:02:00,36.09,20.449999,2.5,556,64.700005,31.800001,5,2023-05-14
2023-05-14 17:32:00,35.109997,21.299999,1.56,447,64.700005,31.6,5,2023-05-14
2023-05-14 18:02:00,32.609997,23.83,1.58,447,64.5,31.300001,5,2023-05-14
2023-05-14 18:32:00,30.099998,26.73,0.38,421,64.300003,31.0,5,2023-05-14
2023-05-14 19:02:00,26.999998,33.899998,0.02,413,64.200005,30.6,5,2023-05-14
2023-05-14 19:32:00,24.679998,37.959999,0.0,413,64.0,30.200001,5,2023-05-14
2023-05-14 20:02:00,23.249998,41.419998,0.0,413,63.900002,29.800001,5,2023-05-14
2023-05-14 20:32:00,22.129999,44.200001,0.0,413,63.700001,29.400002,5,2023-05-14
2023-05-14 21:02:00,21.309999,44.899998,0.0,413,63.600002,29.0,5,2023-05-14
2023-05-14 21:32:00,20.689999,45.029999,0.0,413,63.400002,28.6,5,2023-05-14
2023-05-14 22:02:00,20.539999,44.739998,0.0,413,63.299999,28.300001,5,2023-05-14
2023-05-14 22:32:00,20.269999,44.689999,0.0,413,63.200001,27.900002,5,2023-05-14
2023-05-14 23:02:00,19.98,44.789997,0.0,413,63.0,27.6,5,2023-05-14
2023-05-14 23:32:00,19.719999,45.59,0.0,413,63.0,27.300001,5,2023-05-14
2023-05-15 00:02:00,19.529999,46.559998,0.0,413,62.799999,27.0,5,2023-05-15
2023-05-15 00:32:00,19.319998,49.0,0.0,413,62.700001,26.6,5,2023-05-15
2023-05-15 01:02:00,19.299999,48.309998,0.0,413,62.600002,26.400002,5,2023-05-15
2023-05-15 01:32:00,19.029999,49.619999,0.0,413,62.5,26.1,5,2023-05-15
2023-05-15 02:02:00,18.779999,51.879997,0.0,413,62.400002,25.900002,5,2023-05-15
2023-05-15 02:32:00,18.269999,54.949997,0.0,413,62.299999,25.6,5,2023-05-15
2023-05-15 03:02:00,17.809999,56.629997,0.0,413,62.299999,25.400002,5,2023-05-15
2023-05-15 03:32:00,17.439999,59.939999,0.0,413,62.200001,25.1,5,2023-05-15
2023-05-15 04:02:00,17.249998,63.579998,0.06,413,62.100002,24.900002,5,2023-05-15
2023-05-15 04:32:00,17.269999,64.010002,0.71,413,62.0,24.700001,5,2023-05-15
2023-05-15 05:02:00,18.039999,60.5,1.22,413,61.900002,24.5,5,2023-05-15
2023-05-15 05:32:00,18.929998,58.389999,1.84,413,61.900002,24.300001,5,2023-05-15
2023-05-15 06:02:00,19.719999,56.84,2.33,413,61.799999,24.1,5,2023-05-15
2023-05-15 06:32:00,20.959999,55.079998,2.88,413,61.799999,24.1,5,2023-05-15
2023-05-15 07:02:00,21.609999,52.639999,2.13,413,61.799999,24.0,5,2023-05-15
2023-05-15 07:32:00,21.449999,55.110001,2.09,413,61.700001,24.0,5,2023-05-15
2023-05-15 08:02:00,21.279999,57.23,1.7,413,61.700001,23.900002,5,2023-05-15
2023-05-15 08:32:00,20.689999,60.609997,2.03,413,61.700001,23.800001,5,2023-05-15
2023-05-15 09:02:00,20.209999,63.549999,3.21,413,61.700001,23.800001,5,2023-05-15
2023-05-15 09:32:00,22.009998,68.939995,11.8,413,61.700001,23.700001,5,2023-05-15
2023-05-15 10:02:00,26.139999,56.419998,13.009999,413,61.700001,23.700001,5,2023-05-15
2023-05-15 10:32:00,27.589998,40.059998,14.09,413,61.799999,23.900002,5,2023-05-15
2023-05-15 11:02:00,31.929998,34.169998,21.58,447,61.900002,24.1,5,2023-05-15
2023-05-15 11:32:00,34.719997,27.619999,37.130001,473,62.100002,24.6,5,2023-05-15
2023-05-15 12:02:00,34.91,25.17,28.619999,481,62.400002,25.300001,5,2023-05-15
2023-05-15 12:32:00,36.609997,21.1,37.349998,484,62.700001,26.0,5,2023-05-15
2023-05-15 13:02:00,37.149998,21.959999,21.359999,540,63.0,26.700001,5,2023-05-15
2023-05-15 13:32:00,37.109997,19.91,17.49,529,63.200001,27.5,5,2023-05-15
2023-05-15 14:02:00,35.709999,20.65,38.329998,466,63.400002,28.200001,5,2023-05-15
2023-05-15 14:32:00,35.109997,21.09,30.629999,458,63.600002,29.0,5,2023-05-15
2023-05-15 15:02:00,34.189999,18.609999,28.889999,481,63.799999,29.5,5,2023-05-15
2023-05-15 15:32:00,31.949999,18.51,13.09,458,63.900002,29.900002,5,2023-05-15
2023-05-15 16:02:00,29.289999,19.609999,6.17,413,64.0,30.0,5,2023-05-15
2023-05-15 16:32:00,28.089998,22.029999,5.16,413,64.099998,29.800001,5,2023-05-15
2023-05-15 17:02:00,31.119999,24.34,5.16,421,64.300003,29.700001,5,2023-05-15
2023-05-15 17:32:00,31.569998,23.529999,2.41,417,64.400002,29.6,5,2023-05-15
2023-05-15 18:02:00,29.839998,27.299999,1.45,413,64.5,29.400002,5,2023-05-15
2023-05-15 18:32:00,27.179998,31.639999,0.56,413,64.5,29.1,5,2023-05-15
2023-05-15 19:02:00,24.269999,36.369999,0.04,413,64.5,28.800001,5,2023-05-15
2023-05-15 19:32:00,22.179998,42.939999,0.0,413,64.400002,28.400002,5,2023-05-15
2023-05-15 20:02:00,21.029999,46.299999,0.0,413,64.300003,28.0,5,2023-05-15
2023-05-15 20:32:00,20.119999,51.110001,0.0,413,64.300003,27.6,5,2023-05-15
2023-05-15 21:02:00,19.109999,53.779999,0.0,413,64.200005,27.300001,5,2023-05-15
2023-05-15 21:32:00,18.049999,56.969997,0.0,413,64.099998,27.0,5,2023-05-15
2023-05-15 22:02:00,17.069998,60.57,0.0,413,64.099998,26.6,5,2023-05-15
2023-05-15 22:32:00,16.73,62.899998,0.0,413,64.0,26.200001,5,2023-05-15
2023-05-15 23:02:00,16.219999,64.080002,0.0,413,63.900002,25.900002,5,2023-05-15
2023-05-15 23:32:00,15.719998,64.409996,0.0,413,63.799999,25.6,5,2023-05-15
2023-05-16 00:02:00,15.179998,65.839996,0.0,413,63.799999,25.200001,5,2023-05-16
2023-05-16 00:32:00,14.689999,66.919998,0.0,413,63.700001,24.900002,5,2023-05-16
2023-05-16 01:02:00,14.629999,67.729996,0.0,413,63.700001,24.6,5,2023-05-16
2023-05-16 01:32:00,14.509998,68.5,0.0,413,63.600002,24.300001,5,2023-05-16
2023-05-16 02:02:00,14.289999,68.389999,0.0,413,63.600002,24.0,5,2023-05-16
2023-05-16 02:32:00,13.859999,68.909996,0.0,413,63.5,23.800001,5,2023-05-16
2023-05-16 03:02:00,13.669999,70.919998,0.0,413,63.400002,23.5,5,2023-05-16
2023-05-16 03:32:00,13.959999,71.549995,0.0,413,63.400002,23.300001,5,2023-05-16
2023-05-16 04:02:00,14.369999,71.369995,0.01,413,63.400002,23.0,5,2023-05-16
2023-05-16 04:32:00,14.569999,72.150002,0.2,413,63.400002,22.800001,5,2023-05-16
2023-05-16 05:02:00,14.709999,73.330002,0.21,413,63.400002,22.6,5,2023-05-16
2023-05-16 05:32:00,15.149999,73.830002,0.93,413,63.299999,22.5,5,2023-05-16
2023-05-16 06:02:00,15.589999,71.199997,1.18,413,63.200001,22.300001,5,2023-05-16
2023-05-16 06:32:00,16.189999,71.540001,1.19,413,63.200001,22.1,5,2023-05-16
2023-05-16 07:02:00,17.049999,68.199997,6.47,413,63.200001,22.1,5,2023-05-16
2023-05-16 07:32:00,17.719999,65.979996,1.24,413,63.200001,22.0,5,2023-05-16
2023-05-16 08:02:00,17.529999,66.409996,1.22,413,63.200001,22.0,5,2023-05-16
2023-05-16 08:32:00,17.419998,65.25,1.9,413,63.200001,21.900002,5,2023-05-16
2023-05-16 09:02:00,17.799999,64.93,4.55,413,63.200001,21.800001,5,2023-05-16
2023-05-16 09:32:00,18.48,62.419998,0.95,413,63.200001,21.800001,5,2023-05-16
2023-05-16 10:02:00,17.98,61.079998,1.83,413,63.200001,21.800001,5,2023-05-16
2023-05-16 10:32:00,17.529999,60.939999,1.22,413,63.200001,21.700001,5,2023-05-16
2023-05-16 11:02:00,18.259998,60.209999,8.08,413,63.200001,21.6,5,2023-05-16
2023-05-16 11:32:00,19.489998,56.639999,4.52,413,63.200001,21.6,5,2023-05-16
2023-05-16 12:02:00,19.549999,56.09,4.25,413,63.200001,21.6,5,2023-05-16
2023-05-16 12:32:00,18.999998,56.219997,1.34,413,63.200001,21.6,5,2023-05-16
2023-05-16 13:02:00,17.939999,56.399998,1.35,413,63.200001,21.6,5,2023-05-16
2023-05-16 13:32:00,17.029999,45.629997,2.43,413,63.200001,21.5,5,2023-05-16
2023-05-16 14:02:00,16.07,45.939999,1.37,413,63.200001,21.5,5,2023-05-16
2023-05-16 14:32:00,15.559999,56.549999,0.89,413,63.200001,21.400002,5,2023-05-16
2023-05-16 15:02:00,15.619999,65.549995,0.6,413,63.100002,21.300001,5,2023-05-16
2023-05-16 15:32:00,15.519999,67.290001,4.27,413,63.0,21.1,5,2023-05-16
2023-05-16 16:02:00,17.529999,63.349998,3.17,413,63.0,21.0,5,2023-05-16
2023-05-16 16:32:00,18.759998,57.669998,2.92,413,63.0,21.0,5,2023-05-16
2023-05-16 17:02:00,18.919998,55.969997,3.48,413,63.0,21.0,5,2023-05-16
2023-05-16 17:32:00,19.269999,55.82,3.14,413,63.0,21.0,5,2023-05-16
2023-05-16 18:02:00,19.009998,57.09,1.65,413,63.0,21.0,5,2023-05-16
2023-05-16 18:32:00,17.909998,61.509998,0.7,413,63.0,21.0,5,2023-05-16
2023-05-16 19:02:00,16.4,65.799995,0.04,413,63.0,21.0,5,2023-05-16
2023-05-16 19:32:00,14.889998,70.689995,0.0,413,63.0,20.900002,5,2023-05-16
2023-05-16 20:02:00,13.839999,72.129997,0.0,413,63.0,20.800001,5,2023-05-16
2023-05-16 20:32:00,12.999999,75.089996,0.0,413,62.900002,20.6,5,2023-05-16
2023-05-16 21:02:00,12.499999,75.610001,0.0,413,62.799999,20.5,5,2023-05-16
2023-05-16 21:32:00,12.039999,76.509995,0.0,413,62.799999,20.300001,5,2023-05-16
2023-05-16 22:02:00,11.559999,76.769997,0.0,413,62.700001,20.1,5,2023-05-16
2023-05-16 22:32:00,11.159999,76.729996,0.0,413,62.700001,20.0,5,2023-05-16
2023-05-16 23:02:00,10.799999,77.75,0.0,413,62.600002,19.800001,5,2023-05-16
2023-05-16 23:32:00,10.759999,79.5,0.0,413,62.5,19.6,5,2023-05-16
2023-05-17 00:02:00,10.859999,80.540001,0.0,413,62.5,19.5,5,2023-05-17
2023-05-17 00:32:00,10.799999,79.549995,0.0,413,62.5,19.300001,5,2023-05-17
2023-05-17 01:02:00,10.529999,79.449997,0.0,413,62.400002,19.1,5,2023-05-17
2023-05-17 01:32:00,10.159999,78.860001,0.0,413,62.299999,19.0,5,2023-05-17
2023-05-17 02:02:00,9.739999,79.650002,0.0,413,62.299999,18.800001,5,2023-05-17
2023-05-17 02:32:00,9.609999,80.199997,0.0,413,62.299999,18.700001,5,2023-05-17
2023-05-17 03:02:00,9.359999,79.150002,0.0,413,62.100002,18.5,5,2023-05-17
2023-05-17 03:32:00,9.079999,81.18,0.0,413,62.100002,18.400002,5,2023-05-17
2023-05-17 04:02:00,9.149999,81.790001,0.11,413,62.100002,18.200001,5,2023-05-17
2023-05-17 04:32:00,9.449999,82.189995,0.64,413,62.0,18.1,5,2023-05-17
2023-05-17 05:02:00,10.109999,82.239998,1.71,413,62.0,18.0,5,2023-05-17
2023-05-17 05:32:00,11.079999,79.159996,2.78,413,61.900002,17.800001,5,2023-05-17
2023-05-17 06:02:00,13.769999,78.509995,8.34,413,61.900002,17.800001,5,2023-05-17
2023-05-17 06:32:00,17.849998,66.540001,4.67,413,62.0,17.800001,5,2023-05-17
2023-05-17 07:02:00,20.409998,62.279999,8.02,413,62.0,17.900002,5,2023-05-17
2023-05-17 07:32:00,22.799999,57.969997,9.74,413,62.100002,18.0,5,2023-05-17
2023-05-17 08:02:00,24.769999,53.489998,9.71,413,62.200001,18.300001,5,2023-05-17
2023-05-17 08:32:00,26.209999,49.579998,10.28,413,62.299999,18.6,5,2023-05-17
2023-05-17 09:02:00,29.069998,49.939999,19.029999,413,62.5,18.900002,5,2023-05-17
2023-05-17 09:32:00,31.399998,25.639999,16.99,428,62.700001,19.300001,5,2023-05-17
2023-05-17 10:02:00,33.439999,22.449999,38.0,469,62.900002,19.800001,5,2023-05-17
2023-05-17 10:32:00,36.529999,19.51,48.77,522,63.200001,20.5,5,2023-05-17
2023-05-17 11:02:00,37.34,17.779999,28.539999,556,63.600002,21.5,5,2023-05-17
2023-05-17 11:32:00,38.619999,16.74,36.719997,533,64.0,22.6,5,2023-05-17
2023-05-17 12:02:00,37.469997,15.679999,31.24,526,64.300003,23.6,5,2023-05-17
2023-05-17 12:32:00,39.259998,14.549999,43.899998,538,64.700005,24.800001,5,2023-05-17
2023-05-17 13:02:00,39.879997,13.75,26.73,548,64.900002,25.800001,5,2023-05-17
2023-05-17 13:32:00,39.91,14.759999,23.17,586,65.200005,26.900002,5,2023-05-17
2023-05-17 14:02:00,39.519997,15.75,43.029999,566,65.5,28.1,5,2023-05-17
2023-05-17 14:32:00,41.16,13.96,34.290001,552,65.700005,29.1,5,2023-05-17
2023-05-17 15:02:00,40.809998,12.29,29.83,544,65.900002,29.900002,5,2023-05-17
2023-05-17 15:32:00,39.369999,12.469999,12.08,523,65.900002,30.5,5,2023-05-17
2023-05-17 16:02:00,36.699997,16.029999,10.3,533,65.800003,30.700001,5,2023-05-17
2023-05-17 16:32:00,34.599998,18.389999,10.599999,492,65.700005,30.700001,5,2023-05-17
2023-05-17 17:02:00,35.269997,20.9,7.39,515,65.599998,30.6,5,2023-05-17
2023-05-17 17:32:00,35.169998,23.32,3.52,492,65.5,30.5,5,2023-05-17
2023-05-17 18:02:00,32.809998,29.459999,1.43,477,65.400002,30.300001,5,2023-05-17
2023-05-17 18:32:00,29.269999,35.360001,0.52,462,65.200005,30.0,5,2023-05-17
2023-05-17 19:02:00,25.899998,40.309998,0.04,413,65.099998,29.6,5,2023-05-17
2023-05-17 19:32:00,23.649998,43.009998,0.0,413,64.900002,29.1,5,2023-05-17
2023-05-17 20:02:00,22.279999,44.91,0.0,413,64.700005,28.700001,5,2023-05-17
2023-05-17 20:32:00,21.319998,45.66,0.0,413,64.5,28.300001,5,2023-05-17
2023-05-17 21:02:00,20.529999,48.689999,0.0,413,64.400002,27.800001,5,2023-05-17
2023-05-17 21:32:00,19.949999,52.299999,0.0,413,64.300003,27.5,5,2023-05-17
2023-05-17 22:02:00,19.369999,56.759998,0.0,413,64.099998,27.0,5,2023-05-17
2023-05-17 22:32:00,18.849998,60.32,0.0,413,64.0,26.700001,5,2023-05-17
2023-05-17 23:02:00,18.259998,62.799999,0.0,413,63.799999,26.300001,5,2023-05-17
2023-05-17 23:32:00,17.389999,67.080002,0.0,413,63.700001,26.0,5,2023-05-17
2023-05-18 00:02:00,16.519999,69.290001,0.0,413,63.600002,25.6,5,2023-05-18
2023-05-18 00:32:00,15.789999,70.639999,0.0,413,63.5,25.300001,5,2023-05-18
2023-05-18 01:02:00,15.279999,72.229996,0.0,413,63.400002,25.0,5,2023-05-18
2023-05-18 01:32:00,14.849998,73.809998,0.0,413,63.299999,24.6,5,2023-05-18
2023-05-18 02:02:00,14.479999,74.809998,0.0,413,63.200001,24.300001,5,2023-05-18
2023-05-18 02:32:00,14.159999,75.25,0.0,413,63.0,24.0,5,2023-05-18
2023-05-18 03:02:00,13.779999,75.709999,0.0,413,62.900002,23.700001,5,2023-05-18
2023-05-18 03:32:00,13.549999,76.720001,0.0,413,62.799999,23.5,5,2023-05-18
2023-05-18 04:02:00,13.239999,77.07,0.12,413,62.799999,23.1,5,2023-05-18
2023-05-18 04:32:00,13.159999,77.949997,0.96,413,62.600002,22.900002,5,2023-05-18
2023-05-18 05:02:00,13.569999,78.599998,1.67,413,62.5,22.6,5,2023-05-18
2023-05-18 05:32:00,14.409999,78.639999,3.09,413,62.5,22.400002,5,2023-05-18
2023-05-18 06:02:00,15.909999,77.409996,5.64,413,62.400002,22.200001,5,2023-05-18
2023-05-18 06:32:00,18.189999,73.159996,5.41,413,62.400002,22.1,5,2023-05-18
2023-05-18 07:02:00,21.159998,65.650002,7.26,413,62.400002,22.0,5,2023-05-18
2023-05-18 07:32:00,25.899998,53.209999,20.809999,413,62.5,22.1,5,2023-05-18
2023-05-18 08:02:00,30.739998,43.540001,13.469999,432,62.5,22.200001,5,2023-05-18
2023-05-18 08:32:00,29.889999,33.290001,17.74,443,62.600002,22.5,5,2023-05-18
2023-05-18 09:02:00,29.329998,33.66,23.519999,417,62.799999,22.800001,5,2023-05-18
2023-05-18 09:32:00,30.109999,31.019999,16.76,432,63.0,23.300001,5,2023-05-18
2023-05-18 10:02:00,31.309998,27.33,37.360001,492,63.200001,23.700001,5,2023-05-18
2023-05-18 10:32:00,33.23,23.4,46.139999,481,63.299999,24.200001,5,2023-05-18
2023-05-18 11:02:00,34.25,19.129999,6.42,503,63.5,24.800001,5,2023-05-18
2023-05-18 11:32:00,35.669998,19.93,7.14,526,63.700001,25.300001,5,2023-05-18
2023-05-18 12:02:00,35.849998,15.4,6.58,507,63.799999,25.700001,5,2023-05-18
2023-05-18 12:32:00,35.629997,15.96,7.56,470,63.799999,26.0,5,2023-05-18
2023-05-18 13:02:00,36.189999,13.11,7.25,481,63.799999,26.300001,5,2023-05-18
2023-05-18 13:32:00,34.989998,12.469999,4.63,488,63.900002,26.6,5,2023-05-18
2023-05-18 14:02:00,32.449997,14.03,7.6,473,64.0,26.900002,5,2023-05-18
2023-05-18 14:32:00,33.779999,13.38,2.54,473,63.900002,27.1,5,2023-05-18
2023-05-18 15:02:00,33.049999,13.799999,7.61,454,64.0,27.200001,5,2023-05-18
2023-05-18 15:32:00,35.41,14.33,8.309999,473,64.099998,27.6,5,2023-05-18
2023-05-18 16:02:00,33.959999,13.469999,2.35,420,64.099998,27.800001,5,2023-05-18
2023-05-18 16:32:00,31.029999,16.74,7.95,421,64.0,27.900002,5,2023-05-18
2023-05-18 17:02:00,31.189999,25.18,6.14,421,64.0,27.800001,5,2023-05-18
2023-05-18 17:32:00,31.929998,26.66,3.44,439,64.0,27.800001,5,2023-05-18
2023-05-18 18:02:00,31.009998,29.109999,1.73,421,63.799999,27.800001,5,2023-05-18
2023-05-18 18:32:00,28.609999,32.5,0.64,417,63.799999,27.6,5,2023-05-18
2023-05-18 19:02:00,25.779999,38.849998,0.05,413,63.700001,27.5,5,2023-05-18
2023-05-18 19:32:00,22.789999,45.939999,0.0,413,63.600002,27.300001,5,2023-05-18
2023-05-18 20:02:00,20.949999,53.029999,0.0,413,63.400002,27.0,5,2023-05-18
2023-05-18 20:32:00,19.929998,57.09,0.0,413,63.299999,26.700001,5,2023-05-18
2023-05-18 21:02:00,18.879999,58.18,0.0,413,63.200001,26.300001,5,2023-05-18
2023-05-18 21:32:00,18.039999,61.309998,0.0,413,63.0,26.0,5,2023-05-18
2023-05-18 22:02:00,17.65,64.209999,0.0,413,62.900002,25.700001,5,2023-05-18
2023-05-18 22:32:00,17.289999,67.209999,0.0,413,62.799999,25.400002,5,2023-05-18
2023-05-18 23:02:00,16.869999,68.229996,0.0,413,62.700001,25.1,5,2023-05-18
2023-05-18 23:32:00,16.459999,68.760002,0.0,413,62.5,24.800001,5,2023-05-18
2023-05-19 00:02:00,15.939999,69.790001,0.0,413,62.400002,24.6,5,2023-05-19
2023-05-19 00:32:00,15.509998,70.82,0.0,413,62.299999,24.300001,5,2023-05-19
2023-05-19 01:02:00,15.059999,70.989998,0.0,413,62.299999,24.0,5,2023-05-19
2023-05-19 01:32:00,14.669999,72.129997,0.0,413,62.100002,23.800001,5,2023-05-19
2023-05-19 02:02:00,14.389998,72.909996,0.0,413,62.0,23.5,5,2023-05-19
2023-05-19 02:32:00,14.079999,73.790001,0.0,413,61.900002,23.200001,5,2023-05-19
2023-05-19 03:02:00,14.019999,76.489998,0.0,413,61.900002,23.0,5,2023-05-19
2023-05-19 03:32:00,13.779999,76.699997,0.0,413,61.700001,22.800001,5,2023-05-19
2023-05-19 04:02:00,13.679998,76.900002,0.12,413,61.700001,22.5,5,2023-05-19
2023-05-19 04:32:00,13.849998,77.0,0.83,413,61.5,22.300001,5,2023-05-19
2023-05-19 05:02:00,14.509998,77.769997,2.0,413,61.5,22.1,5,2023-05-19
2023-05-19 05:32:00,15.929998,75.439995,3.53,413,61.5,22.0,5,2023-05-19
2023-05-19 06:02:00,18.299999,71.519997,5.86,413,61.400002,21.800001,5,2023-05-19
2023-05-19 06:32:00,22.359999,61.299999,9.679999,413,61.400002,21.800001,5,2023-05-19
2023-05-19 07:02:00,26.829998,50.18,13.91,413,61.5,21.800001,5,2023-05-19
2023-05-19 07:32:00,31.479998,40.849998,20.74,421,61.5,22.0,5,2023-05-19
2023-05-19 08:02:00,31.509998,25.82,13.46,424,61.700001,22.200001,5,2023-05-19
2023-05-19 08:32:00,31.619999,24.959999,18.58,432,61.799999,22.6,5,2023-05-19
2023-05-19 09:02:00,32.82,23.01,19.389999,413,62.0,23.0,5,2023-05-19
2023-05-19 09:32:00,33.899998,18.859999,18.26,477,62.200001,23.5,5,2023-05-19
2023-05-19 10:02:00,33.889999,18.42,8.38,454,62.400002,24.0,5,2023-05-19
2023-05-19 10:32:00,34.059998,21.219999,8.03,470,62.5,24.5,5,2023-05-19
2023-05-19 11:02:00,35.519997,14.44,5.4,466,62.600002,24.800001,5,2023-05-19
2023-05-19 11:32:00,36.189999,13.219999,6.68,507,62.799999,25.1,5,2023-05-19
2023-05-19 12:02:00,35.149998,13.9,8.23,462,62.799999,25.5,5,2023-05-19
2023-05-19 12:32:00,34.439999,14.69,7.35,477,62.900002,25.800001,5,2023-05-19
2023-05-19 13:02:00,34.48,13.78,5.14,436,63.0,26.0,5,2023-05-19
2023-05-19 13:32:00,33.859997,14.5,5.56,439,63.0,26.300001,5,2023-05-19
2023-05-19 14:02:00,34.859997,12.62,4.65,465,63.0,26.5,5,2023-05-19
2023-05-19 14:32:00,33.709999,13.88,3.84,432,63.0,26.700001,5,2023-05-19
2023-05-19 15:02:00,32.419998,15.839999,3.5,432,63.0,26.900002,5,2023-05-19
2023-05-19 15:32:00,31.999998,18.949999,13.09,443,63.200001,27.200001,5,2023-05-19
2023-05-19 16:02:00,31.029999,18.469999,9.28,424,63.200001,27.5,5,2023-05-19
2023-05-19 16:32:00,29.709999,22.459999,4.74,413,63.200001,27.700001,5,2023-05-19
2023-05-19 17:02:00,30.609999,25.219999,5.13,413,63.200001,27.700001,5,2023-05-19
2023-05-19 17:32:00,30.749998,28.24,2.7,413,63.100002,27.6,5,2023-05-19
2023-05-19 18:02:00,29.399998,32.68,1.3,413,63.0,27.5,5,2023-05-19
2023-05-19 18:32:00,27.749998,37.23,0.39,413,62.900002,27.400002,5,2023-05-19
2023-05-19 19:02:00,25.989998,41.77,0.03,413,62.799999,27.300001,5,2023-05-19
2023-05-19 19:32:00,24.659998,46.289997,0.0,413,62.700001,27.0,5,2023-05-19
2023-05-19 20:02:00,23.899998,48.869999,0.0,413,62.600002,26.800001,5,2023-05-19
2023-05-19 20:32:00,23.209999,51.610001,0.0,413,62.5,26.6,5,2023-05-19
2023-05-19 21:02:00,22.709999,50.539997,0.0,413,62.400002,26.400002,5,2023-05-19
2023-05-19 21:32:00,21.739998,51.799999,0.0,413,62.200001,26.1,5,2023-05-19
2023-05-19 22:02:00,20.629999,57.969997,0.0,413,62.100002,26.0,5,2023-05-19
2023-05-19 22:32:00,19.959999,62.75,0.0,413,62.100002,25.700001,5,2023-05-19
2023-05-19 23:02:00,19.629999,67.269997,0.0,413,61.900002,25.5,5,2023-05-19
2023-05-19 23:32:00,19.519999,69.75,0.0,413,61.900002,25.200001,5,2023-05-19
2023-05-20 00:02:00,19.109999,71.779999,0.0,413,61.799999,25.0,5,2023-05-20
2023-05-20 00:32:00,18.859999,74.260002,0.0,413,61.700001,24.800001,5,2023-05-20
2023-05-20 01:02:00,18.579998,75.540001,0.0,413,61.600002,24.6,5,2023-05-20
2023-05-20 01:32:00,18.15,76.799995,0.0,413,61.5,24.400002,5,2023-05-20
2023-05-20 02:02:00,17.909998,78.959999,0.0,413,61.400002,24.200001,5,2023-05-20
2023-05-20 02:32:00,17.769999,79.830002,0.0,413,61.299999,24.0,5,2023-05-20
2023-05-20 03:02:00,17.619999,79.909996,0.0,413,61.299999,23.800001,5,2023-05-20
2023-05-20 03:32:00,17.309999,80.459999,0.0,413,61.100002,23.6,5,2023-05-20
2023-05-20 04:02:00,17.129999,80.589996,0.05,413,61.100002,23.400002,5,2023-05-20
2023-05-20 04:32:00,17.109999,79.799995,0.23,413,61.0,23.200001,5,2023-05-20
2023-05-20 05:02:00,17.219999,80.019997,0.65,413,60.900002,23.1,5,2023-05-20
2023-05-20 05:32:00,17.469999,79.049995,1.11,413,60.900002,22.900002,5,2023-05-20
2023-05-20 06:02:00,17.98,78.159996,1.97,413,60.799999,22.800001,5,2023-05-20
2023-05-20 06:32:00,18.859999,75.879997,2.28,413,60.799999,22.700001,5,2023-05-20
2023-05-20 07:02:00,19.759998,72.419998,4.09,413,60.700001,22.6,5,2023-05-20
2023-05-20 07:32:00,21.009998,69.010002,5.1,413,60.700001,22.6,5,2023-05-20
2023-05-20 08:02:00,22.939999,63.059998,6.22,413,60.700001,22.6,5,2023-05-20
2023-05-20 08:32:00,24.079998,60.309998,2.44,413,60.700001,22.6,5,2023-05-20
2023-05-20 09:02:00,23.769999,59.549999,7.25,413,60.799999,22.6,5,2023-05-20
2023-05-20 09:32:00,25.679998,53.689999,8.58,413,60.799999,22.700001,5,2023-05-20
2023-05-20 10:02:00,27.299999,42.950001,6.33,413,60.900002,22.800001,5,2023-05-20
2023-05-20 10:32:00,25.929998,42.469997,5.84,413,60.900002,23.0,5,2023-05-20
2023-05-20 11:02:00,25.459999,44.639999,5.11,413,60.900002,23.1,5,2023-05-20
2023-05-20 11:32:00,25.949999,42.779999,10.559999,413,60.900002,23.300001,5,2023-05-20
2023-05-20 12:02:00,28.109999,38.279999,11.49,413,61.100002,23.400002,5,2023-05-20
2023-05-20 12:32:00,29.189999,33.34,11.309999,413,61.200001,23.6,5,2023-05-20
2023-05-20 13:02:00,30.289999,31.4,10.65,424,61.299999,23.900002,5,2023-05-20
2023-05-20 13:32:00,30.009998,30.969999,7.73,413,61.299999,24.1,5,2023-05-20
2023-05-20 14:02:00,28.059998,29.619999,11.25,413,61.400002,24.400002,5,2023-05-20
2023-05-20 14:32:00,27.649998,29.619999,10.95,413,61.5,24.6,5,2023-05-20
2023-05-20 15:02:00,27.479998,32.32,4.49,413,61.5,24.800001,5,2023-05-20
2023-05-20 15:32:00,27.419998,37.059998,5.54,413,61.5,24.900002,5,2023-05-20
2023-05-20 16:02:00,27.909998,37.719997,4.33,413,61.5,24.900002,5,2023-05-20
2023-05-20 16:32:00,27.189999,40.759998,3.38,413,61.5,24.900002,5,2023-05-20
2023-05-20 17:02:00,25.819998,45.75,1.89,413,61.400002,24.900002,5,2023-05-20
2023-05-20 17:32:00,24.229998,50.349998,1.42,413,61.299999,24.800001,5,2023-05-20
2023-05-20 18:02:00,22.939999,53.5,0.98,413,61.200001,24.700001,5,2023-05-20
2023-05-20 18:32:00,21.769999,55.84,0.38,413,61.200001,24.6,5,2023-05-20
2023-05-20 19:02:00,20.609999,60.719997,0.04,413,61.100002,24.400002,5,2023-05-20
2023-05-20 19:32:00,19.449999,65.18,0.0,413,61.0,24.300001,5,2023-05-20
2023-05-20 20:02:00,18.759998,68.229996,0.0,413,60.900002,24.1,5,2023-05-20
2023-05-20 20:32:00,18.359999,70.379997,0.0,413,60.799999,23.900002,5,2023-05-20
2023-05-20 21:02:00,18.019999,71.959999,0.0,413,60.700001,23.6,5,2023-05-20
2023-05-20 21:32:00,17.789999,72.650002,0.0,413,60.600002,23.5,5,2023-05-20
2023-05-20 22:02:00,17.529999,73.75,0.0,413,60.5,23.300001,5,2023-05-20
2023-05-20 22:32:00,17.249998,74.549995,0.0,413,60.5,23.1,5,2023-05-20
2023-05-20 23:02:00,16.679998,77.479996,0.0,413,60.299999,23.0,5,2023-05-20
2023-05-20 23:32:00,16.559999,77.879997,0.0,413,60.299999,22.800001,5,2023-05-20
2023-05-21 00:02:00,16.469999,78.360001,0.0,413,60.200001,22.6,5,2023-05-21
2023-05-21 00:32:00,16.279999,78.32,0.0,413,60.100002,22.400002,5,2023-05-21
2023-05-21 01:02:00,15.879999,78.93,0.0,413,60.100002,22.300001,5,2023-05-21
2023-05-21 01:32:00,15.319999,79.019997,0.0,413,60.0,22.1,5,2023-05-21
2023-05-21 02:02:00,14.809999,80.049995,0.0,413,59.900002,21.900002,5,2023-05-21
2023-05-21 02:32:00,14.419999,80.059998,0.0,413,59.799999,21.800001,5,2023-05-21
2023-05-21 03:02:00,14.139998,80.639999,0.0,413,59.700001,21.6,5,2023-05-21
2023-05-21 03:32:00,13.869999,80.729996,0.0,413,59.600002,21.400002,5,2023-05-21
2023-05-21 04:02:00,13.629999,81.610001,0.09,413,59.5,21.200001,5,2023-05-21
2023-05-21 04:32:00,13.629999,82.589996,0.49,413,59.5,21.0,5,2023-05-21
2023-05-21 05:02:00,13.959999,83.019997,1.17,413,59.400002,20.900002,5,2023-05-21
2023-05-21 05:32:00,14.739999,82.409996,2.08,413,59.299999,20.800001,5,2023-05-21
2023-05-21 06:02:00,15.949999,81.040001,2.9,413,59.299999,20.6,5,2023-05-21
2023-05-21 06:32:00,17.379999,77.489998,4.66,413,59.299999,20.6,5,2023-05-21
2023-05-21 07:02:00,19.459999,72.139999,6.89,413,59.299999,20.6,5,2023-05-21
2023-05-21 07:32:00,22.299999,64.729996,9.04,413,59.299999,20.6,5,2023-05-21
2023-05-21 08:02:00,25.299999,54.219997,9.73,413,59.400002,20.800001,5,2023-05-21
2023-05-21 08:32:00,28.229998,49.849998,12.66,413,59.5,21.0,5,2023-05-21
2023-05-21 09:02:00,30.129999,37.989998,9.94,413,59.700001,21.300001,5,2023-05-21
2023-05-21 09:32:00,24.469999,48.02,12.87,413,59.799999,21.6,5,2023-05-21
2023-05-21 10:02:00,24.899998,53.869999,13.009999,413,59.900002,21.800001,5,2023-05-21
2023-05-21 10:32:00,26.369999,53.919998,21.639999,413,59.900002,22.0,5,2023-05-21
2023-05-21 11:02:00,27.229998,55.77,29.439999,413,60.100002,22.300001,5,2023-05-21
2023-05-21 11:32:00,30.249998,49.579998,12.52,413,60.200001,22.6,5,2023-05-21
2023-05-21 12:02:00,30.529999,48.66,21.889999,413,60.299999,22.900002,5,2023-05-21
2023-05-21 12:32:00,29.079998,36.48,3.49,413,60.5,23.300001,5,2023-05-21
2023-05-21 13:02:00,29.949999,46.969997,17.289999,413,60.600002,23.6,5,2023-05-21
2023-05-21 13:32:00,34.07,44.649998,13.75,454,60.799999,24.0,5,2023-05-21
2023-05-21 14:02:00,36.359997,33.399998,9.23,481,61.100002,24.800001,5,2023-05-21
2023-05-21 14:32:00,37.82,33.52,43.299999,499,61.299999,25.400002,5,2023-05-21
2023-05-21 15:02:00,41.269997,30.099998,34.099998,561,61.600002,26.200001,5,2023-05-21
2023-05-21 15:32:00,36.5,21.58,18.68,507,61.900002,27.200001,5,2023-05-21
2023-05-21 16:02:00,30.609999,27.82,10.12,439,62.0,27.6,5,2023-05-21
2023-05-21 16:32:00,29.229998,34.52,8.22,413,61.900002,27.800001,5,2023-05-21
2023-05-21 17:02:00,32.879997,33.119999,9.36,436,61.900002,27.800001,5,2023-05-21
2023-05-21 17:32:00,30.789999,36.849998,0.13,413,61.799999,27.800001,5,2023-05-21
2023-05-21 18:02:00,25.509998,48.669998,0.13,413,61.700001,27.6,5,2023-05-21
2023-05-21 18:32:00,22.179998,59.41,0.37,413,61.5,27.300001,5,2023-05-21
2023-05-21 19:02:00,20.879999,64.580002,0.0,413,61.299999,27.0,5,2023-05-21
2023-05-21 19:32:00,19.98,66.589996,0.0,413,61.0,26.6,5,2023-05-21
2023-05-21 20:02:00,19.019999,71.07,0.0,413,60.900002,26.200001,5,2023-05-21
2023-05-21 20:32:00,18.469999,72.809998,0.0,413,60.700001,25.900002,5,2023-05-21
2023-05-21 21:02:00,17.989998,73.549995,0.0,413,60.5,25.6,5,2023-05-21
2023-05-21 21:32:00,17.349998,74.419998,0.0,413,60.400002,25.200001,5,2023-05-21
2023-05-21 22:02:00,16.659998,76.129997,0.0,413,60.299999,25.0,5,2023-05-21
2023-05-21 22:32:00,16.139999,75.869995,0.0,413,60.100002,24.6,5,2023-05-21
2023-05-21 23:02:00,15.559999,76.509995,0.0,413,60.0,24.300001,5,2023-05-21
2023-05-21 23:32:00,15.079999,77.129997,0.0,413,59.900002,24.0,5,2023-05-21
2023-05-22 00:02:00,14.629999,77.669998,0.0,413,59.700001,23.700001,5,2023-05-22
2023-05-22 00:32:00,14.129999,77.809998,0.0,413,59.5,23.400002,5,2023-05-22
2023-05-22 01:02:00,13.879999,79.949997,0.0,413,59.5,23.1,5,2023-05-22
2023-05-22 01:32:00,13.849998,80.349998,0.0,413,59.299999,22.900002,5,2023-05-22
2023-05-22 02:02:00,13.649999,80.419998,0.0,413,59.299999,22.6,5,2023-05-22
2023-05-22 02:32:00,13.339999,80.129997,0.0,413,59.100002,22.400002,5,2023-05-22
2023-05-22 03:02:00,12.989999,80.729996,0.0,413,59.0,22.1,5,2023-05-22
2023-05-22 03:32:00,12.719998,80.699997,0.0,413,58.900002,21.900002,5,2023-05-22
2023-05-22 04:02:00,12.399999,81.57,0.19,413,58.799999,21.6,5,2023-05-22
2023-05-22 04:32:00,12.329999,81.889999,1.08,413,58.700001,21.5,5,2023-05-22
2023-05-22 05:02:00,13.169999,83.75,2.68,413,58.5,21.200001,5,2023-05-22
2023-05-22 05:32:00,15.149999,82.559998,3.9,413,58.5,21.0,5,2023-05-22
2023-05-22 06:02:00,18.929998,73.830002,10.77,413,58.5,20.900002,5,2023-05-22
2023-05-22 06:32:00,24.689999,59.199997,15.77,413,58.5,20.900002,5,2023-05-22
2023-05-22 07:02:00,29.489998,49.629997,17.699999,413,58.5,21.0,5,2023-05-22
2023-05-22 07:32:00,32.309998,46.23,28.639999,447,58.700001,21.1,5,2023-05-22
2023-05-22 08:02:00,31.559998,36.77,14.299999,413,58.799999,21.5,5,2023-05-22
2023-05-22 08:32:00,30.779999,36.989998,21.049999,413,58.900002,21.800001,5,2023-05-22
2023-05-22 09:02:00,31.869999,36.419998,27.65,413,59.200001,22.1,5,2023-05-22
2023-05-22 09:32:00,32.629997,35.219997,15.13,425,59.400002,22.6,5,2023-05-22
2023-05-22 10:02:00,33.899998,32.939999,6.82,454,59.600002,23.1,5,2023-05-22
2023-05-22 10:32:00,33.279999,29.929998,11.19,447,59.799999,23.6,5,2023-05-22
2023-05-22 11:02:00,34.059998,25.609999,11.309999,473,59.900002,24.0,5,2023-05-22
2023-05-22 11:32:00,35.359997,23.09,11.62,477,60.100002,24.300001,5,2023-05-22
2023-05-22 12:02:00,35.309998,17.469999,11.809999,488,60.299999,24.700001,5,2023-05-22
2023-05-22 12:32:00,34.309998,18.77,16.33,469,60.5,25.1,5,2023-05-22
2023-05-22 13:02:00,25.349998,36.82,6.13,413,60.700001,25.400002,5,2023-05-22
2023-05-22 13:32:00,27.439999,22.289999,4.01,413,60.700001,25.6,5,2023-05-22
2023-05-22 14:02:00,26.709999,23.859999,4.37,413,60.799999,26.0,5,2023-05-22
2023-05-22 14:32:00,28.449999,22.779999,5.53,413,60.799999,26.1,5,2023-05-22
2023-05-22 15:02:00,30.529999,22.879999,28.65,424,61.0,26.400002,5,2023-05-22
2023-05-22 15:32:00,33.709999,18.84,14.5,454,61.200001,26.800001,5,2023-05-22
2023-05-22 16:02:00,32.929996,19.42,11.809999,439,61.299999,27.0,5,2023-05-22
2023-05-22 16:32:00,33.379997,19.389999,9.91,447,61.400002,27.300001,5,2023-05-22
2023-05-22 17:02:00,35.689999,30.779999,7.45,488,61.400002,27.6,5,2023-05-22
2023-05-22 17:32:00,34.599998,29.91,3.4,432,61.5,27.700001,5,2023-05-22
2023-05-22 18:02:00,32.299999,30.849998,1.92,454,61.5,27.700001,5,2023-05-22
2023-05-22 18:32:00,29.509998,36.02,0.8,417,61.299999,27.6,5,2023-05-22
2023-05-22 19:02:00,26.319998,40.110001,0.12,413,61.299999,27.400002,5,2023-05-22
2023-05-22 19:32:00,23.209999,47.119999,0.0,413,61.100002,27.1,5,2023-05-22
2023-05-22 20:02:00,21.139999,51.869999,0.0,413,60.900002,26.800001,5,2023-05-22
2023-05-22 20:32:00,19.65,55.77,0.0,413,60.900002,26.5,5,2023-05-22
2023-05-22 21:02:00,18.619999,58.68,0.0,413,60.700001,26.1,5,2023-05-22
2023-05-22 21:32:00,17.73,60.849998,0.0,413,60.5,25.800001,5,2023-05-22
2023-05-22 22:02:00,17.119999,63.699997,0.0,413,60.400002,25.5,5,2023-05-22
2023-05-22 22:32:00,16.439999,65.860001,0.0,413,60.299999,25.1,5,2023-05-22
2023-05-22 23:02:00,15.959999,67.510002,0.0,413,60.100002,24.800001,5,2023-05-22
2023-05-22 23:32:00,15.459999,68.970001,0.0,413,60.0,24.5,5,2023-05-22
2023-05-23 00:02:00,15.069999,70.459999,0.0,413,59.900002,24.200001,5,2023-05-23
2023-05-23 00:32:00,14.689999,71.360001,0.0,413,59.799999,23.900002,5,2023-05-23
2023-05-23 01:02:00,14.349998,72.330002,0.0,413,59.700001,23.6,5,2023-05-23
2023-05-23 01:32:00,14.009998,72.07,0.0,413,59.600002,23.300001,5,2023-05-23
2023-05-23 02:02:00,13.689999,72.939995,0.0,413,59.5,23.0,5,2023-05-23
2023-05-23 02:32:00,13.449999,74.029999,0.0,413,59.400002,22.800001,5,2023-05-23
2023-05-23 03:02:00,13.209999,73.459999,0.0,413,59.299999,22.5,5,2023-05-23
2023-05-23 03:32:00,12.929998,75.279999,0.0,413,59.299999,22.300001,5,2023-05-23
2023-05-23 04:02:00,12.719998,74.93,0.21,413,59.200001,22.0,5,2023-05-23
2023-05-23 04:32:00,12.719998,76.57,1.19,413,59.100002,21.800001,5,2023-05-23
2023-05-23 05:02:00,13.449999,77.889999,1.62,413,59.0,21.6,5,2023-05-23
2023-05-23 05:32:00,15.129999,77.029999,4.01,413,59.0,21.400002,5,2023-05-23
2023-05-23 06:02:00,19.589998,63.449997,11.53,413,59.0,21.300001,5,2023-05-23
2023-05-23 06:32:00,25.719999,46.649998,16.15,417,59.100002,21.300001,5,2023-05-23
2023-05-23 07:02:00,30.689999,39.599998,18.799999,432,59.100002,21.300001,5,2023-05-23
2023-05-23 07:32:00,34.679996,34.149998,27.809999,454,59.299999,21.5,5,2023-05-23
2023-05-23 08:02:00,33.709999,25.82,14.57,481,59.5,21.800001,5,2023-05-23
2023-05-23 08:32:00,28.869999,27.9,5.97,413,59.600002,22.200001,5,2023-05-23
2023-05-23 09:02:00,28.329998,27.289999,6.09,413,59.799999,22.5,5,2023-05-23
2023-05-23 09:32:00,29.349998,25.789999,6.21,413,60.0,22.800001,5,2023-05-23
2023-05-23 10:02:00,30.099998,25.859999,7.5,413,60.100002,23.1,5,2023-05-23
2023-05-23 10:32:00,30.569998,21.289999,8.889999,417,60.299999,23.5,5,2023-05-23
2023-05-23 11:02:00,30.849998,20.02,8.44,413,60.400002,23.800001,5,2023-05-23
2023-05-23 11:32:00,31.949999,17.139999,9.29,443,60.5,24.200001,5,2023-05-23
2023-05-23 12:02:00,31.249998,16.809999,8.71,421,60.700001,24.6,5,2023-05-23
2023-05-23 12:32:00,31.189999,18.639999,10.04,417,60.799999,24.900002,5,2023-05-23
2023-05-23 13:02:00,32.48,17.59,9.28,436,60.900002,25.300001,5,2023-05-23
2023-05-23 13:32:00,32.459999,17.690001,7.39,421,61.100002,25.6,5,2023-05-23
2023-05-23 14:02:00,32.399998,16.279999,8.2,447,61.200001,26.0,5,2023-05-23
2023-05-23 14:32:00,32.539997,14.719999,31.369999,432,61.299999,26.300001,5,2023-05-23
2023-05-23 15:02:00,33.209999,15.5,22.16,436,61.600002,27.0,5,2023-05-23
2023-05-23 15:32:00,33.129997,17.18,13.4,436,61.799999,27.6,5,2023-05-23
2023-05-23 16:02:00,31.949999,16.1,5.45,417,61.900002,28.0,5,2023-05-23
2023-05-23 16:32:00,31.179998,18.279999,7.34,413,61.799999,28.1,5,2023-05-23
2023-05-23 17:02:00,34.519997,21.689999,7.13,462,61.700001,28.1,5,2023-05-23
2023-05-23 17:32:00,35.079998,21.99,3.12,477,61.700001,28.200001,5,2023-05-23
2023-05-23 18:02:00,33.48,22.209999,1.85,443,61.700001,28.300001,5,2023-05-23
2023-05-23 18:32:00,30.829998,27.32,0.71,413,61.600002,28.1,5,2023-05-23
2023-05-23 19:02:00,27.879999,32.549999,0.12,413,61.5,28.0,5,2023-05-23
2023-05-23 19:32:00,25.219999,38.919998,0.0,413,61.299999,27.700001,5,2023-05-23
2023-05-23 20:02:00,23.199999,44.329998,0.0,413,61.200001,27.5,5,2023-05-23
2023-05-23 20:32:00,22.079998,50.049999,0.0,413,61.100002,27.1,5,2023-05-23
2023-05-23 21:02:00,21.159998,53.029999,0.0,413,60.900002,26.800001,5,2023-05-23
2023-05-23 21:32:00,20.48,46.919998,0.0,413,60.700001,26.6,5,2023-05-23
2023-05-23 22:02:00,20.139999,44.079998,0.0,413,60.600002,26.300001,5,2023-05-23
2023-05-23 22:32:00,19.829998,44.23,0.0,413,60.5,26.0,5,2023-05-23
2023-05-23 23:02:00,19.499998,44.68,0.0,413,60.400002,25.700001,5,2023-05-23
2023-05-23 23:32:00,19.209999,44.52,0.0,413,60.299999,25.5,5,2023-05-23
2023-05-24 00:02:00,18.849998,46.48,0.0,413,60.200001,25.300001,5,2023-05-24
2023-05-24 00:32:00,18.429998,48.149998,0.0,413,60.100002,25.0,5,2023-05-24
2023-05-24 01:02:00,18.119999,48.369999,0.0,413,59.900002,24.800001,5,2023-05-24
2023-05-24 01:32:00,17.849998,47.809998,0.0,413,59.900002,24.5,5,2023-05-24
2023-05-24 02:02:00,17.579998,50.07,0.0,413,59.700001,24.300001,5,2023-05-24
2023-05-24 02:32:00,17.169998,53.639999,0.0,413,59.700001,24.1,5,2023-05-24
2023-05-24 03:02:00,16.869999,53.759998,0.0,413,59.600002,23.900002,5,2023-05-24
2023-05-24 03:32:00,16.639999,54.09,0.0,413,59.5,23.700001,5,2023-05-24
2023-05-24 04:02:00,16.429998,53.919998,0.18,413,59.400002,23.5,5,2023-05-24
2023-05-24 04:32:00,16.569998,53.459999,1.1,413,59.299999,23.300001,5,2023-05-24
2023-05-24 05:02:00,17.529999,50.099998,2.24,413,59.299999,23.1,5,2023-05-24
2023-05-24 05:32:00,18.719999,48.73,2.93,413,59.200001,23.0,5,2023-05-24
2023-05-24 06:02:00,20.319998,45.549999,8.8,413,59.100002,22.900002,5,2023-05-24
2023-05-24 06:32:00,24.909998,39.279999,14.759999,413,59.200001,22.800001,5,2023-05-24
2023-05-24 07:02:00,30.169998,31.179998,20.02,413,59.100002,22.800001,5,2023-05-24
2023-05-24 07:32:00,34.489998,29.279999,26.689999,432,59.299999,23.0,5,2023-05-24
2023-05-24 08:02:00,32.23,21.74,14.5,454,59.400002,23.300001,5,2023-05-24
2023-05-24 08:32:00,28.919998,28.019999,20.939999,413,59.5,23.6,5,2023-05-24
2023-05-24 09:02:00,30.459999,24.76,21.57,413,59.700001,23.900002,5,2023-05-24
2023-05-24 09:32:00,31.449999,25.66,10.599999,428,59.900002,24.200001,5,2023-05-24
2023-05-24 10:02:00,32.919998,20.869999,25.869999,454,60.100002,24.6,5,2023-05-24
2023-05-24 10:32:00,34.719997,19.93,44.629997,499,60.100002,25.0,5,2023-05-24
2023-05-24 11:02:00,35.82,20.1,23.16,540,60.299999,25.400002,5,2023-05-24
2023-05-24 11:32:00,35.009998,23.91,46.059998,499,60.5,26.0,5,2023-05-24
2023-05-24 12:02:00,35.059998,21.379999,36.380001,503,60.700001,26.6,5,2023-05-24
2023-05-24 12:32:00,33.519997,23.549999,28.969999,454,61.0,27.300001,5,2023-05-24
2023-05-24 13:02:00,35.73,17.09,38.860001,484,61.100002,27.800001,5,2023-05-24
2023-05-24 13:32:00,35.779999,20.91,18.559999,514,61.299999,28.5,5,2023-05-24
2023-05-24 14:02:00,33.549999,21.049999,26.219999,473,61.600002,29.300001,5,2023-05-24
2023-05-24 14:32:00,34.09,20.32,27.189999,488,61.700001,29.800001,5,2023-05-24
2023-05-24 15:02:00,32.799999,20.49,13.02,450,61.700001,30.0,5,2023-05-24
2023-05-24 15:32:00,31.219999,19.879999,10.8,428,61.700001,30.200001,5,2023-05-24
2023-05-24 16:02:00,29.669998,23.639999,7.79,413,61.5,30.1,5,2023-05-24
2023-05-24 16:32:00,29.729998,18.619999,6.2,413,61.400002,29.900002,5,2023-05-24
2023-05-24 17:02:00,30.579998,20.41,4.44,413,61.299999,29.800001,5,2023-05-24
2023-05-24 17:32:00,30.259998,20.82,2.9,413,61.100002,29.6,5,2023-05-24
2023-05-24 18:02:00,29.429998,22.75,1.55,413,61.100002,29.400002,5,2023-05-24
2023-05-24 18:32:00,28.349998,24.26,0.99,413,60.900002,29.200001,5,2023-05-24
2023-05-24 19:02:00,27.359999,26.359999,0.11,413,60.700001,29.0,5,2023-05-24
2023-05-24 19:32:00,26.059999,27.67,0.0,413,60.600002,28.700001,5,2023-05-24
2023-05-24 20:02:00,25.139999,31.109999,0.0,413,60.5,28.5,5,2023-05-24
2023-05-24 20:32:00,24.359999,33.02,0.0,413,60.299999,28.200001,5,2023-05-24
2023-05-24 21:02:00,23.719999,35.309998,0.0,413,60.200001,27.900002,5,2023-05-24
2023-05-24 21:32:00,23.169998,37.110001,0.0,413,60.100002,27.6,5,2023-05-24
2023-05-24 22:02:00,22.689999,38.669998,0.0,413,60.0,27.400002,5,2023-05-24
2023-05-24 22:32:00,22.189999,40.16,0.0,413,59.900002,27.1,5,2023-05-24
2023-05-24 23:02:00,21.799999,42.59,0.0,413,59.700001,26.900002,5,2023-05-24
2023-05-24 23:32:00,21.419998,41.66,0.0,413,59.600002,26.6,5,2023-05-24
2023-05-25 00:03:00,21.259998,43.049999,0.0,413,59.5,26.400002,5,2023-05-25
2023-05-25 00:33:00,21.169998,42.399998,0.0,413,59.400002,26.200001,5,2023-05-25
2023-05-25 01:03:00,20.98,41.66,0.0,413,59.299999,26.0,5,2023-05-25
2023-05-25 01:33:00,20.709999,42.0,0.0,413,59.200001,25.800001,5,2023-05-25
2023-05-25 02:03:00,20.339998,43.889999,0.0,413,59.100002,25.6,5,2023-05-25
2023-05-25 02:33:00,19.959999,46.829998,0.0,413,59.0,25.400002,5,2023-05-25
2023-05-25 03:03:00,19.48,47.279999,0.0,413,58.900002,25.200001,5,2023-05-25
2023-05-25 03:33:00,19.219999,46.129997,0.0,413,58.900002,25.0,5,2023-05-25
2023-05-25 04:03:00,19.019999,46.860001,0.1,413,58.700001,24.800001,5,2023-05-25
2023-05-25 04:33:00,18.959999,46.93,0.62,413,58.700001,24.6,5,2023-05-25
2023-05-25 05:03:00,19.199999,45.899998,1.21,413,58.600002,24.5,5,2023-05-25
2023-05-25 05:33:00,19.669998,44.939999,2.26,413,58.5,24.300001,5,2023-05-25
2023-05-25 06:03:00,20.339998,43.559998,4.18,413,58.5,24.1,5,2023-05-25
2023-05-25 06:33:00,21.409998,42.950001,3.69,413,58.400002,24.1,5,2023-05-25
2023-05-25 07:03:00,22.129999,41.02,4.12,413,58.400002,24.0,5,2023-05-25
2023-05-25 07:33:00,22.459999,41.689999,5.68,413,58.400002,24.0,5,2023-05-25
2023-05-25 08:03:00,24.429998,40.110001,8.29,413,58.400002,24.0,5,2023-05-25
2023-05-25 08:33:00,25.719999,35.739998,16.119999,413,58.400002,24.0,5,2023-05-25
2023-05-25 09:03:00,25.939999,35.599998,11.58,413,58.5,24.1,5,2023-05-25
2023-05-25 09:33:00,26.309999,36.07,11.12,413,58.5,24.300001,5,2023-05-25
2023-05-25 10:03:00,26.419998,35.029999,8.83,413,58.700001,24.5,5,2023-05-25
2023-05-25 10:33:00,24.409998,38.25,4.76,413,58.700001,24.800001,5,2023-05-25
2023-05-25 11:03:00,21.919998,50.02,4.19,413,58.700001,24.800001,5,2023-05-25
2023-05-25 11:33:00,24.079998,45.349998,11.02,413,58.700001,24.800001,5,2023-05-25
2023-05-25 12:03:00,24.999998,36.219997,9.29,413,58.700001,24.800001,5,2023-05-25
2023-05-25 12:33:00,25.659998,38.700001,13.84,413,58.700001,24.900002,5,2023-05-25
2023-05-25 13:03:00,27.949999,29.32,27.049999,413,58.799999,25.0,5,2023-05-25
2023-05-25 13:33:00,29.929998,31.039999,21.01,413,58.900002,25.400002,5,2023-05-25
2023-05-25 14:03:00,30.569998,24.539999,25.539999,413,59.299999,26.1,5,2023-05-25
2023-05-25 14:33:00,30.719999,26.24,23.25,417,59.5,26.800001,5,2023-05-25
2023-05-25 15:03:00,29.389999,25.83,16.49,413,59.700001,27.300001,5,2023-05-25
2023-05-25 15:33:00,28.509998,27.869999,11.55,413,59.700001,27.6,5,2023-05-25
2023-05-25 16:03:00,26.989998,29.24,3.05,413,59.700001,27.700001,5,2023-05-25
2023-05-25 16:33:00,25.729998,31.779999,5.14,413,59.700001,27.6,5,2023-05-25
2023-05-25 17:03:00,26.119999,31.609999,3.93,413,59.5,27.5,5,2023-05-25
2023-05-25 17:33:00,26.079998,33.239998,4.12,413,59.400002,27.400002,5,2023-05-25
2023-05-25 18:03:00,26.289999,33.419998,2.21,413,59.299999,27.300001,5,2023-05-25
2023-05-25 18:33:00,24.619999,33.0,0.35,413,59.299999,27.1,5,2023-05-25
2023-05-25 19:03:00,23.179998,35.549999,0.04,413,59.100002,26.900002,5,2023-05-25
2023-05-25 19:33:00,22.379999,37.899998,0.0,413,59.100002,26.700001,5,2023-05-25
2023-05-25 20:03:00,21.759998,40.219997,0.0,413,58.900002,26.5,5,2023-05-25
2023-05-25 20:33:00,21.319998,42.299999,0.0,413,58.700001,26.200001,5,2023-05-25
2023-05-25 21:03:00,20.859999,43.139999,0.0,413,58.700001,26.0,5,2023-05-25
2023-05-25 21:33:00,20.559999,44.309998,0.0,413,58.5,25.800001,5,2023-05-25
2023-05-25 22:03:00,19.969999,47.029999,0.0,413,58.400002,25.6,5,2023-05-25
2023-05-25 22:33:00,19.599998,45.509998,0.0,413,58.299999,25.300001,5,2023-05-25
2023-05-25 23:03:00,18.879999,53.73,0.0,413,58.200001,25.1,5,2023-05-25
2023-05-25 23:33:00,17.959999,60.68,0.0,413,58.100002,24.900002,5,2023-05-25
2023-05-26 00:02:00,16.789999,66.18,0.0,413,57.900002,24.5,5,2023-05-26
2023-05-26 00:32:00,16.409998,69.209999,0.0,413,57.700001,24.300001,5,2023-05-26
2023-05-26 01:02:00,15.789999,74.389999,0.0,413,57.700001,24.0,5,2023-05-26
2023-05-26 01:32:00,15.519999,76.330002,0.0,413,57.600002,23.800001,5,2023-05-26
2023-05-26 02:02:00,15.479999,77.699997,0.0,413,57.400002,23.6,5,2023-05-26
2023-05-26 02:32:00,15.519999,77.400002,0.0,413,57.400002,23.300001,5,2023-05-26
2023-05-26 03:02:00,15.549998,77.639999,0.0,413,57.299999,23.1,5,2023-05-26
2023-05-26 03:32:00,15.599998,75.739998,0.03,413,57.200001,23.0,5,2023-05-26
2023-05-26 04:02:00,15.669999,76.290001,0.23,413,57.100002,22.800001,5,2023-05-26
2023-05-26 04:32:00,15.989999,76.139999,0.46,413,57.0,22.6,5,2023-05-26
2023-05-26 05:02:00,16.259998,75.559998,1.28,413,57.0,22.5,5,2023-05-26
2023-05-26 05:32:00,17.159998,74.360001,5.0,413,56.799999,22.300001,5,2023-05-26
2023-05-26 06:02:00,19.239998,69.689995,5.78,413,56.799999,22.300001,5,2023-05-26
2023-05-26 06:32:00,23.149998,59.629997,6.35,413,56.799999,22.200001,5,2023-05-26
2023-05-26 07:02:00,28.569998,51.699997,23.869999,413,56.799999,22.300001,5,2023-05-26
2023-05-26 07:32:00,32.769997,42.879997,16.58,436,57.0,22.5,5,2023-05-26
2023-05-26 08:02:00,27.419998,45.099998,14.24,413,57.200001,22.800001,5,2023-05-26
2023-05-26 08:32:00,26.789999,44.16,27.869999,413,57.299999,23.0,5,2023-05-26
2023-05-26 09:02:00,27.529999,41.57,15.99,413,57.400002,23.300001,5,2023-05-26
2023-05-26 09:32:00,29.449999,35.079998,42.52,413,57.600002,23.6,5,2023-05-26
2023-05-26 10:02:00,31.529999,29.959999,51.84,413,57.700001,24.0,5,2023-05-26
2023-05-26 10:32:00,31.809998,26.34,30.779999,413,57.900002,24.5,5,2023-05-26
2023-05-26 11:02:00,32.149998,28.299999,46.75,458,58.100002,25.0,5,2023-05-26
2023-05-26 11:32:00,32.789997,28.549999,40.579998,450,58.400002,25.6,5,2023-05-26
2023-05-26 12:02:00,33.789997,27.879999,43.009998,447,58.700001,26.300001,5,2023-05-26
2023-05-26 12:32:00,33.209999,26.379999,13.17,481,59.0,27.1,5,2023-05-26
2023-05-26 13:02:00,32.099998,24.74,17.75,421,59.200001,27.6,5,2023-05-26
2023-05-26 13:32:00,32.389999,30.199999,36.279999,454,59.299999,28.200001,5,2023-05-26
2023-05-26 14:02:00,33.219997,30.969999,35.93,484,59.5,28.800001,5,2023-05-26
2023-05-26 14:32:00,32.449997,29.599998,30.289999,413,59.600002,29.400002,5,2023-05-26
2023-05-26 15:02:00,31.319998,23.559999,16.719999,413,59.700001,29.800001,5,2023-05-26
2023-05-26 15:32:00,29.779999,30.099998,9.21,413,59.700001,29.900002,5,2023-05-26
2023-05-26 16:02:00,28.939999,27.379999,7.85,413,59.700001,30.0,5,2023-05-26
2023-05-26 16:32:00,31.559998,29.799999,6.72,413,59.5,29.900002,5,2023-05-26
2023-05-26 17:02:00,32.48,28.129999,3.65,413,59.400002,29.800001,5,2023-05-26
2023-05-26 17:32:00,31.319998,32.27,2.04,413,59.299999,29.6,5,2023-05-26
2023-05-26 18:02:00,29.079998,36.48,0.77,413,59.100002,29.400002,5,2023-05-26
2023-05-26 18:32:00,26.749998,38.959999,0.14,413,59.0,29.1,5,2023-05-26
2023-05-26 19:02:00,24.799999,43.309998,0.0,413,58.799999,28.800001,5,2023-05-26
2023-05-26 19:32:00,22.98,46.799999,0.0,413,58.700001,28.5,5,2023-05-26
2023-05-26 20:02:00,21.419998,52.559998,0.0,413,58.400002,28.1,5,2023-05-26
2023-05-26 20:32:00,20.209999,54.889999,0.0,413,58.299999,27.800001,5,2023-05-26
2023-05-26 21:02:00,19.209999,56.529999,0.0,413,58.100002,27.400002,5,2023-05-26
2023-05-26 21:32:00,18.509998,58.509998,0.0,413,57.900002,27.0,5,2023-05-26
2023-05-26 22:02:00,17.949999,59.149998,0.0,413,57.700001,26.700001,5,2023-05-26
2023-05-26 22:32:00,18.179998,59.23,0.0,413,57.600002,26.300001,5,2023-05-26
2023-05-26 23:02:00,18.169998,58.119999,0.0,413,57.400002,26.0,5,2023-05-26
2023-05-26 23:32:00,17.819998,58.149998,0.0,413,57.299999,25.800001,5,2023-05-26
2023-05-27 00:02:00,18.139999,54.689999,0.0,413,57.200001,25.5,5,2023-05-27
2023-05-27 00:32:00,18.389999,52.25,0.0,413,57.0,25.200001,5,2023-05-27
2023-05-27 01:02:00,18.249998,51.419998,0.0,413,56.900002,25.0,5,2023-05-27
2023-05-27 01:32:00,17.989998,55.049999,0.0,413,56.799999,24.800001,5,2023-05-27
2023-05-27 02:02:00,18.059999,56.719997,0.0,413,56.700001,24.6,5,2023-05-27
2023-05-27 02:32:00,18.139999,54.789997,0.0,413,56.600002,24.400002,5,2023-05-27
2023-05-27 03:02:00,18.049999,50.989998,0.0,413,56.5,24.200001,5,2023-05-27
2023-05-27 03:32:00,17.829998,52.73,0.24,413,56.400002,24.0,5,2023-05-27
2023-05-27 04:02:00,17.589998,57.84,0.84,413,56.299999,23.800001,5,2023-05-27
2023-05-27 04:32:00,17.689999,57.809998,2.23,413,56.299999,23.6,5,2023-05-27
2023-05-27 05:02:00,18.839998,56.369999,3.6,413,56.200001,23.5,5,2023-05-27
2023-05-27 05:32:00,20.279999,53.039997,2.5,413,56.100002,23.400002,5,2023-05-27
2023-05-27 06:02:00,21.119999,50.860001,4.49,413,56.100002,23.300001,5,2023-05-27
2023-05-27 06:32:00,23.019999,52.689999,6.88,413,56.100002,23.300001,5,2023-05-27
2023-05-27 07:02:00,26.389999,48.959999,13.309999,413,56.100002,23.300001,5,2023-05-27
2023-05-27 07:32:00,29.189999,42.369999,12.9,413,56.100002,23.400002,5,2023-05-27
2023-05-27 08:02:00,27.999998,31.049999,18.619999,413,56.299999,23.6,5,2023-05-27
2023-05-27 08:32:00,26.839998,31.049999,18.129999,413,56.400002,23.800001,5,2023-05-27
2023-05-27 09:02:00,27.039999,34.869999,17.799999,413,56.400002,24.0,5,2023-05-27
2023-05-27 09:32:00,27.889999,33.349998,31.139999,413,56.600002,24.300001,5,2023-05-27
2023-05-27 10:02:00,29.519999,31.709999,46.700001,413,56.600002,24.6,5,2023-05-27
2023-05-27 10:32:00,29.939999,26.84,28.609999,424,56.799999,25.0,5,2023-05-27
2023-05-27 11:02:00,30.939999,22.93,40.73,417,57.0,25.400002,5,2023-05-27
2023-05-27 11:32:00,32.489998,19.92,36.969997,443,57.299999,25.900002,5,2023-05-27
2023-05-27 12:02:00,32.959999,18.289999,44.66,450,57.400002,26.5,5,2023-05-27
2023-05-27 12:32:00,34.379997,19.1,39.639999,470,57.700001,27.0,5,2023-05-27
2023-05-27 13:02:00,34.039997,17.33,25.269999,462,58.0,27.6,5,2023-05-27
2023-05-27 13:32:00,32.829998,18.5,24.049999,428,58.100002,28.200001,5,2023-05-27
2023-05-27 14:02:00,32.179996,19.529999,19.57,413,58.100002,28.5,5,2023-05-27
2023-05-27 14:32:00,30.869999,22.629999,8.99,413,58.100002,28.6,5,2023-05-27
2023-05-27 15:02:00,30.519999,33.739998,18.16,413,58.100002,28.700001,5,2023-05-27
2023-05-27 15:32:00,29.109999,34.119999,8.59,413,58.100002,28.700001,5,2023-05-27
2023-05-27 16:02:00,27.749998,35.389999,8.04,413,58.0,28.800001,5,2023-05-27
2023-05-27 16:32:00,27.719999,33.169998,5.02,413,57.900002,28.6,5,2023-05-27
2023-05-27 17:02:00,26.889999,35.93,2.05,413,57.799999,28.5,5,2023-05-27
2023-05-27 17:32:00,25.749998,37.919998,1.61,413,57.700001,28.300001,5,2023-05-27
2023-05-27 18:02:00,25.149998,39.629997,0.48,413,57.600002,28.1,5,2023-05-27
2023-05-27 18:32:00,24.339998,42.169998,0.12,413,57.400002,27.900002,5,2023-05-27
2023-05-27 19:02:00,23.519999,46.07,0.0,413,57.299999,27.6,5,2023-05-27
2023-05-27 19:32:00,22.819998,49.32,0.0,413,57.200001,27.400002,5,2023-05-27
2023-05-27 20:02:00,21.849998,53.399998,0.0,413,57.0,27.1,5,2023-05-27
2023-05-27 20:32:00,21.239998,57.43,0.0,413,56.799999,26.800001,5,2023-05-27
2023-05-27 21:02:00,20.859999,58.719997,0.0,413,56.700001,26.6,5,2023-05-27
2023-05-27 21:32:00,20.009998,61.189999,0.0,413,56.600002,26.300001,5,2023-05-27
2023-05-27 22:02:00,19.319998,65.229996,0.0,413,56.400002,26.1,5,2023-05-27
2023-05-27 22:32:00,18.959999,68.339996,0.0,413,56.299999,25.800001,5,2023-05-27
2023-05-27 23:02:00,18.839998,70.339996,0.0,413,56.200001,25.6,5,2023-05-27
2023-05-27 23:32:00,18.779999,68.93,0.0,413,56.100002,25.300001,5,2023-05-27
2023-05-28 00:02:00,18.679998,69.720001,0.0,413,56.0,25.1,5,2023-05-28
2023-05-28 00:32:00,18.629999,68.470001,0.0,413,55.900002,24.900002,5,2023-05-28
2023-05-28 01:02:00,18.499998,70.089996,0.0,413,55.700001,24.700001,5,2023-05-28
2023-05-28 01:32:00,18.059999,72.269997,0.0,413,55.700001,24.5,5,2023-05-28
2023-05-28 02:02:00,17.509998,75.659996,0.0,413,55.5,24.300001,5,2023-05-28
2023-05-28 02:32:00,17.239998,56.009998,0.0,413,55.400002,24.1,5,2023-05-28
2023-05-28 03:02:00,17.099998,49.59,0.01,413,55.400002,23.900002,5,2023-05-28
2023-05-28 03:32:00,16.889999,50.48,0.33,413,55.200001,23.800001,5,2023-05-28
2023-05-28 04:02:00,16.849998,45.289997,1.35,413,55.200001,23.6,5,2023-05-28
2023-05-28 04:32:00,17.609999,49.379997,2.93,413,55.100002,23.400002,5,2023-05-28
2023-05-28 05:02:00,19.289999,54.599998,4.05,413,55.0,23.300001,5,2023-05-28
2023-05-28 05:32:00,22.709999,44.59,12.38,413,55.0,23.1,5,2023-05-28
2023-05-28 06:02:00,27.739998,33.93,15.82,413,54.900002,23.1,5,2023-05-28
2023-05-28 06:32:00,31.309998,31.389999,19.26,413,55.0,23.1,5,2023-05-28
2023-05-28 07:02:00,33.329998,35.0,28.289999,413,55.0,23.300001,5,2023-05-28
2023-05-28 07:32:00,30.719999,24.549999,14.5,413,55.200001,23.5,5,2023-05-28
2023-05-28 08:02:00,30.309998,28.59,19.15,413,55.400002,23.800001,5,2023-05-28
2023-05-28 08:32:00,31.189999,27.469999,16.82,413,55.400002,24.0,5,2023-05-28
2023-05-28 09:02:00,31.949999,24.619999,8.8,413,55.5,24.200001,5,2023-05-28
2023-05-28 09:32:00,32.399998,23.41,30.34,417,55.600002,24.5,5,2023-05-28
2023-05-28 10:02:00,34.399998,17.4,49.239998,421,55.700001,24.700001,5,2023-05-28
2023-05-28 10:32:00,35.349998,20.67,30.32,420,55.799999,25.0,5,2023-05-28
2023-05-28 11:02:00,36.549999,17.559999,52.610001,466,55.900002,25.300001,5,2023-05-28
2023-05-28 11:32:00,38.379997,19.98,31.429998,507,56.100002,25.6,5,2023-05-28
2023-05-28 12:02:00,34.699997,17.379999,49.950001,469,56.299999,26.1,5,2023-05-28
2023-05-28 12:32:00,33.489998,19.26,45.16,428,56.5,26.700001,5,2023-05-28
2023-05-28 13:02:00,33.959999,19.5,24.84,443,56.799999,27.300001,5,2023-05-28
2023-05-28 13:32:00,33.509998,17.82,46.209999,425,57.100002,28.1,5,2023-05-28
2023-05-28 14:02:00,34.09,19.279999,40.43,454,57.400002,29.0,5,2023-05-28
2023-05-28 14:32:00,33.739998,18.84,36.169998,477,57.600002,29.6,5,2023-05-28
2023-05-28 15:02:00,32.939999,18.9,19.4,470,57.600002,29.900002,5,2023-05-28
2023-05-28 15:32:00,31.589998,20.529999,7.13,424,57.600002,30.0,5,2023-05-28
2023-05-28 16:02:00,30.289999,21.539999,8.24,413,57.400002,29.800001,5,2023-05-28
2023-05-28 16:32:00,34.109997,25.859999,8.45,439,57.400002,29.700001,5,2023-05-28
2023-05-28 17:02:00,35.029999,23.869999,3.29,417,57.400002,29.700001,5,2023-05-28
2023-05-28 17:32:00,33.07,26.24,2.0,458,57.299999,29.6,5,2023-05-28
2023-05-28 18:02:00,30.569998,34.200001,0.92,413,57.200001,29.5,5,2023-05-28
2023-05-28 18:32:00,27.769999,37.399998,0.22,413,57.0,29.300001,5,2023-05-28
2023-05-28 19:02:00,25.039999,40.73,0.0,413,56.799999,29.0,5,2023-05-28
2023-05-28 19:32:00,23.659998,39.329998,0.0,413,56.700001,28.6,5,2023-05-28
2023-05-28 20:02:00,22.689999,40.360001,0.0,413,56.5,28.300001,5,2023-05-28
2023-05-28 20:32:00,21.809999,42.0,0.0,413,56.299999,28.0,5,2023-05-28
2023-05-28 21:02:00,21.059999,44.16,0.0,413,56.200001,27.700001,5,2023-05-28
2023-05-28 21:32:00,20.399998,46.59,0.0,413,56.0,27.5,5,2023-05-28
2023-05-28 22:02:00,19.749998,48.48,0.0,413,55.900002,27.1,5,2023-05-28
2023-05-28 22:32:00,19.079998,52.189999,0.0,413,55.700001,26.800001,5,2023-05-28
2023-05-28 23:02:00,18.349998,55.41,0.0,413,55.5,26.6,5,2023-05-28
2023-05-28 23:32:00,17.519999,58.419998,0.0,413,55.400002,26.200001,5,2023-05-28
2023-05-29 00:02:00,17.269999,59.649998,0.0,413,55.200001,26.0,5,2023-05-29
2023-05-29 00:32:00,17.139999,58.649998,0.0,413,55.100002,25.6,5,2023-05-29
2023-05-29 01:02:00,16.829998,59.869999,0.0,413,55.0,25.400002,5,2023-05-29
2023-05-29 01:32:00,16.589998,58.329998,0.0,413,54.799999,25.1,5,2023-05-29
2023-05-29 02:02:00,16.219999,60.299999,0.0,413,54.700001,24.900002,5,2023-05-29
2023-05-29 02:32:00,15.759998,63.789997,0.0,413,54.600002,24.6,5,2023-05-29
2023-05-29 03:02:00,15.069999,66.879997,0.01,413,54.5,24.400002,5,2023-05-29
2023-05-29 03:32:00,14.489999,70.599998,0.31,413,54.299999,24.1,5,2023-05-29
2023-05-29 04:02:00,14.469998,72.099998,1.49,413,54.200001,23.800001,5,2023-05-29
2023-05-29 04:32:00,15.699999,71.949997,2.88,413,54.100002,23.6,5,2023-05-29
2023-05-29 05:02:00,18.089998,69.809998,3.94,413,54.0,23.5,5,2023-05-29
2023-05-29 05:32:00,22.379999,64.830002,10.809999,413,53.900002,23.300001,5,2023-05-29
2023-05-29 06:02:00,27.789999,53.139999,12.389999,413,53.900002,23.300001,5,2023-05-29
2023-05-29 06:32:00,32.469997,37.860001,14.79,413,54.0,23.300001,5,2023-05-29
2023-05-29 07:02:00,35.34,34.969997,17.199999,425,54.100002,23.5,5,2023-05-29
2023-05-29 07:32:00,30.759998,30.17,14.36,413,54.200001,23.800001,5,2023-05-29
2023-05-29 08:02:00,29.959999,30.129999,21.199999,413,54.299999,24.0,5,2023-05-29
2023-05-29 08:32:00,31.229998,27.849998,20.049999,413,54.400002,24.300001,5,2023-05-29
2023-05-29 09:02:00,31.659998,34.779999,11.17,413,54.5,24.5,5,2023-05-29
2023-05-29 09:32:00,33.16,24.809999,46.939999,413,54.700001,24.700001,5,2023-05-29
2023-05-29 10:02:00,35.699997,20.77,52.809998,428,54.799999,25.0,5,2023-05-29
2023-05-29 10:32:00,35.599998,18.949999,33.209999,492,55.0,25.300001,5,2023-05-29
2023-05-29 11:02:00,35.579998,23.41,53.27,473,55.100002,25.700001,5,2023-05-29
2023-05-29 11:32:00,37.259998,21.059999,32.969997,462,55.299999,26.1,5,2023-05-29
2023-05-29 12:02:00,35.629997,16.199999,53.169998,458,55.5,26.6,5,2023-05-29
2023-05-29 12:32:00,35.629997,18.51,5.35,417,55.700001,26.900002,5,2023-05-29
2023-05-29 13:02:00,33.689999,22.07,13.11,413,55.700001,27.1,5,2023-05-29
2023-05-29 13:32:00,33.939999,31.41,48.279999,413,55.799999,27.400002,5,2023-05-29
2023-05-29 14:02:00,30.639997,29.83,43.860001,413,56.100002,27.800001,5,2023-05-29
2023-05-29 14:32:00,31.629999,30.699999,38.91,413,56.100002,28.0,5,2023-05-29
2023-05-29 15:02:00,31.929998,20.299999,20.369999,413,56.200001,28.200001,5,2023-05-29
2023-05-29 15:32:00,31.459999,19.309999,8.36,413,56.200001,28.300001,5,2023-05-29
2023-05-29 16:02:00,27.579998,24.26,4.84,413,56.200001,28.200001,5,2023-05-29
2023-05-29 16:32:00,28.409998,27.129999,0.86,413,56.100002,28.1,5,2023-05-29
2023-05-29 17:02:00,27.499998,32.23,0.31,413,56.100002,27.900002,5,2023-05-29
2023-05-29 17:32:00,24.829998,40.209999,0.19,413,55.900002,27.6,5,2023-05-29
2023-05-29 18:02:00,22.649998,46.379997,0.14,413,55.799999,27.400002,5,2023-05-29
2023-05-29 18:32:00,21.709999,50.349998,0.1,413,55.700001,27.1,5,2023-05-29
2023-05-29 19:02:00,20.969999,55.110001,0.0,413,55.600002,26.800001,5,2023-05-29
2023-05-29 19:32:00,19.959999,60.699997,0.0,413,55.5,26.5,5,2023-05-29
2023-05-29 20:02:00,19.079998,63.189999,0.0,413,55.400002,26.300001,5,2023-05-29
2023-05-29 20:32:00,18.559999,68.949997,0.0,413,55.400002,26.0,5,2023-05-29
2023-05-29 21:02:00,18.549999,69.089996,0.0,413,55.200001,25.700001,5,2023-05-29
2023-05-29 21:32:00,18.369999,70.220001,0.0,413,55.200001,25.5,5,2023-05-29
2023-05-29 22:02:00,18.169998,69.650002,0.0,413,55.100002,25.200001,5,2023-05-29
2023-05-29 22:32:00,17.9,69.019997,0.0,413,55.0,25.0,5,2023-05-29
2023-05-29 23:02:00,17.819998,67.269997,0.0,413,55.0,24.800001,5,2023-05-29
2023-05-29 23:32:00,17.509998,68.82,0.0,413,55.0,24.6,5,2023-05-29
2023-05-30 00:02:00,16.999998,71.449997,0.0,413,54.900002,24.400002,5,2023-05-30
2023-05-30 00:32:00,16.519999,73.879997,0.0,413,54.799999,24.1,5,2023-05-30
2023-05-30 01:02:00,16.049999,75.580002,0.0,413,54.799999,24.0,5,2023-05-30
2023-05-30 01:32:00,15.599998,76.779999,0.0,413,54.700001,23.800001,5,2023-05-30
2023-05-30 02:02:00,15.259998,77.619995,0.0,413,54.600002,23.6,5,2023-05-30
2023-05-30 02:32:00,14.849998,77.290001,0.0,413,54.600002,23.400002,5,2023-05-30
2023-05-30 03:02:00,14.499999,78.540001,0.01,413,54.5,23.1,5,2023-05-30
2023-05-30 03:32:00,14.239999,79.360001,0.27,413,54.5,23.0,5,2023-05-30
2023-05-30 04:02:00,14.209999,80.889999,1.16,413,54.400002,22.800001,5,2023-05-30
2023-05-30 04:32:00,15.079999,81.57,2.62,413,54.400002,22.6,5,2023-05-30
2023-05-30 05:02:00,17.139999,75.639999,4.11,413,54.299999,22.5,5,2023-05-30
2023-05-30 05:32:00,21.509998,74.970001,9.7,413,54.299999,22.300001,5,2023-05-30
2023-05-30 06:02:00,27.049999,56.539997,11.63,413,54.400002,22.300001,5,2023-05-30
2023-05-30 06:32:00,32.059998,52.889999,13.559999,413,54.5,22.400002,5,2023-05-30
2023-05-30 07:02:00,35.769997,49.709999,17.209999,413,54.700001,22.6,5,2023-05-30
2023-05-30 07:32:00,27.779999,35.899998,13.59,413,54.799999,22.800001,5,2023-05-30
2023-05-30 08:02:00,27.599998,34.099998,20.76,413,54.900002,23.0,5,2023-05-30
2023-05-30 08:32:00,31.659998,25.949999,20.09,413,55.0,23.200001,5,2023-05-30
2023-05-30 09:02:00,31.449999,27.83,12.77,413,55.200001,23.400002,5,2023-05-30
2023-05-30 09:32:00,33.899998,28.91,48.23,413,55.400002,23.6,5,2023-05-30
2023-05-30 10:02:00,37.469997,22.5,56.469997,454,55.5,23.900002,5,2023-05-30
2023-05-30 10:32:00,36.649998,17.33,39.09,518,55.700001,24.300001,5,2023-05-30
2023-05-30 11:02:00,36.559998,19.139999,57.66,417,55.900002,24.6,5,2023-05-30
2023-05-30 11:32:00,36.629997,18.389999,35.649998,481,56.200001,25.1,5,2023-05-30
2023-05-30 12:02:00,35.91,18.49,56.989998,492,56.400002,25.700001,5,2023-05-30
2023-05-30 12:32:00,36.259998,18.4,7.93,477,56.700001,26.200001,5,2023-05-30
2023-05-30 13:02:00,32.169998,20.969999,28.83,432,56.900002,26.6,5,2023-05-30
2023-05-30 13:32:00,29.659998,23.959999,47.669998,413,57.200001,27.1,5,2023-05-30
2023-05-30 14:02:00,31.269999,20.139999,42.32,443,57.400002,27.700001,5,2023-05-30
2023-05-30 14:32:00,31.469999,19.52,37.07,454,57.600002,28.300001,5,2023-05-30
2023-05-30 15:02:00,30.669998,19.77,21.27,413,57.700001,28.700001,5,2023-05-30
2023-05-30 15:32:00,24.329998,41.98,8.27,413,57.799999,28.800001,5,2023-05-30
2023-05-30 16:02:00,22.179998,46.509998,5.42,413,57.700001,28.6,5,2023-05-30
2023-05-30 16:32:00,29.839998,53.82,5.59,413,57.600002,28.5,5,2023-05-30
2023-05-30 17:02:00,31.949999,46.799999,3.0,413,57.600002,28.300001,5,2023-05-30
2023-05-30 17:32:00,31.449999,46.07,1.89,413,57.600002,28.200001,5,2023-05-30
2023-05-30 18:02:00,29.389999,49.349998,0.85,413,57.5,28.0,5,2023-05-30
2023-05-30 18:32:00,26.859999,54.379997,0.21,413,57.400002,27.800001,5,2023-05-30
2023-05-30 19:02:00,23.759998,60.919998,0.0,413,57.400002,27.5,5,2023-05-30
2023-05-30 19:32:00,21.579998,65.18,0.0,413,57.299999,27.300001,5,2023-05-30
2023-05-30 20:02:00,20.169998,67.139999,0.0,413,57.200001,27.0,5,2023-05-30
2023-05-30 20:32:00,19.23,68.339996,0.0,413,57.200001,26.700001,5,2023-05-30
2023-05-30 21:02:00,18.429998,68.519997,0.0,413,57.200001,26.400002,5,2023-05-30
2023-05-30 21:32:00,17.839998,69.479996,0.0,413,57.100002,26.1,5,2023-05-30
2023-05-30 22:02:00,17.359999,69.199997,0.0,413,57.0,25.800001,5,2023-05-30
2023-05-30 22:32:00,16.949999,70.529999,0.0,413,57.0,25.5,5,2023-05-30
2023-05-30 23:02:00,16.65,72.080002,0.0,413,57.0,25.300001,5,2023-05-30
2023-05-30 23:32:00,19.319998,76.339996,0.0,413,61.400002,23.300001,5,2023-05-30
2023-05-01 00:02:00,12.809999,82.799995,0.0,413,48.5,17.300001,6,2023-05-01
2023-05-01 00:32:00,12.559999,83.119995,0.0,413,48.5,17.300001,6,2023-05-01
2023-05-01 01:02:00,12.399999,84.029999,0.0,413,48.400002,17.1,6,2023-05-01
2023-05-01 01:32:00,12.299999,84.839996,0.0,413,48.400002,17.0,6,2023-05-01
2023-05-01 02:02:00,12.209999,84.229996,0.0,413,48.299999,16.900002,6,2023-05-01
2023-05-01 02:32:00,11.939999,83.729996,0.0,413,48.200001,16.800001,6,2023-05-01
2023-05-01 03:02:00,11.619999,83.540001,0.0,413,48.200001,16.700001,6,2023-05-01
2023-05-01 03:32:00,11.379999,83.5,0.0,413,48.200001,16.6,6,2023-05-01
2023-05-01 04:02:00,11.139998,83.559998,0.0,413,48.100002,16.5,6,2023-05-01
2023-05-01 04:32:00,10.889998,83.409996,0.12,413,48.100002,16.400002,6,2023-05-01
2023-05-01 05:02:00,10.779999,83.93,0.61,413,48.0,16.300001,6,2023-05-01
2023-05-01 05:32:00,11.179998,85.32,1.41,413,47.900002,16.1,6,2023-05-01
2023-05-01 06:02:00,12.389998,86.110001,2.42,413,47.900002,16.1,6,2023-05-01
2023-05-01 06:32:00,14.559999,83.769997,4.02,413,47.900002,16.0,6,2023-05-01
2023-05-01 07:02:00,17.579998,76.830002,5.62,413,47.799999,16.0,6,2023-05-01
2023-05-01 07:32:00,21.809999,72.519997,8.88,413,47.900002,16.0,6,2023-05-01
2023-05-01 08:02:00,26.389999,69.93,12.929999,413,47.900002,16.1,6,2023-05-01
2023-05-01 08:32:00,29.299999,38.829998,17.940001,413,47.900002,16.400002,6,2023-05-01
2023-05-01 09:02:00,29.839998,34.509998,28.809999,413,48.100002,16.800001,6,2023-05-01
2023-05-01 09:32:00,32.189999,30.66,35.549999,413,48.200001,17.1,6,2023-05-01
2023-05-01 10:02:00,33.789997,27.84,23.559999,413,48.400002,17.6,6,2023-05-01
2023-05-01 10:32:00,34.09,26.09,17.57,413,48.700001,18.200001,6,2023-05-01
2023-05-01 11:02:00,35.23,23.09,17.16,413,48.900002,18.800001,6,2023-05-01
2023-05-01 11:32:00,35.219997,24.75,27.75,413,49.100002,19.300001,6,2023-05-01
2023-05-01 12:02:00,36.209999,20.98,39.209999,443,49.299999,19.800001,6,2023-05-01
2023-05-01 12:32:00,33.139999,24.279999,44.599998,413,49.5,20.200001,6,2023-05-01
2023-05-01 13:02:00,31.229998,25.789999,25.129999,413,49.600002,20.6,6,2023-05-01
2023-05-01 13:32:00,30.169998,25.619999,7.56,413,49.700001,20.900002,6,2023-05-01
2023-05-01 14:02:00,30.789999,23.84,17.889999,413,49.799999,21.1,6,2023-05-01
2023-05-01 14:32:00,30.879999,25.41,31.41,413,49.900002,21.300001,6,2023-05-01
2023-05-01 15:02:00,31.249998,20.77,6.39,413,50.200001,21.400002,6,2023-05-01
2023-05-01 15:32:00,31.029999,20.16,4.28,413,50.400002,21.5,6,2023-05-01
2023-05-01 16:02:00,28.599998,22.879999,5.78,413,50.600002,21.6,6,2023-05-01
2023-05-01 16:32:00,29.529999,37.98,2.89,413,50.799999,21.6,6,2023-05-01
2023-05-01 17:02:00,30.279999,42.91,1.9,413,50.799999,21.700001,6,2023-05-01
2023-05-01 17:32:00,29.119999,44.299999,1.1,413,51.0,21.800001,6,2023-05-01
2023-05-01 18:02:00,27.219999,50.0,0.56,413,51.0,21.800001,6,2023-05-01
2023-05-01 18:32:00,25.269999,54.949997,0.09,413,51.100002,21.700001,6,2023-05-01
2023-05-01 19:02:00,22.939999,60.919998,0.0,413,51.100002,21.6,6,2023-05-01
2023-05-01 19:32:00,21.299999,66.889999,0.0,413,51.100002,21.5,6,2023-05-01
2023-05-01 20:02:00,20.179998,68.229996,0.0,413,51.100002,21.400002,6,2023-05-01
2023-05-01 20:32:00,19.239998,71.029999,0.0,413,51.100002,21.300001,6,2023-05-01
2023-05-01 21:02:00,18.449999,71.439995,0.0,413,51.100002,21.1,6,2023-05-01
2023-05-01 21:32:00,17.749998,72.07,0.0,413,51.0,20.900002,6,2023-05-01
2023-05-01 22:02:00,17.139999,73.489998,0.0,413,51.0,20.700001,6,2023-05-01
2023-05-01 22:32:00,16.619999,74.040001,0.0,413,50.900002,20.5,6,2023-05-01
2023-05-01 23:02:00,16.139999,74.400002,0.0,413,50.799999,20.300001,6,2023-05-01
2023-05-01 23:32:00,15.719998,74.540001,0.0,413,50.799999,20.200001,6,2023-05-01
2023-05-02 00:02:00,15.299999,74.709999,0.0,413,50.799999,20.0,6,2023-05-02
2023-05-02 00:32:00,15.039999,75.389999,0.0,413,50.700001,19.800001,6,2023-05-02
2023-05-02 01:02:00,14.799999,75.839996,0.0,413,50.700001,19.700001,6,2023-05-02
2023-05-02 01:32:00,14.559999,76.330002,0.0,413,50.600002,19.5,6,2023-05-02
2023-05-02 02:02:00,14.349998,77.189995,0.0,413,50.5,19.300001,6,2023-05-02
2023-05-02 02:32:00,14.179998,77.299995,0.0,413,50.5,19.200001,6,2023-05-02
2023-05-02 03:02:00,14.009998,77.860001,0.0,413,50.400002,19.0,6,2023-05-02
2023-05-02 03:32:00,13.879999,78.309998,0.0,413,50.299999,18.900002,6,2023-05-02
2023-05-02 04:02:00,13.769999,79.029999,0.0,413,50.299999,18.800001,6,2023-05-02
2023-05-02 04:32:00,13.669999,79.349998,0.12,413,50.200001,18.6,6,2023-05-02
2023-05-02 05:02:00,13.839999,80.32,0.65,413,50.200001,18.5,6,2023-05-02
2023-05-02 05:32:00,14.569999,80.959999,1.6,413,50.200001,18.300001,6,2023-05-02
2023-05-02 06:02:00,15.909999,79.349998,1.74,413,50.100002,18.200001,6,2023-05-02
2023-05-02 06:32:00,17.829998,75.139999,3.72,413,50.0,18.1,6,2023-05-02
2023-05-02 07:02:00,20.609999,67.239998,5.71,413,50.0,18.1,6,2023-05-02
2023-05-02 07:32:00,25.289999,59.029999,8.29,413,50.0,18.1,6,2023-05-02
2023-05-02 08:02:00,29.519999,58.079998,13.33,413,50.100002,18.200001,6,2023-05-02
2023-05-02 08:32:00,33.48,28.629999,18.539999,413,50.200001,18.5,6,2023-05-02
2023-05-02 09:02:00,31.349998,26.9,18.869999,413,50.299999,18.900002,6,2023-05-02
2023-05-02 09:32:00,29.759998,29.429998,19.83,413,50.5,19.300001,6,2023-05-02
2023-05-02 10:02:00,31.669998,24.15,32.489998,413,50.700001,19.6,6,2023-05-02
2023-05-02 10:32:00,36.029999,21.0,40.98,450,50.799999,20.0,6,2023-05-02
2023-05-02 11:02:00,37.929996,19.58,30.449999,488,50.900002,20.5,6,2023-05-02
2023-05-02 11:32:00,38.389999,19.699999,22.67,492,51.100002,21.0,6,2023-05-02
2023-05-02 12:02:00,39.629997,31.91,24.689999,481,51.299999,21.400002,6,2023-05-02
2023-05-02 12:32:00,40.149998,35.439999,14.389999,520,51.5,21.900002,6,2023-05-02
2023-05-02 13:02:00,39.689999,33.099998,13.44,506,51.600002,22.300001,6,2023-05-02
2023-05-02 13:32:00,38.329998,23.189999,19.57,451,51.799999,22.6,6,2023-05-02
2023-05-02 14:02:00,33.379997,23.73,2.74,413,51.900002,23.0,6,2023-05-02
2023-05-02 14:32:00,29.439999,28.0,8.71,413,52.0,23.1,6,2023-05-02
2023-05-02 15:02:00,32.449997,24.42,16.389999,413,52.0,23.300001,6,2023-05-02
2023-05-02 15:32:00,34.48,21.52,11.21,413,52.100002,23.400002,6,2023-05-02
2023-05-02 16:02:00,34.689999,29.429998,6.05,413,52.100002,23.5,6,2023-05-02
2023-05-02 16:32:00,33.059998,29.219999,1.34,413,52.100002,23.6,6,2023-05-02
2023-05-02 17:02:00,31.449999,32.0,1.38,413,52.200001,23.800001,6,2023-05-02
2023-05-02 17:32:00,29.779999,33.719997,0.56,413,52.200001,23.800001,6,2023-05-02
2023-05-02 18:02:00,28.179998,36.829998,0.36,413,52.200001,23.700001,6,2023-05-02
2023-05-02 18:32:00,26.719999,39.689999,0.05,413,52.100002,23.6,6,2023-05-02
2023-05-02 19:02:00,25.189999,42.549999,0.0,413,52.100002,23.6,6,2023-05-02
2023-05-02 19:32:00,24.229998,45.799999,0.0,413,52.100002,23.400002,6,2023-05-02
2023-05-02 20:02:00,23.459999,43.739998,0.0,413,52.0,23.300001,6,2023-05-02
2023-05-02 20:32:00,22.349998,47.099998,0.0,413,52.0,23.1,6,2023-05-02
2023-05-02 21:02:00,21.549999,55.379997,0.0,413,51.799999,23.0,6,2023-05-02
2023-05-02 21:32:00,20.839998,65.209999,0.0,413,51.799999,22.800001,6,2023-05-02
2023-05-02 22:02:00,20.419998,70.549995,0.0,413,51.799999,22.6,6,2023-05-02
2023-05-02 22:32:00,20.159998,73.119995,0.0,413,51.700001,22.400002,6,2023-05-02
2023-05-02 23:02:00,19.869999,74.869995,0.0,413,51.600002,22.200001,6,2023-05-02
2023-05-02 23:32:00,19.449999,75.159996,0.0,413,51.5,22.1,6,2023-05-02
2023-05-03 00:02:00,19.049999,76.279999,0.0,413,51.400002,21.900002,6,2023-05-03
2023-05-03 00:32:00,18.779999,70.689995,0.0,413,51.400002,21.700001,6,2023-05-03
2023-05-03 01:02:00,18.539999,70.629997,0.0,413,51.299999,21.5,6,2023-05-03
2023-05-03 01:32:00,18.239998,72.159996,0.0,413,51.299999,21.400002,6,2023-05-03
2023-05-03 02:02:00,17.969999,73.669998,0.0,413,51.200001,21.300001,6,2023-05-03
2023-05-03 02:32:00,17.749998,71.849998,0.0,413,51.100002,21.1,6,2023-05-03
2023-05-03 03:02:00,17.589998,69.769997,0.0,413,51.100002,21.0,6,2023-05-03
2023-05-03 03:32:00,17.469999,65.68,0.0,413,51.0,20.800001,6,2023-05-03
2023-05-03 04:02:00,17.349998,64.93,0.0,413,51.0,20.6,6,2023-05-03
2023-05-03 04:32:00,17.169998,64.040001,0.13,413,50.900002,20.5,6,2023-05-03
2023-05-03 05:02:00,17.179998,61.949997,0.6,413,50.799999,20.400002,6,2023-05-03
2023-05-03 05:32:00,17.679998,57.18,1.22,413,50.799999,20.300001,6,2023-05-03
2023-05-03 06:02:00,18.689999,52.579998,2.05,413,50.700001,20.1,6,2023-05-03
2023-05-03 06:32:00,20.339998,50.700001,3.19,413,50.700001,20.1,6,2023-05-03
2023-05-03 07:02:00,22.569998,48.91,4.38,413,50.700001,20.0,6,2023-05-03
2023-05-03 07:32:00,25.209999,47.110001,8.74,413,50.700001,20.0,6,2023-05-03
2023-05-03 08:02:00,28.189999,45.75,12.259999,413,50.700001,20.1,6,2023-05-03
2023-05-03 08:32:00,30.709999,29.039999,22.02,413,50.700001,20.300001,6,2023-05-03
2023-05-03 09:02:00,30.589998,26.73,19.48,413,50.799999,20.5,6,2023-05-03
2023-05-03 09:32:00,31.619999,28.16,13.32,413,50.900002,20.700001,6,2023-05-03
2023-05-03 10:02:00,33.099998,25.859999,13.11,413,51.0,21.1,6,2023-05-03
2023-05-03 10:32:00,35.629997,27.01,15.7,447,51.100002,21.5,6,2023-05-03
2023-05-03 11:02:00,37.98,26.49,15.73,473,51.299999,21.900002,6,2023-05-03
2023-05-03 11:32:00,39.149998,22.199999,19.51,509,51.5,22.300001,6,2023-05-03
2023-05-03 12:02:00,40.429996,21.98,27.469999,498,51.600002,22.800001,6,2023-05-03
2023-05-03 12:32:00,41.739998,19.68,33.5,521,51.799999,23.1,6,2023-05-03
2023-05-03 13:02:00,43.019997,19.689999,20.059999,504,52.0,23.5,6,2023-05-03
2023-05-03 13:32:00,42.589996,18.76,30.889999,504,52.100002,23.900002,6,2023-05-03
2023-05-03 14:02:00,39.759998,21.35,5.48,487,52.200001,24.300001,6,2023-05-03
2023-05-03 14:32:00,33.679996,25.699999,7.16,466,52.299999,24.5,6,2023-05-03
2023-05-03 15:02:00,30.829998,27.809999,3.43,413,52.299999,24.6,6,2023-05-03
2023-05-03 15:32:00,28.859999,30.82,3.59,413,52.299999,24.700001,6,2023-05-03
2023-05-03 16:02:00,27.949999,37.360001,1.93,413,52.299999,24.700001,6,2023-05-03
2023-05-03 16:32:00,27.929998,44.669998,1.6,413,52.299999,24.6,6,2023-05-03
2023-05-03 17:02:00,28.039999,48.860001,1.64,413,52.299999,24.6,6,2023-05-03
2023-05-03 17:32:00,27.509998,53.279999,0.77,413,52.299999,24.5,6,2023-05-03
2023-05-03 18:02:00,26.469999,57.18,0.2,413,52.600002,24.400002,6,2023-05-03
2023-05-03 18:32:00,25.409998,61.139999,0.04,413,52.200001,24.300001,6,2023-05-03
2023-05-03 19:02:00,24.429998,64.779999,0.0,413,52.100002,24.1,6,2023-05-03
2023-05-03 19:32:00,23.609999,67.989998,0.0,413,52.100002,24.0,6,2023-05-03
2023-05-03 20:02:00,22.939999,69.689995,0.0,413,52.0,23.800001,6,2023-05-03
2023-05-03 20:32:00,22.469999,70.099998,0.0,413,52.0,23.700001,6,2023-05-03
2023-05-03 21:02:00,22.049999,71.799995,0.0,413,51.900002,23.5,6,2023-05-03
2023-05-03 21:32:00,21.719999,71.119995,0.0,413,51.799999,23.300001,6,2023-05-03
2023-05-03 22:02:00,21.379999,71.479996,0.0,413,51.700001,23.200001,6,2023-05-03
2023-05-03 22:32:00,21.019999,72.93,0.0,413,51.600002,23.0,6,2023-05-03
2023-05-03 23:02:00,20.719999,73.689995,0.0,413,51.600002,22.900002,6,2023-05-03
2023-05-03 23:32:00,20.48,74.760002,0.0,413,51.5,22.700001,6,2023-05-03
2023-05-04 00:02:00,20.249998,75.650002,0.0,413,51.5,22.6,6,2023-05-04
2023-05-04 00:32:00,20.079998,76.509995,0.0,413,51.400002,22.5,6,2023-05-04
2023-05-04 01:02:00,19.929998,76.93,0.0,413,51.299999,22.300001,6,2023-05-04
2023-05-04 01:32:00,19.739998,77.739998,0.0,413,51.299999,22.1,6,2023-05-04
2023-05-04 02:02:00,19.489998,78.049995,0.0,413,51.200001,22.0,6,2023-05-04
2023-05-04 02:32:00,19.249998,79.529999,0.0,413,51.100002,21.800001,6,2023-05-04
2023-05-04 03:02:00,19.029999,78.909996,0.0,413,51.100002,21.700001,6,2023-05-04
2023-05-04 03:32:00,18.699999,79.0,0.0,413,51.100002,21.6,6,2023-05-04
2023-05-04 04:02:00,18.499998,79.989998,0.0,413,51.0,21.5,6,2023-05-04
2023-05-04 04:32:00,18.359999,80.529999,0.07,413,51.0,21.300001,6,2023-05-04
2023-05-04 05:02:00,18.389999,81.209999,0.27,413,50.900002,21.200001,6,2023-05-04
2023-05-04 05:32:00,18.589998,81.369995,0.64,413,50.799999,21.1,6,2023-05-04
2023-05-04 06:02:00,19.069998,81.119995,1.25,413,50.799999,21.0,6,2023-05-04
2023-05-04 06:32:00,19.669998,80.43,1.14,413,50.799999,20.900002,6,2023-05-04
2023-05-04 07:02:00,19.909998,79.979996,1.52,413,50.700001,20.800001,6,2023-05-04
2023-05-04 07:32:00,19.989998,78.839996,0.64,413,50.700001,20.800001,6,2023-05-04
2023-05-04 08:02:00,19.779999,79.089996,2.14,413,50.700001,20.700001,6,2023-05-04
2023-05-04 08:32:00,19.599998,78.610001,4.63,413,50.700001,20.6,6,2023-05-04
2023-05-04 09:02:00,19.809999,78.339996,4.0,413,50.700001,20.6,6,2023-05-04
2023-05-04 09:32:00,20.659998,77.409996,9.34,413,50.600002,20.6,6,2023-05-04
2023-05-04 10:02:00,22.859999,73.299995,6.25,413,50.600002,20.6,6,2023-05-04
2023-05-04 10:32:00,21.839998,62.73,7.03,413,50.600002,20.6,6,2023-05-04
2023-05-04 11:02:00,21.279999,57.93,5.35,413,50.600002,20.6,6,2023-05-04
2023-05-04 11:32:00,21.199999,60.129997,11.219999,413,50.600002,20.700001,6,2023-05-04
2023-05-04 12:02:00,23.069998,56.0,9.599999,413,50.700001,20.700001,6,2023-05-04
2023-05-04 12:32:00,24.159998,53.949997,8.83,413,50.700001,20.800001,6,2023-05-04
2023-05-04 13:02:00,25.149998,52.669998,13.84,413,50.700001,20.900002,6,2023-05-04
2023-05-04 13:32:00,26.999998,45.09,12.33,413,50.700001,21.0,6,2023-05-04
2023-05-04 14:02:00,27.469999,39.360001,12.77,413,50.799999,21.1,6,2023-05-04
2023-05-04 14:32:00,27.579998,41.529999,10.96,413,50.799999,21.300001,6,2023-05-04
2023-05-04 15:02:00,27.789999,41.02,11.09,413,50.900002,21.5,6,2023-05-04
2023-05-04 15:32:00,28.639999,35.25,12.53,413,51.0,21.700001,6,2023-05-04
2023-05-04 16:02:00,28.649998,34.450001,9.559999,413,51.100002,21.900002,6,2023-05-04
2023-05-04 16:32:00,27.269999,30.449999,5.54,413,51.100002,22.1,6,2023-05-04
2023-05-04 17:02:00,25.139999,38.790001,2.13,413,51.100002,22.300001,6,2023-05-04
2023-05-04 17:32:00,24.749998,44.809998,0.89,413,51.200001,22.300001,6,2023-05-04
2023-05-04 18:02:00,23.709999,51.539997,0.66,413,51.200001,22.300001,6,2023-05-04
2023-05-04 18:32:00,22.509998,54.199997,0.12,413,51.200001,22.300001,6,2023-05-04
2023-05-04 19:02:00,21.239998,58.539997,0.0,413,51.200001,22.300001,6,2023-05-04
2023-05-04 19:32:00,20.069998,62.719997,0.0,413,51.100002,22.200001,6,2023-05-04
2023-05-04 20:02:00,19.329998,66.339996,0.0,413,51.100002,22.1,6,2023-05-04
2023-05-04 20:32:00,18.919998,67.699997,0.0,413,51.0,22.0,6,2023-05-04
2023-05-04 21:02:00,18.539999,68.409996,0.0,413,51.0,21.800001,6,2023-05-04
2023-05-04 21:32:00,18.189999,70.189995,0.0,413,50.900002,21.6,6,2023-05-04
2023-05-04 22:02:00,17.869999,69.529999,0.0,413,50.799999,21.5,6,2023-05-04
2023-05-04 22:32:00,17.359999,70.139999,0.0,413,50.799999,21.300001,6,2023-05-04
2023-05-04 23:02:00,16.949999,70.720001,0.0,413,50.700001,21.200001,6,2023-05-04
2023-05-04 23:32:00,16.779999,72.57,0.0,413,50.700001,21.1,6,2023-05-04
2023-05-05 00:02:00,16.799999,73.589996,0.0,413,50.600002,20.900002,6,2023-05-05
2023-05-05 00:32:00,16.819998,72.220001,0.0,413,50.5,20.800001,6,2023-05-05
2023-05-05 01:02:00,16.779999,73.269997,0.0,413,50.5,20.6,6,2023-05-05
2023-05-05 01:32:00,16.719999,72.839996,0.0,413,50.400002,20.5,6,2023-05-05
2023-05-05 02:02:00,16.609999,71.360001,0.0,413,50.400002,20.400002,6,2023-05-05
2023-05-05 02:32:00,16.48,71.409996,0.0,413,50.299999,20.300001,6,2023-05-05
2023-05-05 03:02:00,16.409998,72.07,0.0,413,50.299999,20.1,6,2023-05-05
2023-05-05 03:32:00,16.279999,71.830002,0.0,413,50.200001,20.0,6,2023-05-05
2023-05-05 04:02:00,16.139999,72.790001,0.0,413,50.200001,20.0,6,2023-05-05
2023-05-05 04:32:00,16.039999,73.589996,0.08,413,50.100002,19.800001,6,2023-05-05
2023-05-05 05:02:00,15.959999,74.339996,0.19,413,50.100002,19.700001,6,2023-05-05
2023-05-05 05:32:00,16.059999,74.610001,0.68,413,50.0,19.6,6,2023-05-05
2023-05-05 06:02:00,16.48,74.0,1.55,413,50.0,19.5,6,2023-05-05
2023-05-05 06:32:00,17.449999,72.889999,3.05,413,50.0,19.5,6,2023-05-05
2023-05-05 07:02:00,19.589998,70.93,10.75,413,49.900002,19.400002,6,2023-05-05
2023-05-05 07:32:00,20.569998,36.829998,10.37,413,49.900002,19.400002,6,2023-05-05
2023-05-05 08:02:00,21.219999,33.579998,12.0,413,49.900002,19.5,6,2023-05-05
2023-05-05 08:32:00,21.809999,34.059998,20.279999,413,50.0,19.6,6,2023-05-05
2023-05-05 09:02:00,21.999998,29.929998,15.5,413,50.0,19.800001,6,2023-05-05
2023-05-05 09:32:00,23.569998,27.719999,39.07,413,50.100002,20.0,6,2023-05-05
2023-05-05 10:02:00,25.149998,26.019999,23.59,413,50.200001,20.300001,6,2023-05-05
2023-05-05 10:32:00,27.239998,22.32,46.399998,413,50.299999,20.6,6,2023-05-05
2023-05-05 11:02:00,28.039999,21.51,30.969999,413,50.5,21.1,6,2023-05-05
2023-05-05 11:32:00,29.179998,21.68,32.52,413,50.700001,21.6,6,2023-05-05
2023-05-05 12:02:00,29.089998,19.359999,29.0,413,50.799999,22.0,6,2023-05-05
2023-05-05 12:32:00,30.269999,18.1,33.32,413,51.0,22.400002,6,2023-05-05
2023-05-05 13:02:00,28.049999,18.639999,23.219999,413,51.200001,22.800001,6,2023-05-05
2023-05-05 13:32:00,29.379999,19.58,43.009998,413,51.299999,23.1,6,2023-05-05
2023-05-05 14:02:00,29.539999,17.389999,16.629999,413,51.400002,23.300001,6,2023-05-05
2023-05-05 14:32:00,28.599998,20.719999,28.4,413,51.5,23.5,6,2023-05-05
2023-05-05 15:02:00,28.769999,19.059999,24.74,413,51.600002,23.700001,6,2023-05-05
2023-05-05 15:32:00,28.219999,19.889999,14.83,413,51.600002,23.900002,6,2023-05-05
2023-05-05 16:02:00,26.769999,21.17,5.85,413,51.700001,24.0,6,2023-05-05
2023-05-05 16:32:00,25.099998,21.219999,5.11,413,51.700001,24.1,6,2023-05-05
2023-05-05 17:02:00,23.659998,21.26,3.91,413,51.799999,24.1,6,2023-05-05
2023-05-05 17:32:00,24.529999,28.869999,2.7,413,51.799999,24.1,6,2023-05-05
2023-05-05 18:02:00,24.349998,34.649998,1.37,413,51.700001,24.1,6,2023-05-05
2023-05-05 18:32:00,22.899998,39.959999,0.29,413,51.600002,24.0,6,2023-05-05
2023-05-05 19:02:00,21.169998,46.360001,0.01,413,51.600002,23.800001,6,2023-05-05
2023-05-05 19:32:00,19.779999,52.049999,0.0,413,51.600002,23.700001,6,2023-05-05
2023-05-05 20:02:00,18.849998,55.799999,0.0,413,51.5,23.5,6,2023-05-05
2023-05-05 20:32:00,18.069998,57.98,0.0,413,51.400002,23.300001,6,2023-05-05
2023-05-05 21:02:00,17.449999,61.349998,0.0,413,51.299999,23.1,6,2023-05-05
2023-05-05 21:32:00,16.829998,63.349998,0.0,413,51.200001,22.800001,6,2023-05-05
2023-05-05 22:02:00,16.289999,64.269997,0.0,413,51.100002,22.6,6,2023-05-05
2023-05-05 22:32:00,15.819999,66.599998,0.0,413,51.0,22.400002,6,2023-05-05
2023-05-05 23:02:00,15.479999,66.43,0.0,413,50.900002,22.200001,6,2023-05-05
2023-05-05 23:32:00,15.199999,67.809998,0.0,413,50.799999,22.0,6,2023-05-05
2023-05-06 00:02:00,14.909999,68.099998,0.0,413,50.700001,21.800001,6,2023-05-06
2023-05-06 00:32:00,14.749999,68.629997,0.0,413,50.700001,21.6,6,2023-05-06
2023-05-06 01:02:00,14.459999,69.849998,0.0,413,50.5,21.400002,6,2023-05-06
2023-05-06 01:32:00,14.209999,71.119995,0.0,413,50.5,21.1,6,2023-05-06
2023-05-06 02:02:00,13.899999,72.809998,0.0,413,50.400002,21.0,6,2023-05-06
2023-05-06 02:32:00,13.529999,73.860001,0.0,413,50.299999,20.800001,6,2023-05-06
2023-05-06 03:02:00,13.149999,74.479996,0.0,413,50.200001,20.6,6,2023-05-06
2023-05-06 03:32:00,12.749999,75.339996,0.0,413,50.200001,20.5,6,2023-05-06
2023-05-06 04:02:00,12.319999,75.689995,0.02,413,50.0,20.300001,6,2023-05-06
2023-05-06 04:32:00,12.099998,77.0,0.48,413,50.0,20.1,6,2023-05-06
2023-05-06 05:02:00,12.319999,76.979996,1.57,413,49.900002,19.900002,6,2023-05-06
2023-05-06 05:32:00,13.269999,77.290001,2.99,413,49.900002,19.700001,6,2023-05-06
2023-05-06 06:02:00,15.939999,74.900002,6.58,413,49.700001,19.6,6,2023-05-06
2023-05-06 06:32:00,20.73,62.869999,11.95,413,49.700001,19.5,6,2023-05-06
2023-05-06 07:02:00,25.229998,55.039997,14.09,413,49.700001,19.5,6,2023-05-06
2023-05-06 07:32:00,28.839998,39.509998,7.96,413,49.700001,19.5,6,2023-05-06
2023-05-06 08:02:00,28.649998,25.869999,14.099999,413,49.700001,19.800001,6,2023-05-06
2023-05-06 08:32:00,30.969999,19.029999,22.93,413,49.900002,20.200001,6,2023-05-06
2023-05-06 09:02:00,33.399998,20.059999,34.59,413,50.0,20.5,6,2023-05-06
2023-05-06 09:32:00,35.369999,18.98,42.68,477,50.200001,20.900002,6,2023-05-06
2023-05-06 10:02:00,35.709999,14.219999,41.439999,481,50.400002,21.5,6,2023-05-06
2023-05-06 10:32:00,37.759998,16.68,48.709999,496,50.700001,22.0,6,2023-05-06
2023-05-06 11:02:00,37.709999,14.559999,35.759998,491,50.799999,22.6,6,2023-05-06
2023-05-06 11:32:00,39.629997,13.9,37.009998,508,51.100002,23.300001,6,2023-05-06
2023-05-06 12:02:00,38.129997,13.04,40.75,505,51.299999,23.900002,6,2023-05-06
2023-05-06 12:32:00,39.099998,13.66,43.329998,504,51.600002,24.5,6,2023-05-06
2023-05-06 13:02:00,39.709999,14.62,39.73,511,51.799999,25.1,6,2023-05-06
2023-05-06 13:32:00,41.789997,12.67,44.41,532,52.100002,25.800001,6,2023-05-06
2023-05-06 14:02:00,40.699997,13.929999,3.78,505,52.299999,26.300001,6,2023-05-06
2023-05-06 14:32:00,39.839996,13.19,4.26,520,52.400002,26.700001,6,2023-05-06
2023-05-06 15:02:00,36.709999,11.599999,26.75,492,52.5,26.900002,6,2023-05-06
2023-05-06 15:32:00,34.719997,13.049999,16.779999,447,52.600002,27.0,6,2023-05-06
2023-05-06 16:02:00,32.509998,15.33,7.3,413,52.799999,27.1,6,2023-05-06
2023-05-06 16:32:00,31.069998,18.869999,5.21,413,52.900002,27.1,6,2023-05-06
2023-05-06 17:02:00,29.799999,19.219999,4.01,413,53.0,27.0,6,2023-05-06
2023-05-06 17:32:00,29.869999,27.07,2.81,413,53.0,26.800001,6,2023-05-06
2023-05-06 18:02:00,28.719999,32.52,1.44,413,53.0,26.700001,6,2023-05-06
2023-05-06 18:32:00,26.549999,38.959999,0.38,413,53.0,26.5,6,2023-05-06
2023-05-06 19:02:00,24.029999,46.039997,0.01,413,53.0,26.300001,6,2023-05-06
2023-05-06 19:32:00,22.029999,51.02,0.0,413,52.900002,26.1,6,2023-05-06
2023-05-06 20:02:00,20.609999,55.43,0.0,413,52.799999,25.800001,6,2023-05-06
2023-05-06 20:32:00,19.569998,58.169998,0.0,413,52.799999,25.6,6,2023-05-06
2023-05-06 21:02:00,18.579998,60.329998,0.0,413,52.600002,25.300001,6,2023-05-06
2023-05-06 21:32:00,17.599998,61.77,0.0,413,52.600002,25.0,6,2023-05-06
2023-05-06 22:02:00,16.929998,63.989998,0.0,413,52.400002,24.6,6,2023-05-06
2023-05-06 22:32:00,16.259998,64.860001,0.0,413,52.400002,24.300001,6,2023-05-06
2023-05-06 23:02:00,15.669999,66.699997,0.0,413,52.299999,24.1,6,2023-05-06
2023-05-06 23:32:00,15.209999,67.360001,0.0,413,52.100002,23.800001,6,2023-05-06
2023-05-07 00:02:00,14.899999,70.449997,0.0,413,52.100002,23.5,6,2023-05-07
2023-05-07 00:32:00,14.599998,70.979996,0.0,413,52.0,23.200001,6,2023-05-07
2023-05-07 01:02:00,14.269999,71.779999,0.0,413,51.799999,23.0,6,2023-05-07
2023-05-07 01:32:00,13.889998,72.68,0.0,413,51.700001,22.6,6,2023-05-07
2023-05-07 02:02:00,13.529999,73.519997,0.0,413,51.600002,22.400002,6,2023-05-07
2023-05-07 02:32:00,13.239999,74.029999,0.0,413,51.5,22.1,6,2023-05-07
2023-05-07 03:02:00,12.859999,73.510002,0.0,413,51.5,22.0,6,2023-05-07
2023-05-07 03:32:00,12.469998,74.580002,0.0,413,51.299999,21.700001,6,2023-05-07
2023-05-07 04:02:00,12.099998,73.869995,0.02,413,51.200001,21.5,6,2023-05-07
2023-05-07 04:32:00,11.839999,74.360001,0.48,413,51.100002,21.200001,6,2023-05-07
2023-05-07 05:02:00,12.059999,75.869995,1.47,413,51.0,21.0,6,2023-05-07
2023-05-07 05:32:00,13.189999,76.449997,2.71,413,51.0,20.800001,6,2023-05-07
2023-05-07 06:02:00,16.169998,73.439995,6.4,413,50.900002,20.6,6,2023-05-07
2023-05-07 06:32:00,21.459999,60.23,12.259999,413,50.799999,20.5,6,2023-05-07
2023-05-07 07:02:00,25.909998,53.529999,14.299999,413,50.799999,20.400002,6,2023-05-07
2023-05-07 07:32:00,29.439999,46.459999,8.3,413,50.799999,20.5,6,2023-05-07
2023-05-07 08:02:00,29.449999,24.709999,14.889999,413,50.900002,20.700001,6,2023-05-07
2023-05-07 08:32:00,31.469999,18.74,27.119999,413,51.0,21.0,6,2023-05-07
2023-05-07 09:02:00,32.59,16.5,36.709999,413,51.100002,21.400002,6,2023-05-07
2023-05-07 09:32:00,35.009998,13.42,43.799999,432,51.200001,21.800001,6,2023-05-07
2023-05-07 10:02:00,36.239998,15.349999,42.349998,473,51.400002,22.200001,6,2023-05-07
2023-05-07 10:32:00,36.34,13.91,49.889999,462,51.600002,22.800001,6,2023-05-07
2023-05-07 11:02:00,37.869999,13.059999,46.91,469,51.799999,23.5,6,2023-05-07
2023-05-07 11:32:00,38.73,10.69,33.549999,505,52.100002,24.1,6,2023-05-07
2023-05-07 12:02:00,38.73,11.599999,42.5,498,52.299999,24.6,6,2023-05-07
2023-05-07 12:32:00,39.369999,9.92,42.73,494,52.5,25.300001,6,2023-05-07
2023-05-07 13:02:00,39.239998,11.95,48.299999,474,52.799999,26.0,6,2023-05-07
2023-05-07 13:32:00,40.509998,11.95,41.73,508,53.0,26.6,6,2023-05-07
2023-05-07 14:02:00,38.419998,12.5,16.16,484,53.299999,27.200001,6,2023-05-07
2023-05-07 14:32:00,39.339996,10.28,39.02,477,53.5,27.800001,6,2023-05-07
2023-05-07 15:02:00,37.969997,10.679999,27.609999,480,53.600002,28.300001,6,2023-05-07
2023-05-07 15:32:00,36.629997,12.98,16.940001,469,53.700001,28.6,6,2023-05-07
2023-05-07 16:02:00,33.98,14.17,7.39,413,53.799999,28.700001,6,2023-05-07
2023-05-07 16:32:00,32.73,15.21,5.51,413,53.700001,28.700001,6,2023-05-07
2023-05-07 17:02:00,33.189999,19.119999,4.17,413,53.600002,28.6,6,2023-05-07
2023-05-07 17:32:00,33.73,20.58,2.68,413,53.600002,28.5,6,2023-05-07
2023-05-07 18:02:00,31.809998,24.119999,1.24,413,53.5,28.300001,6,2023-05-07
2023-05-07 18:32:00,28.409998,28.209999,0.39,413,53.400002,28.1,6,2023-05-07
2023-05-07 19:02:00,25.279999,34.119999,0.01,413,53.299999,27.800001,6,2023-05-07
2023-05-07 19:32:00,22.739998,40.529999,0.0,413,53.100002,27.5,6,2023-05-07
2023-05-07 20:02:00,21.009998,42.98,0.0,413,53.0,27.200001,6,2023-05-07
2023-05-07 20:32:00,19.569998,45.610001,0.0,413,52.900002,26.900002,6,2023-05-07
2023-05-07 21:02:00,18.679998,47.16,0.0,413,52.799999,26.5,6,2023-05-07
2023-05-07 21:32:00,17.959999,50.48,0.0,413,52.600002,26.1,6,2023-05-07
2023-05-07 22:02:00,17.239998,52.379997,0.0,413,52.400002,25.800001,6,2023-05-07
2023-05-07 22:32:00,16.569998,53.459999,0.0,413,52.299999,25.400002,6,2023-05-07
2023-05-07 23:02:00,15.899999,55.369999,0.0,413,52.100002,25.1,6,2023-05-07
2023-05-07 23:32:00,15.359999,56.75,0.0,413,52.0,24.800001,6,2023-05-07
2023-05-08 00:02:00,14.929998,57.009998,0.0,413,51.799999,24.5,6,2023-05-08
2023-05-08 00:32:00,14.579999,59.199997,0.0,413,51.700001,24.1,6,2023-05-08
2023-05-08 01:02:00,14.249999,61.399998,0.0,413,51.600002,23.800001,6,2023-05-08
2023-05-08 01:32:00,14.019999,61.579998,0.0,413,51.400002,23.5,6,2023-05-08
2023-05-08 02:02:00,13.899999,62.399998,0.0,413,51.299999,23.200001,6,2023-05-08
2023-05-08 02:32:00,13.849998,63.699997,0.0,413,51.100002,22.900002,6,2023-05-08
2023-05-08 03:02:00,13.949999,63.279999,0.0,413,51.0,22.700001,6,2023-05-08
2023-05-08 03:32:00,13.929998,62.68,0.0,413,51.0,22.5,6,2023-05-08
2023-05-08 04:02:00,13.799999,62.77,0.03,413,50.799999,22.200001,6,2023-05-08
2023-05-08 04:32:00,13.569999,58.75,0.52,413,50.700001,22.0,6,2023-05-08
2023-05-08 05:02:00,13.649999,60.669998,1.44,413,50.700001,21.800001,6,2023-05-08
2023-05-08 05:32:00,14.799999,60.23,2.61,413,50.5,21.6,6,2023-05-08
2023-05-08 06:02:00,17.969999,51.09,6.2,413,50.400002,21.400002,6,2023-05-08
2023-05-08 06:32:00,21.739998,40.439999,14.929999,413,50.299999,21.300001,6,2023-05-08
2023-05-08 07:02:00,22.539999,37.860001,4.23,413,50.299999,21.200001,6,2023-05-08
2023-05-08 07:32:00,24.389999,36.849998,6.24,413,50.299999,21.200001,6,2023-05-08
2023-05-08 08:02:00,26.269999,33.66,6.43,413,50.299999,21.200001,6,2023-05-08
2023-05-08 08:32:00,27.639999,21.48,11.23,413,50.299999,21.400002,6,2023-05-08
2023-05-08 09:02:00,28.949999,21.83,34.360001,413,50.299999,21.6,6,2023-05-08
2023-05-08 09:32:00,28.749998,19.859999,13.82,413,50.400002,21.800001,6,2023-05-08
2023-05-08 10:02:00,30.549999,20.16,36.009998,413,50.5,22.1,6,2023-05-08
2023-05-08 10:32:00,33.809998,17.4,44.0,417,50.600002,22.5,6,2023-05-08
2023-05-08 11:02:00,34.829998,17.299999,41.610001,421,50.799999,22.800001,6,2023-05-08
2023-05-08 11:32:00,34.16,15.53,31.57,413,50.900002,23.300001,6,2023-05-08
2023-05-08 12:02:00,34.109997,13.559999,40.079998,443,51.0,23.700001,6,2023-05-08
2023-05-08 12:32:00,34.969997,14.53,40.860001,454,51.200001,24.1,6,2023-05-08
2023-05-08 13:02:00,36.259998,14.299999,5.6,454,51.400002,24.6,6,2023-05-08
2023-05-08 13:32:00,38.209999,13.28,41.110001,477,51.600002,25.1,6,2023-05-08
2023-05-08 14:02:00,37.509998,12.92,18.199999,466,51.700001,25.6,6,2023-05-08
2023-05-08 14:32:00,36.469997,13.25,40.279999,473,51.900002,26.0,6,2023-05-08
2023-05-08 15:02:00,34.09,13.59,28.529999,413,52.0,26.5,6,2023-05-08
2023-05-08 15:32:00,32.189999,13.889999,16.99,413,52.100002,26.700001,6,2023-05-08
2023-05-08 16:02:00,30.069998,16.15,6.88,413,52.200001,26.900002,6,2023-05-08
2023-05-08 16:32:00,29.329998,15.849999,4.41,413,52.299999,26.900002,6,2023-05-08
2023-05-08 17:02:00,28.799999,18.289999,3.75,413,52.200001,26.800001,6,2023-05-08
2023-05-08 17:32:00,29.119999,19.48,1.65,413,52.100002,26.700001,6,2023-05-08
2023-05-08 18:02:00,27.609999,23.699999,1.23,413,52.100002,26.5,6,2023-05-08
2023-05-08 18:32:00,24.819998,28.51,0.41,413,52.0,26.300001,6,2023-05-08
2023-05-08 19:02:00,21.989998,35.059998,0.01,413,51.900002,26.1,6,2023-05-08
2023-05-08 19:32:00,20.389999,39.18,0.0,413,51.799999,25.800001,6,2023-05-08
2023-05-08 20:02:00,19.239998,42.59,0.0,413,51.600002,25.6,6,2023-05-08
2023-05-08 20:32:00,18.119999,45.029999,0.0,413,51.600002,25.300001,6,2023-05-08
2023-05-08 21:02:00,16.819998,48.799999,0.0,413,51.5,25.0,6,2023-05-08
2023-05-08 21:32:00,15.719998,50.719997,0.0,413,51.299999,24.6,6,2023-05-08
2023-05-08 22:02:00,14.909999,53.48,0.0,413,51.100002,24.300001,6,2023-05-08
2023-05-08 22:32:00,14.259998,55.149998,0.0,413,51.0,24.0,6,2023-05-08
2023-05-08 23:02:00,14.049999,56.829998,0.0,413,50.900002,23.700001,6,2023-05-08
2023-05-08 23:32:00,14.179998,55.379997,0.0,413,50.799999,23.400002,6,2023-05-08
2023-05-09 00:02:00,13.799999,54.939999,0.0,413,50.700001,23.1,6,2023-05-09
2023-05-09 00:32:00,12.949999,56.489998,0.0,413,50.5,22.900002,6,2023-05-09
2023-05-09 01:02:00,12.319999,59.299999,0.0,413,50.400002,22.6,6,2023-05-09
2023-05-09 01:32:00,11.799999,60.099998,0.0,413,50.299999,22.300001,6,2023-05-09
2023-05-09 02:02:00,11.379999,62.099998,0.0,413,50.200001,22.0,6,2023-05-09
2023-05-09 02:32:00,11.269999,63.949997,0.0,413,50.0,21.800001,6,2023-05-09
2023-05-09 03:02:00,11.579999,61.359997,0.0,413,49.900002,21.5,6,2023-05-09
2023-05-09 03:32:00,11.729999,58.709999,0.0,413,49.799999,21.300001,6,2023-05-09
2023-05-09 04:02:00,11.769999,59.16,0.03,413,49.700001,21.0,6,2023-05-09
2023-05-09 04:32:00,11.779999,57.610001,0.57,413,49.600002,20.800001,6,2023-05-09
2023-05-09 05:02:00,12.179998,55.77,1.38,413,49.600002,20.6,6,2023-05-09
2023-05-09 05:32:00,13.149999,56.619999,2.6,413,49.400002,20.5,6,2023-05-09
2023-05-09 06:02:00,16.719999,49.77,6.67,413,49.400002,20.300001,6,2023-05-09
2023-05-09 06:32:00,22.339998,38.799999,13.0,413,49.299999,20.200001,6,2023-05-09
2023-05-09 07:02:00,26.239998,34.599998,14.54,413,49.200001,20.1,6,2023-05-09
2023-05-09 07:32:00,29.239998,32.739998,7.58,413,49.200001,20.200001,6,2023-05-09
2023-05-09 08:02:00,31.289999,20.859999,16.27,413,49.299999,20.400002,6,2023-05-09
2023-05-09 08:32:00,28.449999,15.99,27.18,413,49.400002,20.800001,6,2023-05-09
2023-05-09 09:02:00,28.149998,14.259999,27.01,413,49.5,21.0,6,2023-05-09
2023-05-09 09:32:00,28.439999,19.869999,35.119999,413,49.600002,21.300001,6,2023-05-09
2023-05-09 10:02:00,27.919998,19.07,8.389999,413,49.600002,21.5,6,2023-05-09
2023-05-09 10:32:00,26.529999,20.42,12.3,413,49.700001,21.700001,6,2023-05-09
2023-05-09 11:02:00,27.889999,16.789999,11.059999,413,49.799999,21.900002,6,2023-05-09
2023-05-09 11:32:00,28.309998,14.98,14.49,413,49.900002,22.1,6,2023-05-09
2023-05-09 12:02:00,29.389999,13.48,16.869999,413,49.900002,22.300001,6,2023-05-09
2023-05-09 12:32:00,31.579998,12.69,45.209999,413,50.0,22.5,6,2023-05-09
2023-05-09 13:02:00,30.249998,13.02,46.27,413,50.0,22.6,6,2023-05-09
2023-05-09 13:32:00,26.229998,14.27,28.25,413,50.100002,23.0,6,2023-05-09
2023-05-09 14:02:00,26.599998,14.98,21.539999,413,50.200001,23.200001,6,2023-05-09
2023-05-09 14:32:00,30.729998,12.52,35.559998,413,50.200001,23.300001,6,2023-05-09
2023-05-09 15:02:00,30.319998,12.57,20.08,413,50.299999,23.6,6,2023-05-09
2023-05-09 15:32:00,25.099998,15.11,8.47,413,50.400002,23.800001,6,2023-05-09
2023-05-09 16:02:00,24.909998,15.77,7.33,413,50.5,23.900002,6,2023-05-09
2023-05-09 16:32:00,23.959999,15.87,5.9,413,50.5,24.0,6,2023-05-09
2023-05-09 17:02:00,24.719999,18.779999,2.7,413,50.5,23.900002,6,2023-05-09
2023-05-09 17:32:00,23.949999,25.65,1.87,413,50.5,23.900002,6,2023-05-09
2023-05-09 18:02:00,21.969999,30.969999,1.06,413,50.5,23.800001,6,2023-05-09
2023-05-09 18:32:00,19.889999,37.529999,0.34,413,50.5,23.6,6,2023-05-09
2023-05-09 19:02:00,18.129999,42.939999,0.01,413,50.400002,23.5,6,2023-05-09
2023-05-09 19:32:00,16.619999,47.829998,0.0,413,50.299999,23.300001,6,2023-05-09
2023-05-09 20:02:00,15.349998,51.989998,0.0,413,50.200001,23.0,6,2023-05-09
2023-05-09 20:32:00,14.399999,54.919998,0.0,413,50.100002,22.800001,6,2023-05-09
2023-05-09 21:02:00,13.539999,58.039997,0.0,413,50.0,22.5,6,2023-05-09
2023-05-09 21:32:00,12.779999,60.939999,0.0,413,49.900002,22.300001,6,2023-05-09
2023-05-09 22:02:00,12.419999,62.629997,0.0,413,49.799999,22.0,6,2023-05-09
2023-05-09 22:32:00,11.859999,64.489998,0.0,413,49.700001,21.800001,6,2023-05-09
2023-05-09 23:02:00,11.519999,66.409996,0.0,413,49.600002,21.5,6,2023-05-09
2023-05-09 23:32:00,11.289999,67.119995,0.0,413,49.5,21.300001,6,2023-05-09
2023-05-10 00:02:00,11.399999,67.489998,0.0,413,49.400002,21.0,6,2023-05-10
2023-05-10 00:32:00,11.559999,65.830002,0.0,413,49.299999,20.800001,6,2023-05-10
2023-05-10 01:02:00,11.559999,64.510002,0.0,413,49.100002,20.6,6,2023-05-10
2023-05-10 01:32:00,11.409999,65.830002,0.0,413,49.100002,20.400002,6,2023-05-10
2023-05-10 02:02:00,11.139998,65.959999,0.0,413,49.0,20.200001,6,2023-05-10
2023-05-10 02:32:00,10.629999,67.760002,0.0,413,48.900002,20.0,6,2023-05-10
2023-05-10 03:02:00,10.179999,68.139999,0.0,413,48.799999,19.800001,6,2023-05-10
2023-05-10 03:32:00,9.859999,70.040001,0.0,413,48.700001,19.6,6,2023-05-10
2023-05-10 04:02:00,9.749999,70.299995,0.04,413,48.600002,19.5,6,2023-05-10
2023-05-10 04:32:00,9.729999,69.959999,0.5,413,48.5,19.300001,6,2023-05-10
2023-05-10 05:02:00,10.119999,70.220001,1.38,413,48.400002,19.1,6,2023-05-10
2023-05-10 05:32:00,11.339999,67.489998,2.68,413,48.400002,19.0,6,2023-05-10
2023-05-10 06:02:00,14.509998,59.75,6.05,413,48.299999,18.800001,6,2023-05-10
2023-05-10 06:32:00,19.389999,45.549999,11.05,413,48.200001,18.700001,6,2023-05-10
2023-05-10 07:02:00,23.139999,39.349998,13.32,413,48.200001,18.700001,6,2023-05-10
2023-05-10 07:32:00,25.749998,34.809998,7.96,413,48.200001,18.700001,6,2023-05-10
2023-05-10 08:02:00,28.589998,33.189999,16.16,413,48.200001,18.900002,6,2023-05-10
2023-05-10 08:32:00,24.529999,23.279999,26.809999,413,48.200001,19.1,6,2023-05-10
2023-05-10 09:02:00,25.109999,23.68,30.76,413,48.299999,19.5,6,2023-05-10
2023-05-10 09:32:00,28.789999,20.1,38.219997,413,48.5,19.800001,6,2023-05-10
2023-05-10 10:02:00,28.449999,21.58,40.950001,413,48.700001,20.1,6,2023-05-10
2023-05-10 10:32:00,31.819998,18.49,43.969997,413,49.299999,20.6,6,2023-05-10
2023-05-10 11:02:00,32.82,18.939999,41.779999,413,50.100002,21.0,6,2023-05-10
2023-05-10 11:32:00,33.929996,16.879999,29.929998,413,51.100002,21.300001,6,2023-05-10
2023-05-10 12:02:00,34.609997,17.49,37.610001,413,52.0,21.5,6,2023-05-10
2023-05-10 12:32:00,35.939999,16.67,36.09,432,52.799999,21.800001,6,2023-05-10
2023-05-10 13:02:00,36.929996,13.7,43.540001,447,53.299999,22.0,6,2023-05-10
2023-05-10 13:32:00,36.91,17.389999,35.259998,473,53.600002,22.1,6,2023-05-10
2023-05-10 14:02:00,37.109997,15.98,18.859999,447,53.900002,22.300001,6,2023-05-10
2023-05-10 14:32:00,36.949997,14.259999,34.52,424,54.100002,22.5,6,2023-05-10
2023-05-10 15:02:00,35.959999,13.759999,24.859999,413,54.299999,22.700001,6,2023-05-10
2023-05-10 15:32:00,34.639999,16.77,13.49,413,54.600002,23.0,6,2023-05-10
2023-05-10 16:02:00,32.359997,18.09,6.35,413,54.700001,23.1,6,2023-05-10
2023-05-10 16:32:00,30.439999,18.869999,4.38,413,54.900002,23.300001,6,2023-05-10
2023-05-10 17:02:00,29.209999,19.559999,3.28,413,55.0,23.400002,6,2023-05-10
2023-05-10 17:32:00,29.919998,22.15,2.38,413,55.0,23.400002,6,2023-05-10
2023-05-10 18:02:00,28.969999,26.82,1.24,413,55.100002,23.400002,6,2023-05-10
2023-05-10 18:32:00,25.779999,33.0,0.38,413,55.100002,23.300001,6,2023-05-10
2023-05-10 19:02:00,22.199999,41.559998,0.02,413,55.100002,23.300001,6,2023-05-10
2023-05-10 19:32:00,19.609999,49.379997,0.0,413,55.100002,23.1,6,2023-05-10
2023-05-10 20:02:00,17.989998,54.239998,0.0,413,55.100002,23.0,6,2023-05-10
2023-05-10 20:32:00,16.889999,57.860001,0.0,413,55.0,22.800001,6,2023-05-10
2023-05-10 21:02:00,16.339998,60.669998,0.0,413,55.0,22.6,6,2023-05-10
2023-05-10 21:32:00,15.609999,62.669998,0.0,413,55.0,22.400002,6,2023-05-10
2023-05-10 22:02:00,14.849998,65.889999,0.0,413,54.900002,22.1,6,2023-05-10
2023-05-10 22:32:00,14.179998,66.860001,0.0,413,54.799999,22.0,6,2023-05-10
2023-05-10 23:02:00,13.659999,68.260002,0.0,413,54.799999,21.700001,6,2023-05-10
2023-05-10 23:32:00,13.119999,68.879997,0.0,413,54.700001,21.5,6,2023-05-10
2023-05-11 00:02:00,12.679998,70.010002,0.0,413,54.600002,21.300001,6,2023-05-11
2023-05-11 00:32:00,12.199999,70.330002,0.0,413,54.5,21.1,6,2023-05-11
2023-05-11 01:02:00,11.839999,71.650002,0.0,413,54.5,20.800001,6,2023-05-11
2023-05-11 01:32:00,11.679998,72.839996,0.0,413,54.400002,20.6,6,2023-05-11
2023-05-11 02:02:00,11.359999,73.769997,0.0,413,54.299999,20.400002,6,2023-05-11
2023-05-11 02:32:00,11.009999,74.119995,0.0,413,54.299999,20.200001,6,2023-05-11
2023-05-11 03:02:00,10.719999,74.919998,0.0,413,54.200001,20.0,6,2023-05-11
2023-05-11 03:32:00,10.519999,76.199997,0.0,413,54.100002,19.800001,6,2023-05-11
2023-05-11 04:02:00,10.309999,75.739998,0.04,413,54.100002,19.6,6,2023-05-11
2023-05-11 04:32:00,10.139998,76.129997,0.5,413,54.0,19.5,6,2023-05-11
2023-05-11 05:02:00,10.619999,77.580002,1.48,413,53.900002,19.300001,6,2023-05-11
2023-05-11 05:32:00,12.319999,76.689995,2.52,413,53.900002,19.1,6,2023-05-11
2023-05-11 06:02:00,15.749999,71.299995,5.56,413,53.799999,19.0,6,2023-05-11
2023-05-11 06:32:00,20.579998,42.68,10.42,413,53.799999,18.800001,6,2023-05-11
2023-05-11 07:02:00,22.589998,30.889999,8.26,413,53.700001,18.800001,6,2023-05-11
2023-05-11 07:32:00,24.309999,26.629999,7.33,413,53.700001,18.800001,6,2023-05-11
2023-05-11 08:02:00,26.119999,21.59,15.759999,413,53.700001,18.900002,6,2023-05-11
2023-05-11 08:32:00,29.889999,20.939999,25.109999,413,53.700001,19.0,6,2023-05-11
2023-05-11 09:02:00,31.349998,21.76,28.879999,413,53.799999,19.200001,6,2023-05-11
2023-05-11 09:32:00,34.109997,15.96,20.859999,413,53.900002,19.5,6,2023-05-11
2023-05-11 10:02:00,34.84,19.609999,29.34,413,54.0,19.800001,6,2023-05-11
2023-05-11 10:32:00,36.459999,15.9,17.709999,413,54.100002,20.1,6,2023-05-11
2023-05-11 11:02:00,36.649998,14.37,22.17,424,59.400002,18.800001,6,2023-05-11
2023-05-11 11:32:00,38.259998,15.94,23.99,436,59.299999,19.300001,6,2023-05-11
2023-05-11 12:02:00,38.0,12.309999,12.32,432,59.700001,20.0,6,2023-05-11
2023-05-11 12:32:00,38.469997,14.69,14.38,447,59.700001,20.5,6,2023-05-11
2023-05-11 13:02:00,38.709999,13.179999,24.59,417,59.700001,21.1,6,2023-05-11
2023-05-11 13:32:00,39.369999,11.469999,26.969999,443,59.900002,21.6,6,2023-05-11
2023-05-11 14:02:00,39.489998,11.44,20.029999,470,60.0,22.0,6,2023-05-11
2023-05-11 14:32:00,38.799999,11.12,20.85,443,60.100002,22.400002,6,2023-05-11
2023-05-11 15:02:00,37.919998,12.79,21.629999,432,65.599998,22.700001,6,2023-05-11
2023-05-11 15:32:00,35.489998,12.66,6.72,413,62.700001,22.400002,6,2023-05-11
2023-05-11 16:02:00,33.119999,13.849999,3.9,413,61.600002,22.6,6,2023-05-11
2023-05-11 16:32:00,31.229998,16.039999,4.25,413,61.100002,22.800001,6,2023-05-11
2023-05-11 17:02:00,31.569998,19.639999,4.01,413,60.700001,22.900002,6,2023-05-11
2023-05-11 17:32:00,31.399998,25.209999,3.12,413,60.5,23.0,6,2023-05-11
2023-05-11 18:02:00,29.949999,29.609999,1.51,413,60.299999,23.1,6,2023-05-11
2023-05-11 18:32:00,27.309998,34.049999,0.35,413,60.100002,23.1,6,2023-05-11
2023-05-11 19:02:00,24.469999,40.5,0.02,413,59.900002,23.0,6,2023-05-11
2023-05-11 19:32:00,22.569998,45.84,0.0,413,59.799999,23.0,6,2023-05-11
2023-05-11 20:02:00,21.409998,50.189999,0.0,413,59.600002,22.800001,6,2023-05-11
2023-05-11 20:32:00,20.429998,51.73,0.0,413,59.5,22.700001,6,2023-05-11
2023-05-11 21:02:00,19.749998,51.879997,0.0,413,59.299999,22.5,6,2023-05-11
2023-05-11 21:32:00,19.189999,53.369999,0.0,413,59.200001,22.400002,6,2023-05-11
2023-05-11 22:02:00,18.709999,54.709999,0.0,413,59.100002,22.300001,6,2023-05-11
2023-05-11 22:32:00,18.319998,55.93,0.0,413,59.0,22.1,6,2023-05-11
2023-05-11 23:02:00,17.939999,59.009998,0.0,413,58.900002,22.0,6,2023-05-11
2023-05-11 23:32:00,17.769999,60.59,0.0,413,58.700001,21.800001,6,2023-05-11
2023-05-12 00:02:00,17.459999,61.369999,0.0,413,58.700001,21.6,6,2023-05-12
2023-05-12 00:32:00,17.099998,62.289997,0.0,413,58.5,21.5,6,2023-05-12
2023-05-12 01:02:00,16.839998,62.41,0.0,413,58.400002,21.300001,6,2023-05-12
2023-05-12 01:32:00,16.539999,63.469997,0.0,413,58.299999,21.200001,6,2023-05-12
2023-05-12 02:02:00,16.249998,64.040001,0.0,413,58.200001,21.1,6,2023-05-12
2023-05-12 02:32:00,16.109999,65.209999,0.0,413,58.100002,20.900002,6,2023-05-12
2023-05-12 03:02:00,16.059999,65.709999,0.0,413,58.0,20.800001,6,2023-05-12
2023-05-12 03:32:00,16.129999,65.93,0.0,413,57.900002,20.6,6,2023-05-12
2023-05-12 04:02:00,16.039999,65.18,0.04,413,57.799999,20.5,6,2023-05-12
2023-05-12 04:32:00,15.929998,67.019997,0.45,413,57.700001,20.400002,6,2023-05-12
2023-05-12 05:02:00,16.199999,66.439995,1.51,413,57.600002,20.300001,6,2023-05-12
2023-05-12 05:32:00,17.029999,63.75,2.57,413,57.600002,20.200001,6,2023-05-12
2023-05-12 06:02:00,18.359999,61.739998,4.97,413,57.5,20.1,6,2023-05-12
2023-05-12 06:32:00,22.019999,56.66,9.95,413,57.400002,20.1,6,2023-05-12
2023-05-12 07:02:00,26.269999,46.09,10.65,413,57.400002,20.1,6,2023-05-12
2023-05-12 07:32:00,29.149998,39.689999,10.07,413,57.299999,20.200001,6,2023-05-12
2023-05-12 08:02:00,31.009998,25.699999,13.719999,413,57.299999,20.300001,6,2023-05-12
2023-05-12 08:32:00,26.729998,22.269999,12.69,413,57.299999,20.6,6,2023-05-12
2023-05-12 09:02:00,25.679998,26.289999,20.68,413,57.299999,20.700001,6,2023-05-12
2023-05-12 09:32:00,28.389999,22.9,24.93,413,57.200001,20.900002,6,2023-05-12
2023-05-12 10:02:00,30.269999,20.1,23.359999,413,57.200001,21.1,6,2023-05-12
2023-05-12 10:32:00,30.719999,20.49,10.28,413,57.200001,21.300001,6,2023-05-12
2023-05-12 11:02:00,31.229998,22.059999,24.51,413,57.200001,21.6,6,2023-05-12
2023-05-12 11:32:00,30.159998,23.379999,9.849999,413,57.200001,21.800001,6,2023-05-12
2023-05-12 12:02:00,28.449999,23.939999,10.36,413,57.200001,22.1,6,2023-05-12
2023-05-12 12:32:00,27.609999,25.459999,13.42,413,57.200001,22.300001,6,2023-05-12
2023-05-12 13:02:00,27.619999,27.209999,12.54,413,57.100002,22.400002,6,2023-05-12
2023-05-12 13:32:00,26.299999,29.039999,10.21,413,57.100002,22.5,6,2023-05-12
2023-05-12 14:02:00,26.139999,30.939999,9.25,413,57.0,22.6,6,2023-05-12
2023-05-12 14:32:00,25.249998,33.739998,6.57,413,57.0,22.6,6,2023-05-12
2023-05-12 15:02:00,25.859999,31.679998,10.33,413,56.900002,22.700001,6,2023-05-12
2023-05-12 15:32:00,27.319998,29.869999,14.63,413,56.799999,22.800001,6,2023-05-12
2023-05-12 16:02:00,27.059998,29.429998,6.03,413,56.799999,22.800001,6,2023-05-12
2023-05-12 16:32:00,26.109999,31.369999,5.36,413,56.700001,22.900002,6,2023-05-12
2023-05-12 17:02:00,27.649998,33.049999,4.1,413,56.600002,22.900002,6,2023-05-12
2023-05-12 17:32:00,28.839998,31.57,2.81,413,56.600002,22.900002,6,2023-05-12
2023-05-12 18:02:00,27.929998,33.630001,1.18,413,56.5,23.0,6,2023-05-12
2023-05-12 18:32:00,25.569998,38.66,0.09,413,56.5,23.0,6,2023-05-12
2023-05-12 19:02:00,23.359999,44.649998,0.0,413,56.400002,22.900002,6,2023-05-12
2023-05-12 19:32:00,21.379999,53.559998,0.0,413,56.400002,22.800001,6,2023-05-12
2023-05-12 20:02:00,19.989998,61.84,0.0,413,56.299999,22.700001,6,2023-05-12
2023-05-12 20:32:00,19.129999,66.260002,0.0,413,56.200001,22.5,6,2023-05-12
2023-05-12 21:02:00,18.449999,71.010002,0.0,413,56.100002,22.400002,6,2023-05-12
2023-05-12 21:32:00,18.159998,74.0,0.0,413,56.100002,22.200001,6,2023-05-12
2023-05-12 22:02:00,17.939999,75.389999,0.0,413,55.900002,22.1,6,2023-05-12
2023-05-12 22:32:00,17.739998,77.080002,0.0,413,55.900002,22.0,6,2023-05-12
2023-05-12 23:02:00,17.619999,79.409996,0.0,413,55.799999,21.800001,6,2023-05-12
2023-05-12 23:32:00,17.419998,79.099998,0.0,413,55.700001,21.6,6,2023-05-12
2023-05-13 00:02:00,17.099998,79.989998,0.0,413,55.600002,21.5,6,2023-05-13
2023-05-13 00:32:00,16.859999,80.25,0.0,413,55.5,21.300001,6,2023-05-13
2023-05-13 01:02:00,16.629999,79.330002,0.0,413,55.5,21.200001,6,2023-05-13
2023-05-13 01:32:00,16.379999,79.479996,0.0,413,55.400002,21.1,6,2023-05-13
2023-05-13 02:02:00,16.019999,78.589996,0.0,413,55.299999,21.0,6,2023-05-13
2023-05-13 02:32:00,15.749999,78.949997,0.0,413,55.200001,20.800001,6,2023-05-13
2023-05-13 03:02:00,15.519999,79.019997,0.0,413,55.200001,20.6,6,2023-05-13
2023-05-13 03:32:00,15.349998,79.830002,0.0,413,55.100002,20.5,6,2023-05-13
2023-05-13 04:02:00,15.129999,79.900002,0.06,413,55.0,20.400002,6,2023-05-13
2023-05-13 04:32:00,15.039999,80.949997,0.65,413,55.0,20.300001,6,2023-05-13
2023-05-13 05:02:00,15.449999,81.479996,1.59,413,54.900002,20.1,6,2023-05-13
2023-05-13 05:32:00,16.609999,82.18,2.87,413,54.799999,20.0,6,2023-05-13
2023-05-13 06:02:00,19.849998,71.269997,7.2,413,54.799999,20.0,6,2023-05-13
2023-05-13 06:32:00,24.169998,57.73,11.65,413,54.700001,19.900002,6,2023-05-13
2023-05-13 07:02:00,27.559998,51.189999,13.23,413,54.700001,20.0,6,2023-05-13
2023-05-13 07:32:00,29.879999,46.610001,8.7,413,54.700001,20.0,6,2023-05-13
2023-05-13 08:02:00,30.909998,35.369999,15.44,413,54.700001,20.200001,6,2023-05-13
2023-05-13 08:32:00,28.369999,37.049999,24.439999,413,54.700001,20.5,6,2023-05-13
2023-05-13 09:02:00,29.529999,35.75,37.299999,413,54.700001,20.6,6,2023-05-13
2023-05-13 09:32:00,31.609999,33.23,21.18,413,54.700001,20.800001,6,2023-05-13
2023-05-13 10:02:00,30.849998,32.709999,30.859999,413,54.700001,21.1,6,2023-05-13
2023-05-13 10:32:00,31.009998,33.16,10.059999,413,54.799999,21.400002,6,2023-05-13
2023-05-13 11:02:00,29.929998,34.669998,19.16,413,54.799999,21.6,6,2023-05-13
2023-05-13 11:32:00,32.82,28.76,19.02,413,54.799999,21.900002,6,2023-05-13
2023-05-13 12:02:00,34.579998,27.039999,11.809999,413,54.799999,22.1,6,2023-05-13
2023-05-13 12:32:00,34.32,26.849998,19.699999,413,54.799999,22.400002,6,2023-05-13
2023-05-13 13:02:00,33.039997,28.17,29.82,413,54.900002,22.6,6,2023-05-13
2023-05-13 13:32:00,33.07,27.129999,49.57,413,54.900002,22.900002,6,2023-05-13
2023-05-13 14:02:00,32.23,28.23,15.049999,413,54.900002,23.1,6,2023-05-13
2023-05-13 14:32:00,31.789999,27.769999,7.84,413,55.0,23.300001,6,2023-05-13
2023-05-13 15:02:00,27.969999,32.290001,6.97,413,55.0,23.5,6,2023-05-13
2023-05-13 15:32:00,26.339998,37.669998,2.59,413,55.0,23.5,6,2023-05-13
2023-05-13 16:02:00,25.799999,47.389999,7.01,413,55.0,23.5,6,2023-05-13
2023-05-13 16:32:00,26.989998,47.389999,4.18,413,54.900002,23.5,6,2023-05-13
2023-05-13 17:02:00,27.009998,47.559998,1.08,413,54.900002,23.5,6,2023-05-13
2023-05-13 17:32:00,24.979998,54.829998,0.81,413,54.799999,23.5,6,2023-05-13
2023-05-13 18:02:00,23.509998,62.48,1.4,413,54.799999,23.400002,6,2023-05-13
2023-05-13 18:32:00,22.939999,66.949997,0.3,413,54.700001,23.300001,6,2023-05-13
2023-05-13 19:02:00,22.079998,70.650002,0.02,413,54.700001,23.200001,6,2023-05-13
2023-05-13 19:32:00,21.269999,73.209999,0.0,413,54.600002,23.1,6,2023-05-13
2023-05-13 20:02:00,20.409998,71.75,0.0,413,54.5,23.0,6,2023-05-13
2023-05-13 20:32:00,19.669998,70.580002,0.0,413,54.5,22.800001,6,2023-05-13
2023-05-13 21:02:00,18.889999,72.889999,0.0,413,54.400002,22.6,6,2023-05-13
2023-05-13 21:32:00,18.189999,75.18,0.0,413,54.299999,22.5,6,2023-05-13
2023-05-13 22:02:00,17.629999,77.07,0.0,413,54.299999,22.300001,6,2023-05-13
2023-05-13 22:32:00,17.269999,78.029999,0.0,413,54.100002,22.1,6,2023-05-13
2023-05-13 23:02:00,16.919998,78.309998,0.0,413,54.100002,22.0,6,2023-05-13
2023-05-13 23:32:00,16.589998,78.589996,0.0,413,54.0,21.800001,6,2023-05-13
2023-05-14 00:02:00,16.259998,79.639999,0.0,413,54.0,21.6,6,2023-05-14
2023-05-14 00:32:00,15.999999,79.82,0.0,413,53.900002,21.5,6,2023-05-14
2023-05-14 01:02:00,15.679998,80.619995,0.0,413,53.799999,21.300001,6,2023-05-14
2023-05-14 01:32:00,15.429998,81.699997,0.0,413,53.700001,21.200001,6,2023-05-14
2023-05-14 02:02:00,15.189999,82.360001,0.0,413,53.600002,21.0,6,2023-05-14
2023-05-14 02:32:00,15.019999,82.599998,0.0,413,53.600002,20.900002,6,2023-05-14
2023-05-14 03:02:00,14.779999,82.389999,0.0,413,53.5,20.700001,6,2023-05-14
2023-05-14 03:32:00,14.499999,82.769997,0.0,413,53.5,20.6,6,2023-05-14
2023-05-14 04:02:00,14.339999,83.529999,0.07,413,53.400002,20.400002,6,2023-05-14
2023-05-14 04:32:00,14.349998,83.879997,0.71,413,53.299999,20.300001,6,2023-05-14
2023-05-14 05:02:00,14.909999,84.089996,2.48,413,53.200001,20.1,6,2023-05-14
2023-05-14 05:32:00,16.349998,82.139999,3.3,413,53.200001,20.0,6,2023-05-14
2023-05-14 06:02:00,18.329998,78.699997,5.05,413,53.100002,20.0,6,2023-05-14
2023-05-14 06:32:00,21.289999,71.0,9.559999,413,53.100002,20.0,6,2023-05-14
2023-05-14 07:02:00,24.889999,60.989998,11.639999,413,53.0,20.0,6,2023-05-14
2023-05-14 07:32:00,28.179998,54.079998,10.82,413,53.0,20.1,6,2023-05-14
2023-05-14 08:02:00,25.419998,43.329998,16.039999,413,53.0,20.200001,6,2023-05-14
2023-05-14 08:32:00,26.569998,41.869999,27.82,413,53.100002,20.400002,6,2023-05-14
2023-05-14 09:02:00,28.699999,37.629997,31.529999,413,53.100002,20.5,6,2023-05-14
2023-05-14 09:32:00,30.769999,33.610001,32.25,413,53.100002,20.700001,6,2023-05-14
2023-05-14 10:02:00,32.16,31.23,39.169998,413,53.100002,21.0,6,2023-05-14
2023-05-14 10:32:00,34.299999,27.849998,41.290001,413,53.100002,21.300001,6,2023-05-14
2023-05-14 11:02:00,35.25,24.869999,43.279999,413,53.200001,21.6,6,2023-05-14
2023-05-14 11:32:00,35.919998,22.67,28.519999,413,53.299999,22.0,6,2023-05-14
2023-05-14 12:02:00,36.369999,20.1,39.529999,413,53.299999,22.300001,6,2023-05-14
2023-05-14 12:32:00,37.5,16.690001,36.969997,428,53.299999,22.6,6,2023-05-14
2023-05-14 13:02:00,38.309998,15.58,48.43,450,53.400002,22.800001,6,2023-05-14
2023-05-14 13:32:00,36.009998,14.809999,38.18,413,53.5,23.1,6,2023-05-14
2023-05-14 14:02:00,35.16,15.07,38.079998,413,53.5,23.300001,6,2023-05-14
2023-05-14 14:32:00,35.419998,13.41,34.799999,413,53.5,23.5,6,2023-05-14
2023-05-14 15:02:00,35.169998,13.66,27.66,413,53.5,23.6,6,2023-05-14
2023-05-14 15:32:00,33.23,14.57,13.0,413,53.5,23.700001,6,2023-05-14
2023-05-14 16:02:00,32.449997,15.2,3.97,413,53.600002,23.800001,6,2023-05-14
2023-05-14 16:32:00,34.709999,19.809999,3.06,413,53.600002,23.900002,6,2023-05-14
2023-05-14 17:02:00,35.75,21.279999,2.41,413,53.600002,24.0,6,2023-05-14
2023-05-14 17:32:00,34.929996,22.17,1.7,413,53.600002,24.1,6,2023-05-14
2023-05-14 18:02:00,32.679996,24.029999,1.52,413,53.600002,24.1,6,2023-05-14
2023-05-14 18:32:00,30.069998,27.289999,0.41,413,53.600002,24.1,6,2023-05-14
2023-05-14 19:02:00,26.549999,35.02,0.03,413,53.600002,24.1,6,2023-05-14
2023-05-14 19:32:00,24.059999,39.559998,0.0,413,53.600002,24.0,6,2023-05-14
2023-05-14 20:02:00,22.639999,43.849998,0.0,413,53.600002,24.0,6,2023-05-14
2023-05-14 20:32:00,21.709999,46.049999,0.0,413,53.5,23.800001,6,2023-05-14
2023-05-14 21:02:00,21.029999,47.529999,0.0,413,53.5,23.6,6,2023-05-14
2023-05-14 21:32:00,20.579998,47.029999,0.0,413,53.400002,23.5,6,2023-05-14
2023-05-14 22:02:00,20.369999,46.939999,0.0,413,53.299999,23.300001,6,2023-05-14
2023-05-14 22:32:00,20.169998,46.029999,0.0,413,53.299999,23.1,6,2023-05-14
2023-05-14 23:02:00,19.849998,46.09,0.0,413,53.200001,23.0,6,2023-05-14
2023-05-14 23:32:00,19.609999,47.739998,0.0,413,53.100002,22.800001,6,2023-05-14
2023-05-15 00:02:00,19.449999,48.739998,0.0,413,53.0,22.6,6,2023-05-15
2023-05-15 00:32:00,19.289999,50.09,0.0,413,52.900002,22.5,6,2023-05-15
2023-05-15 01:02:00,19.219999,49.969997,0.0,413,52.900002,22.300001,6,2023-05-15
2023-05-15 01:32:00,18.989998,51.139999,0.0,413,52.799999,22.200001,6,2023-05-15
2023-05-15 02:02:00,18.739998,53.07,0.0,413,52.799999,22.1,6,2023-05-15
2023-05-15 02:32:00,18.199999,55.699997,0.0,413,52.700001,22.0,6,2023-05-15
2023-05-15 03:02:00,17.73,58.16,0.0,413,52.600002,21.800001,6,2023-05-15
2023-05-15 03:32:00,17.329998,61.289997,0.0,413,52.600002,21.6,6,2023-05-15
2023-05-15 04:02:00,17.049999,64.489998,0.06,413,52.5,21.5,6,2023-05-15
2023-05-15 04:32:00,17.119999,65.669998,0.66,413,52.400002,21.400002,6,2023-05-15
2023-05-15 05:02:00,17.879999,62.489998,1.27,413,52.400002,21.300001,6,2023-05-15
2023-05-15 05:32:00,18.849998,59.969997,1.85,413,52.299999,21.1,6,2023-05-15
2023-05-15 06:02:00,19.689999,59.18,2.42,413,52.299999,21.1,6,2023-05-15
2023-05-15 06:32:00,20.98,56.169998,3.24,413,52.200001,21.0,6,2023-05-15
2023-05-15 07:02:00,21.579998,53.59,2.13,413,52.200001,21.0,6,2023-05-15
2023-05-15 07:32:00,21.439999,54.779999,2.24,413,52.100002,21.0,6,2023-05-15
2023-05-15 08:02:00,21.309999,58.57,1.92,413,52.100002,21.0,6,2023-05-15
2023-05-15 08:32:00,20.629999,60.73,1.88,413,52.100002,20.900002,6,2023-05-15
2023-05-15 09:02:00,20.219999,64.919998,3.07,413,52.100002,20.900002,6,2023-05-15
2023-05-15 09:32:00,22.119999,63.059998,13.65,413,52.0,20.800001,6,2023-05-15
2023-05-15 10:02:00,26.449999,60.299999,13.59,413,52.0,20.900002,6,2023-05-15
2023-05-15 10:32:00,27.469999,38.829998,13.549999,413,52.0,21.1,6,2023-05-15
2023-05-15 11:02:00,31.949999,34.469997,17.18,413,51.799999,21.300001,6,2023-05-15
2023-05-15 11:32:00,34.419998,27.539999,13.469999,413,51.799999,21.5,6,2023-05-15
2023-05-15 12:02:00,34.059998,25.73,25.34,413,52.0,21.900002,6,2023-05-15
2023-05-15 12:32:00,36.23,22.639999,38.689999,413,52.0,22.200001,6,2023-05-15
2023-05-15 13:02:00,37.429996,21.65,35.610001,436,52.100002,22.6,6,2023-05-15
2023-05-15 13:32:00,37.5,18.809999,19.98,413,52.100002,23.0,6,2023-05-15
2023-05-15 14:02:00,36.469997,18.9,27.4,413,52.200001,23.300001,6,2023-05-15
2023-05-15 14:32:00,35.349998,19.73,32.649998,413,52.400002,23.700001,6,2023-05-15
2023-05-15 15:02:00,35.119999,17.74,25.379999,413,52.799999,23.900002,6,2023-05-15
2023-05-15 15:32:00,32.789997,17.49,14.549999,413,53.600002,24.1,6,2023-05-15
2023-05-15 16:02:00,30.229998,17.719999,7.1,413,55.900002,24.1,6,2023-05-15
2023-05-15 16:32:00,28.619999,20.52,4.77,413,57.200001,24.200001,6,2023-05-15
2023-05-15 17:02:00,30.459999,24.25,3.69,413,57.700001,24.1,6,2023-05-15
2023-05-15 17:32:00,31.029999,26.789999,2.86,413,58.0,24.1,6,2023-05-15
2023-05-15 18:02:00,29.699999,30.859999,1.47,413,58.200001,24.1,6,2023-05-15
2023-05-15 18:32:00,27.189999,33.48,0.59,413,58.299999,24.0,6,2023-05-15
2023-05-15 19:02:00,23.799999,39.700001,0.05,413,58.299999,23.800001,6,2023-05-15
2023-05-15 19:32:00,21.609999,46.68,0.0,413,58.299999,23.700001,6,2023-05-15
2023-05-15 20:02:00,20.499998,50.209999,0.0,413,58.299999,23.5,6,2023-05-15
2023-05-15 20:32:00,19.579998,53.239998,0.0,413,58.299999,23.300001,6,2023-05-15
2023-05-15 21:02:00,18.4,58.199997,0.0,413,58.299999,23.1,6,2023-05-15
2023-05-15 21:32:00,17.219999,61.98,0.0,413,58.299999,23.0,6,2023-05-15
2023-05-15 22:02:00,16.359999,66.07,0.0,413,58.299999,22.700001,6,2023-05-15
2023-05-15 22:32:00,16.119999,67.639999,0.0,413,58.200001,22.5,6,2023-05-15
2023-05-15 23:02:00,15.619999,68.860001,0.0,413,58.100002,22.300001,6,2023-05-15
2023-05-15 23:32:00,15.219998,69.089996,0.0,413,58.100002,22.1,6,2023-05-15
2023-05-16 00:02:00,14.659999,69.849998,0.0,413,58.100002,21.900002,6,2023-05-16
2023-05-16 00:32:00,14.209999,71.549995,0.0,413,58.0,21.700001,6,2023-05-16
2023-05-16 01:02:00,14.239999,70.879997,0.0,413,57.900002,21.5,6,2023-05-16
2023-05-16 01:32:00,14.139998,72.129997,0.0,413,57.900002,21.300001,6,2023-05-16
2023-05-16 02:02:00,13.869999,72.519997,0.0,413,57.799999,21.1,6,2023-05-16
2023-05-16 02:32:00,13.439999,73.189995,0.0,413,57.700001,21.0,6,2023-05-16
2023-05-16 03:02:00,13.279999,74.559998,0.0,413,57.700001,20.800001,6,2023-05-16
2023-05-16 03:32:00,13.629999,74.849998,0.0,413,57.600002,20.6,6,2023-05-16
2023-05-16 04:02:00,14.109999,74.040001,0.01,413,57.600002,20.400002,6,2023-05-16
2023-05-16 04:32:00,14.329999,75.299995,0.32,413,57.600002,20.300001,6,2023-05-16
2023-05-16 05:02:00,14.479999,76.540001,0.21,413,57.400002,20.1,6,2023-05-16
2023-05-16 05:32:00,14.909999,76.509995,1.03,413,57.400002,20.0,6,2023-05-16
2023-05-16 06:02:00,15.409999,73.559998,0.98,413,57.400002,20.0,6,2023-05-16
2023-05-16 06:32:00,16.039999,73.010002,1.14,413,57.400002,19.800001,6,2023-05-16
2023-05-16 07:02:00,16.919998,70.299995,7.84,413,57.299999,19.700001,6,2023-05-16
2023-05-16 07:32:00,17.669998,67.489998,1.23,413,57.299999,19.700001,6,2023-05-16
2023-05-16 08:02:00,17.379999,68.150002,1.37,413,57.200001,19.6,6,2023-05-16
2023-05-16 08:32:00,17.239998,68.309998,1.89,413,57.200001,19.6,6,2023-05-16
2023-05-16 09:02:00,17.699999,67.459999,5.17,413,57.200001,19.6,6,2023-05-16
2023-05-16 09:32:00,18.409998,63.489998,1.07,413,57.200001,19.5,6,2023-05-16
2023-05-16 10:02:00,17.749998,63.209999,2.07,413,57.200001,19.5,6,2023-05-16
2023-05-16 10:32:00,17.349998,61.949997,1.25,413,57.100002,19.5,6,2023-05-16
2023-05-16 11:02:00,18.15,61.099998,9.54,413,57.0,19.400002,6,2023-05-16
2023-05-16 11:32:00,19.509998,57.279999,5.11,413,57.0,19.400002,6,2023-05-16
2023-05-16 12:02:00,19.519999,56.619999,3.93,413,57.0,19.5,6,2023-05-16
2023-05-16 12:32:00,18.879999,57.099998,1.3,413,57.0,19.400002,6,2023-05-16
2023-05-16 13:02:00,17.619999,58.91,1.47,413,57.0,19.400002,6,2023-05-16
2023-05-16 13:32:00,17.15,51.009998,2.44,413,57.0,19.400002,6,2023-05-16
2023-05-16 14:02:00,16.189999,47.23,1.42,413,56.900002,19.300001,6,2023-05-16
2023-05-16 14:32:00,15.719998,53.259998,0.87,413,56.900002,19.300001,6,2023-05-16
2023-05-16 15:02:00,15.629999,62.299999,0.67,413,56.900002,19.200001,6,2023-05-16
2023-05-16 15:32:00,15.379999,66.799995,3.37,413,56.799999,19.1,6,2023-05-16
2023-05-16 16:02:00,17.579998,62.169998,3.65,413,56.799999,19.1,6,2023-05-16
2023-05-16 16:32:00,18.869999,58.48,3.4,413,56.799999,19.1,6,2023-05-16
2023-05-16 17:02:00,18.909998,56.809998,3.65,413,56.799999,19.1,6,2023-05-16
2023-05-16 17:32:00,19.249998,56.509998,3.33,413,56.799999,19.0,6,2023-05-16
2023-05-16 18:02:00,19.159998,56.919998,1.76,413,56.799999,19.1,6,2023-05-16
2023-05-16 18:32:00,17.959999,61.879997,0.8,413,56.700001,19.0,6,2023-05-16
2023-05-16 19:02:00,16.239998,67.459999,0.05,413,56.700001,19.0,6,2023-05-16
2023-05-16 19:32:00,14.649999,72.169998,0.0,413,56.700001,19.0,6,2023-05-16
2023-05-16 20:02:00,13.449999,75.580002,0.0,413,56.600002,18.800001,6,2023-05-16
2023-05-16 20:32:00,12.669999,77.610001,0.0,413,56.600002,18.800001,6,2023-05-16
2023-05-16 21:02:00,12.169999,78.509995,0.0,413,56.5,18.6,6,2023-05-16
2023-05-16 21:32:00,11.729999,79.619995,0.0,413,56.5,18.5,6,2023-05-16
2023-05-16 22:02:00,11.309999,79.610001,0.0,413,56.400002,18.400002,6,2023-05-16
2023-05-16 22:32:00,10.869999,80.159996,0.0,413,56.400002,18.300001,6,2023-05-16
2023-05-16 23:02:00,10.519999,80.909996,0.0,413,56.400002,18.1,6,2023-05-16
2023-05-16 23:32:00,10.489999,82.529999,0.0,413,56.299999,18.0,6,2023-05-16
2023-05-17 00:02:00,10.599998,83.68,0.0,413,56.299999,17.900002,6,2023-05-17
2023-05-17 00:32:00,10.529999,82.629997,0.0,413,56.200001,17.800001,6,2023-05-17
2023-05-17 01:02:00,10.289999,82.860001,0.0,413,56.100002,17.6,6,2023-05-17
2023-05-17 01:32:00,9.919999,81.409996,0.0,413,56.100002,17.5,6,2023-05-17
2023-05-17 02:02:00,9.479999,82.389999,0.0,413,56.100002,17.400002,6,2023-05-17
2023-05-17 02:32:00,9.339999,83.019997,0.0,413,56.0,17.300001,6,2023-05-17
2023-05-17 03:02:00,9.109999,82.019997,0.0,413,55.900002,17.1,6,2023-05-17
2023-05-17 03:32:00,8.809999,83.779999,0.0,413,55.900002,17.0,6,2023-05-17
2023-05-17 04:02:00,8.889998,85.019997,0.11,413,55.799999,16.900002,6,2023-05-17
2023-05-17 04:32:00,9.189999,85.57,0.65,413,55.799999,16.800001,6,2023-05-17
2023-05-17 05:02:00,9.879999,85.389999,1.68,413,55.700001,16.6,6,2023-05-17
2023-05-17 05:32:00,10.859999,82.549995,2.52,413,55.700001,16.6,6,2023-05-17
2023-05-17 06:02:00,14.149999,79.019997,7.67,413,55.700001,16.5,6,2023-05-17
2023-05-17 06:32:00,17.989998,66.519997,5.05,413,55.600002,16.5,6,2023-05-17
2023-05-17 07:02:00,20.169998,64.57,7.77,413,55.600002,16.5,6,2023-05-17
2023-05-17 07:32:00,22.529999,59.689999,9.61,413,55.600002,16.6,6,2023-05-17
2023-05-17 08:02:00,24.669998,54.399998,10.71,413,55.700001,16.800001,6,2023-05-17
2023-05-17 08:32:00,26.289999,51.239998,10.809999,413,55.700001,17.0,6,2023-05-17
2023-05-17 09:02:00,29.539999,47.84,32.239998,413,55.799999,17.300001,6,2023-05-17
2023-05-17 09:32:00,32.289997,23.309999,33.259998,413,55.799999,17.5,6,2023-05-17
2023-05-17 10:02:00,34.189999,17.709999,35.540001,413,55.900002,17.900002,6,2023-05-17
2023-05-17 10:32:00,36.929996,15.92,42.5,421,55.900002,18.300001,6,2023-05-17
2023-05-17 11:02:00,35.899998,16.27,40.200001,436,56.100002,18.800001,6,2023-05-17
2023-05-17 11:32:00,38.919998,15.549999,29.179998,443,56.200001,19.200001,6,2023-05-17
2023-05-17 12:02:00,36.939999,13.95,33.48,447,56.299999,19.700001,6,2023-05-17
2023-05-17 12:32:00,39.829998,15.24,37.849998,466,56.400002,20.200001,6,2023-05-17
2023-05-17 13:02:00,41.029999,14.03,47.639999,491,56.5,20.800001,6,2023-05-17
2023-05-17 13:32:00,41.859997,11.3,35.549999,491,56.600002,21.300001,6,2023-05-17
2023-05-17 14:02:00,41.649998,14.549999,39.469997,463,56.799999,21.800001,6,2023-05-17
2023-05-17 14:32:00,40.959999,14.91,34.809998,440,56.900002,22.300001,6,2023-05-17
2023-05-17 15:02:00,40.379997,13.139999,28.949999,445,57.0,22.6,6,2023-05-17
2023-05-17 15:32:00,37.829998,14.08,14.03,458,57.0,23.0,6,2023-05-17
2023-05-17 16:02:00,35.23,14.15,10.389999,417,57.100002,23.200001,6,2023-05-17
2023-05-17 16:32:00,34.23,19.809999,9.73,413,57.100002,23.300001,6,2023-05-17
2023-05-17 17:02:00,34.759998,22.16,6.6,413,57.200001,23.5,6,2023-05-17
2023-05-17 17:32:00,34.869999,23.51,3.81,413,57.200001,23.6,6,2023-05-17
2023-05-17 18:02:00,32.799999,30.939999,1.54,413,57.200001,23.700001,6,2023-05-17
2023-05-17 18:32:00,29.109999,36.419998,0.58,413,57.200001,23.700001,6,2023-05-17
2023-05-17 19:02:00,25.369999,43.5,0.05,413,57.200001,23.6,6,2023-05-17
2023-05-17 19:32:00,22.999998,46.450001,0.0,413,57.100002,23.5,6,2023-05-17
2023-05-17 20:02:00,21.699999,48.289997,0.0,413,57.0,23.400002,6,2023-05-17
2023-05-17 20:32:00,20.789999,49.579998,0.0,413,56.900002,23.200001,6,2023-05-17
2023-05-17 21:02:00,20.089998,51.279999,0.0,413,56.799999,23.0,6,2023-05-17
2023-05-17 21:32:00,19.539999,55.549999,0.0,413,56.799999,22.800001,6,2023-05-17
2023-05-17 22:02:00,18.949999,59.419998,0.0,413,56.700001,22.6,6,2023-05-17
2023-05-17 22:32:00,18.429998,63.349998,0.0,413,56.600002,22.5,6,2023-05-17
2023-05-17 23:02:00,17.849998,66.189995,0.0,413,56.5,22.300001,6,2023-05-17
2023-05-17 23:32:00,16.98,69.169998,0.0,413,56.5,22.1,6,2023-05-17
2023-05-18 00:02:00,16.239998,71.909996,0.0,413,56.400002,21.900002,6,2023-05-18
2023-05-18 00:32:00,15.509998,73.059998,0.0,413,56.299999,21.700001,6,2023-05-18
2023-05-18 01:02:00,14.979999,74.75,0.0,413,56.299999,21.5,6,2023-05-18
2023-05-18 01:32:00,14.559999,75.689995,0.0,413,56.100002,21.300001,6,2023-05-18
2023-05-18 02:02:00,14.209999,76.689995,0.0,413,56.100002,21.1,6,2023-05-18
2023-05-18 02:32:00,13.869999,77.409996,0.0,413,56.0,21.0,6,2023-05-18
2023-05-18 03:02:00,13.499999,78.099998,0.0,413,55.900002,20.800001,6,2023-05-18
2023-05-18 03:32:00,13.219998,79.409996,0.0,413,55.900002,20.6,6,2023-05-18
2023-05-18 04:02:00,12.939999,79.720001,0.12,413,55.799999,20.400002,6,2023-05-18
2023-05-18 04:32:00,12.889998,80.549995,0.94,413,55.700001,20.200001,6,2023-05-18
2023-05-18 05:02:00,13.309999,80.989998,1.59,413,55.600002,20.0,6,2023-05-18
2023-05-18 05:32:00,14.239999,80.860001,3.32,413,55.5,19.900002,6,2023-05-18
2023-05-18 06:02:00,15.809999,79.729996,5.95,413,55.5,19.800001,6,2023-05-18
2023-05-18 06:32:00,18.139999,75.049995,5.96,413,55.400002,19.6,6,2023-05-18
2023-05-18 07:02:00,21.079998,68.18,8.52,413,55.400002,19.6,6,2023-05-18
2023-05-18 07:32:00,24.489998,57.27,10.78,413,55.400002,19.6,6,2023-05-18
2023-05-18 08:02:00,29.259998,47.82,17.940001,413,55.400002,19.700001,6,2023-05-18
2023-05-18 08:32:00,30.409998,31.769999,24.5,413,55.400002,19.900002,6,2023-05-18
2023-05-18 09:02:00,29.539999,30.92,32.25,413,55.400002,20.1,6,2023-05-18
2023-05-18 09:32:00,31.639997,27.269999,34.489998,413,55.400002,20.300001,6,2023-05-18
2023-05-18 10:02:00,32.119999,27.689999,34.66,413,55.400002,20.6,6,2023-05-18
2023-05-18 10:32:00,32.57,23.43,41.669998,413,55.400002,20.900002,6,2023-05-18
2023-05-18 11:02:00,33.219997,20.609999,5.91,413,55.400002,21.200001,6,2023-05-18
2023-05-18 11:32:00,34.73,17.83,6.8,413,55.5,21.5,6,2023-05-18
2023-05-18 12:02:00,35.009998,15.38,6.74,413,55.5,21.700001,6,2023-05-18
2023-05-18 12:32:00,35.009998,16.029999,7.31,413,55.5,21.900002,6,2023-05-18
2023-05-18 13:02:00,36.48,12.5,8.77,413,55.5,22.1,6,2023-05-18
2023-05-18 13:32:00,35.209999,12.53,6.65,413,55.600002,22.300001,6,2023-05-18
2023-05-18 14:02:00,32.219997,13.24,8.37,413,55.700001,22.5,6,2023-05-18
2023-05-18 14:32:00,33.689999,12.28,2.94,413,55.600002,22.6,6,2023-05-18
2023-05-18 15:02:00,33.16,13.07,20.59,413,55.600002,22.800001,6,2023-05-18
2023-05-18 15:32:00,35.639999,11.66,10.05,413,55.600002,22.900002,6,2023-05-18
2023-05-18 16:02:00,33.849998,12.799999,2.7,413,55.700001,23.0,6,2023-05-18
2023-05-18 16:32:00,31.369999,16.809999,7.75,413,55.600002,23.1,6,2023-05-18
2023-05-18 17:02:00,31.399998,23.639999,5.39,413,55.600002,23.1,6,2023-05-18
2023-05-18 17:32:00,32.109997,27.08,3.81,413,55.600002,23.200001,6,2023-05-18
2023-05-18 18:02:00,31.319998,29.429998,1.84,413,55.600002,23.300001,6,2023-05-18
2023-05-18 18:32:00,28.819998,33.09,0.71,413,55.600002,23.300001,6,2023-05-18
2023-05-18 19:02:00,25.319998,39.549999,0.06,413,55.600002,23.200001,6,2023-05-18
2023-05-18 19:32:00,22.109999,49.07,0.0,413,55.5,23.1,6,2023-05-18
2023-05-18 20:02:00,20.259998,54.949997,0.0,413,55.5,23.0,6,2023-05-18
2023-05-18 20:32:00,19.379999,59.559998,0.0,413,55.5,22.900002,6,2023-05-18
2023-05-18 21:02:00,18.349998,61.649998,0.0,413,55.400002,22.700001,6,2023-05-18
2023-05-18 21:32:00,17.609999,64.93,0.0,413,55.400002,22.6,6,2023-05-18
2023-05-18 22:02:00,17.299999,66.189995,0.0,413,55.200001,22.400002,6,2023-05-18
2023-05-18 22:32:00,16.949999,69.0,0.0,413,55.200001,22.200001,6,2023-05-18
2023-05-18 23:02:00,16.519999,69.400002,0.0,413,55.100002,22.0,6,2023-05-18
2023-05-18 23:32:00,16.119999,70.0,0.0,413,55.0,21.800001,6,2023-05-18
2023-05-19 00:02:00,15.619999,71.139999,0.0,413,55.0,21.6,6,2023-05-19
2023-05-19 00:32:00,15.229999,73.909996,0.0,413,54.900002,21.5,6,2023-05-19
2023-05-19 01:02:00,14.859999,73.970001,0.0,413,54.799999,21.300001,6,2023-05-19
2023-05-19 01:32:00,14.479999,75.290001,0.0,413,54.700001,21.1,6,2023-05-19
2023-05-19 02:02:00,14.169999,75.959999,0.0,413,54.700001,21.0,6,2023-05-19
2023-05-19 02:32:00,13.879999,76.379997,0.0,413,54.600002,20.800001,6,2023-05-19
2023-05-19 03:02:00,13.779999,78.869995,0.0,413,54.5,20.6,6,2023-05-19
2023-05-19 03:32:00,13.579999,78.019997,0.0,413,54.5,20.5,6,2023-05-19
2023-05-19 04:02:00,13.459999,78.659996,0.11,413,54.400002,20.300001,6,2023-05-19
2023-05-19 04:32:00,13.649999,79.139999,0.81,413,54.299999,20.1,6,2023-05-19
2023-05-19 05:02:00,14.299999,79.93,1.93,413,54.299999,20.0,6,2023-05-19
2023-05-19 05:32:00,15.669999,78.459999,3.5,413,54.200001,19.900002,6,2023-05-19
2023-05-19 06:02:00,18.459999,73.199997,5.78,413,54.100002,19.800001,6,2023-05-19
2023-05-19 06:32:00,22.349998,61.609997,8.66,413,54.100002,19.800001,6,2023-05-19
2023-05-19 07:02:00,26.239998,51.860001,10.27,413,54.100002,19.800001,6,2023-05-19
2023-05-19 07:32:00,29.559998,45.41,9.21,413,54.0,19.900002,6,2023-05-19
2023-05-19 08:02:00,29.679998,26.689999,18.440001,413,54.0,20.1,6,2023-05-19
2023-05-19 08:32:00,31.639997,21.77,25.519999,413,54.0,20.300001,6,2023-05-19
2023-05-19 09:02:00,32.989998,20.959999,21.85,413,54.0,20.5,6,2023-05-19
2023-05-19 09:32:00,33.829998,18.33,25.559999,413,54.0,20.800001,6,2023-05-19
2023-05-19 10:02:00,34.66,16.049999,13.19,413,54.0,21.1,6,2023-05-19
2023-05-19 10:32:00,34.039997,16.119999,8.309999,413,54.100002,21.5,6,2023-05-19
2023-05-19 11:02:00,35.289997,12.73,6.54,413,54.200001,21.700001,6,2023-05-19
2023-05-19 11:32:00,35.629997,13.349999,6.85,413,54.200001,22.0,6,2023-05-19
2023-05-19 12:02:00,34.699997,13.17,7.23,413,54.299999,22.200001,6,2023-05-19
2023-05-19 12:32:00,33.779999,13.69,7.44,413,54.299999,22.400002,6,2023-05-19
2023-05-19 13:02:00,34.009998,13.759999,7.48,413,54.299999,22.6,6,2023-05-19
2023-05-19 13:32:00,33.419998,13.66,6.55,413,54.299999,22.800001,6,2023-05-19
2023-05-19 14:02:00,34.699997,12.15,4.75,413,54.299999,23.0,6,2023-05-19
2023-05-19 14:32:00,33.429996,14.259999,4.84,413,54.299999,23.1,6,2023-05-19
2023-05-19 15:02:00,32.66,15.17,5.45,413,54.400002,23.200001,6,2023-05-19
2023-05-19 15:32:00,31.999998,17.129999,14.849999,413,54.299999,23.300001,6,2023-05-19
2023-05-19 16:02:00,30.729998,18.609999,8.02,413,54.299999,23.400002,6,2023-05-19
2023-05-19 16:32:00,29.729998,25.609999,4.99,413,54.299999,23.5,6,2023-05-19
2023-05-19 17:02:00,30.749998,25.629999,5.1,413,54.299999,23.5,6,2023-05-19
2023-05-19 17:32:00,31.029999,28.549999,2.9,413,54.400002,23.6,6,2023-05-19
2023-05-19 18:02:00,29.849998,32.48,1.41,413,54.400002,23.6,6,2023-05-19
2023-05-19 18:32:00,27.799999,36.959999,0.43,413,54.400002,23.6,6,2023-05-19
2023-05-19 19:02:00,25.709999,41.98,0.04,413,54.400002,23.6,6,2023-05-19
2023-05-19 19:32:00,24.349998,47.75,0.0,413,54.400002,23.5,6,2023-05-19
2023-05-19 20:02:00,23.619999,50.34,0.0,413,54.299999,23.400002,6,2023-05-19
2023-05-19 20:32:00,22.999998,51.189999,0.0,413,54.299999,23.300001,6,2023-05-19
2023-05-19 21:02:00,22.489998,51.43,0.0,413,54.200001,23.200001,6,2023-05-19
2023-05-19 21:32:00,21.519999,53.959999,0.0,413,54.200001,23.1,6,2023-05-19
2023-05-19 22:02:00,20.379999,59.709999,0.0,413,54.100002,23.0,6,2023-05-19
2023-05-19 22:32:00,19.73,64.720001,0.0,413,54.100002,22.800001,6,2023-05-19
2023-05-19 23:02:00,19.4,69.139999,0.0,413,54.0,22.700001,6,2023-05-19
2023-05-19 23:32:00,19.299999,71.689995,0.0,413,54.0,22.5,6,2023-05-19
2023-05-20 00:02:00,18.889999,74.239998,0.0,413,53.900002,22.400002,6,2023-05-20
2023-05-20 00:32:00,18.589998,76.869995,0.0,413,53.799999,22.300001,6,2023-05-20
2023-05-20 01:02:00,18.319998,78.629997,0.0,413,53.799999,22.1,6,2023-05-20
2023-05-20 01:32:00,17.989998,79.349998,0.0,413,53.700001,22.0,6,2023-05-20
2023-05-20 02:02:00,17.749998,80.939995,0.0,413,53.600002,21.800001,6,2023-05-20
2023-05-20 02:32:00,17.619999,82.269997,0.0,413,53.600002,21.6,6,2023-05-20
2023-05-20 03:02:00,17.459999,82.400002,0.0,413,53.5,21.6,6,2023-05-20
2023-05-20 03:32:00,17.239998,82.309998,0.0,413,53.5,21.400002,6,2023-05-20
2023-05-20 04:02:00,17.059999,82.509995,0.05,413,53.400002,21.300001,6,2023-05-20
2023-05-20 04:32:00,17.029999,82.650002,0.21,413,53.400002,21.1,6,2023-05-20
2023-05-20 05:02:00,17.159998,81.439995,0.57,413,53.299999,21.0,6,2023-05-20
2023-05-20 05:32:00,17.439999,80.5,1.01,413,53.299999,20.900002,6,2023-05-20
2023-05-20 06:02:00,17.959999,79.759995,2.12,413,53.200001,20.800001,6,2023-05-20
2023-05-20 06:32:00,18.839998,76.970001,2.05,413,53.100002,20.700001,6,2023-05-20
2023-05-20 07:02:00,19.759998,73.619995,4.13,413,53.100002,20.6,6,2023-05-20
2023-05-20 07:32:00,21.019999,69.93,5.34,413,53.100002,20.6,6,2023-05-20
2023-05-20 08:02:00,22.999998,63.02,6.91,413,53.0,20.5,6,2023-05-20
2023-05-20 08:32:00,24.169998,60.859997,2.86,413,52.900002,20.6,6,2023-05-20
2023-05-20 09:02:00,23.919998,60.609997,7.54,413,52.900002,20.6,6,2023-05-20
2023-05-20 09:32:00,25.899998,53.5,9.91,413,54.100002,20.6,6,2023-05-20
2023-05-20 10:02:00,27.299999,44.529999,6.86,413,52.799999,20.700001,6,2023-05-20
2023-05-20 10:32:00,25.449999,45.539997,6.29,413,52.799999,20.800001,6,2023-05-20
2023-05-20 11:02:00,24.969999,45.329998,5.58,413,52.799999,20.800001,6,2023-05-20
2023-05-20 11:32:00,25.689999,42.389999,10.86,413,53.200001,20.900002,6,2023-05-20
2023-05-20 12:02:00,28.129999,40.27,11.96,413,52.799999,21.0,6,2023-05-20
2023-05-20 12:32:00,29.099998,33.239998,11.96,413,52.700001,21.1,6,2023-05-20
2023-05-20 13:02:00,30.339998,32.57,11.53,413,52.600002,21.200001,6,2023-05-20
2023-05-20 13:32:00,29.979998,30.779999,8.559999,413,52.700001,21.300001,6,2023-05-20
2023-05-20 14:02:00,27.419998,29.82,11.679999,413,52.700001,21.5,6,2023-05-20
2023-05-20 14:32:00,26.599998,30.269999,11.23,413,52.700001,21.6,6,2023-05-20
2023-05-20 15:02:00,26.559998,34.579998,4.58,413,52.700001,21.6,6,2023-05-20
2023-05-20 15:32:00,27.309998,37.759998,6.05,413,52.700001,21.700001,6,2023-05-20
2023-05-20 16:02:00,27.919998,38.189999,4.73,413,52.700001,21.700001,6,2023-05-20
2023-05-20 16:32:00,27.379999,40.779999,3.67,413,52.700001,21.800001,6,2023-05-20
2023-05-20 17:02:00,26.159998,45.169998,2.05,413,52.799999,21.800001,6,2023-05-20
2023-05-20 17:32:00,24.509998,49.869999,1.52,413,52.700001,21.800001,6,2023-05-20
2023-05-20 18:02:00,22.999998,54.110001,1.07,413,52.700001,21.700001,6,2023-05-20
2023-05-20 18:32:00,21.699999,58.259998,0.42,413,52.700001,21.6,6,2023-05-20
2023-05-20 19:02:00,20.289999,63.009998,0.05,413,52.600002,21.6,6,2023-05-20
2023-05-20 19:32:00,19.209999,68.400002,0.0,413,52.600002,21.5,6,2023-05-20
2023-05-20 20:02:00,18.459999,71.059998,0.0,413,52.600002,21.400002,6,2023-05-20
2023-05-20 20:32:00,18.039999,73.479996,0.0,413,52.5,21.300001,6,2023-05-20
2023-05-20 21:02:00,17.749998,74.949997,0.0,413,52.400002,21.200001,6,2023-05-20
2023-05-20 21:32:00,17.549999,76.009995,0.0,413,52.400002,21.1,6,2023-05-20
2023-05-20 22:02:00,17.289999,77.0,0.0,413,52.400002,21.0,6,2023-05-20
2023-05-20 22:32:00,16.989998,78.0,0.0,413,52.299999,20.800001,6,2023-05-20
2023-05-20 23:02:00,16.429998,80.220001,0.0,413,52.299999,20.700001,6,2023-05-20
2023-05-20 23:32:00,16.329998,80.189995,0.0,413,52.299999,20.6,6,2023-05-20
2023-05-21 00:02:00,16.239998,81.659996,0.0,413,52.200001,20.5,6,2023-05-21
2023-05-21 00:32:00,16.049999,81.540001,0.0,413,52.100002,20.400002,6,2023-05-21
2023-05-21 01:02:00,15.679998,81.57,0.0,413,52.100002,20.300001,6,2023-05-21
2023-05-21 01:32:00,15.099998,81.809998,0.0,413,52.0,20.1,6,2023-05-21
2023-05-21 02:02:00,14.569999,82.439995,0.0,413,52.0,20.0,6,2023-05-21
2023-05-21 02:32:00,14.199999,83.199997,0.0,413,52.0,19.900002,6,2023-05-21
2023-05-21 03:02:00,13.879999,83.529999,0.0,413,51.799999,19.800001,6,2023-05-21
2023-05-21 03:32:00,13.649999,83.650002,0.0,413,51.799999,19.6,6,2023-05-21
2023-05-21 04:02:00,13.399999,84.220001,0.1,413,51.700001,19.5,6,2023-05-21
2023-05-21 04:32:00,13.419999,85.25,0.53,413,51.600002,19.400002,6,2023-05-21
2023-05-21 05:02:00,13.779999,85.689995,1.25,413,51.600002,19.200001,6,2023-05-21
2023-05-21 05:32:00,14.609999,85.18,2.21,413,51.600002,19.1,6,2023-05-21
2023-05-21 06:02:00,15.899999,83.339996,3.16,413,51.5,19.1,6,2023-05-21
2023-05-21 06:32:00,17.389999,79.509995,4.78,413,51.5,19.0,6,2023-05-21
2023-05-21 07:02:00,19.449999,75.129997,6.8,413,51.5,19.0,6,2023-05-21
2023-05-21 07:32:00,22.259998,64.510002,8.65,413,51.400002,19.0,6,2023-05-21
2023-05-21 08:02:00,25.319998,55.629997,11.929999,413,51.400002,19.1,6,2023-05-21
2023-05-21 08:32:00,28.569998,48.739998,15.679999,413,51.299999,19.200001,6,2023-05-21
2023-05-21 09:02:00,31.089998,38.84,11.88,413,51.299999,19.400002,6,2023-05-21
2023-05-21 09:32:00,24.559999,47.110001,11.66,413,51.400002,19.6,6,2023-05-21
2023-05-21 10:02:00,25.539999,52.66,13.91,413,51.400002,19.800001,6,2023-05-21
2023-05-21 10:32:00,26.959999,49.869999,39.369999,413,51.400002,19.900002,6,2023-05-21
2023-05-21 11:02:00,27.579998,49.209999,35.939999,413,51.400002,20.0,6,2023-05-21
2023-05-21 11:32:00,30.689999,41.469997,13.04,413,51.400002,20.200001,6,2023-05-21
2023-05-21 12:02:00,30.659998,47.149998,15.83,413,51.400002,20.300001,6,2023-05-21
2023-05-21 12:32:00,29.369999,35.829998,3.04,413,51.400002,20.6,6,2023-05-21
2023-05-21 13:02:00,30.229998,48.349998,18.99,413,51.400002,20.800001,6,2023-05-21
2023-05-21 13:32:00,35.309998,43.200001,46.200001,413,51.299999,21.0,6,2023-05-21
2023-05-21 14:02:00,37.439999,32.25,12.37,413,51.299999,21.300001,6,2023-05-21
2023-05-21 14:32:00,37.859997,32.23,37.66,413,51.299999,21.5,6,2023-05-21
2023-05-21 15:02:00,42.459999,29.039999,36.709999,448,51.100002,21.800001,6,2023-05-21
2023-05-21 15:32:00,36.109997,23.609999,19.299999,454,51.200001,22.1,6,2023-05-21
2023-05-21 16:02:00,30.939999,29.049999,7.55,413,51.299999,22.5,6,2023-05-21
2023-05-21 16:32:00,29.929998,33.98,6.5,413,51.5,22.6,6,2023-05-21
2023-05-21 17:02:00,31.709999,36.860001,7.08,413,51.600002,22.6,6,2023-05-21
2023-05-21 17:32:00,30.399998,36.32,0.14,413,51.600002,22.700001,6,2023-05-21
2023-05-21 18:02:00,24.719999,50.529999,0.13,413,51.700001,22.800001,6,2023-05-21
2023-05-21 18:32:00,21.759998,61.48,0.38,413,51.700001,22.700001,6,2023-05-21
2023-05-21 19:02:00,20.519999,66.669998,0.0,413,51.700001,22.6,6,2023-05-21
2023-05-21 19:32:00,19.639999,69.949997,0.0,413,51.600002,22.5,6,2023-05-21
2023-05-21 20:02:00,18.749998,73.360001,0.0,413,51.600002,22.300001,6,2023-05-21
2023-05-21 20:32:00,18.15,75.669998,0.0,413,51.5,22.1,6,2023-05-21
2023-05-21 21:02:00,17.749998,76.949997,0.0,413,51.5,22.0,6,2023-05-21
2023-05-21 21:32:00,17.049999,77.18,0.0,413,51.299999,21.800001,6,2023-05-21
2023-05-21 22:02:00,16.369999,78.959999,0.0,413,51.299999,21.6,6,2023-05-21
2023-05-21 22:32:00,15.809999,79.040001,0.0,413,51.200001,21.400002,6,2023-05-21
2023-05-21 23:02:00,15.279999,79.400002,0.0,413,51.100002,21.300001,6,2023-05-21
2023-05-21 23:32:00,14.809999,79.75,0.0,413,51.100002,21.1,6,2023-05-21
2023-05-22 00:02:00,14.389998,80.599998,0.0,413,51.0,20.800001,6,2023-05-22
2023-05-22 00:32:00,13.899999,80.459999,0.0,413,51.0,20.700001,6,2023-05-22
2023-05-22 01:02:00,13.619999,82.790001,0.0,413,50.900002,20.5,6,2023-05-22
2023-05-22 01:32:00,13.579999,83.529999,0.0,413,50.799999,20.300001,6,2023-05-22
2023-05-22 02:02:00,13.409999,83.269997,0.0,413,50.700001,20.1,6,2023-05-22
2023-05-22 02:32:00,13.099998,83.110001,0.0,413,50.700001,20.0,6,2023-05-22
2023-05-22 03:02:00,12.749999,83.470001,0.0,413,50.600002,19.800001,6,2023-05-22
2023-05-22 03:32:00,12.449999,83.720001,0.0,413,50.5,19.6,6,2023-05-22
2023-05-22 04:02:00,12.179998,83.610001,0.17,413,50.5,19.5,6,2023-05-22
2023-05-22 04:32:00,12.119999,84.580002,0.85,413,50.400002,19.300001,6,2023-05-22
2023-05-22 05:02:00,12.789999,86.400002,1.8,413,50.299999,19.1,6,2023-05-22
2023-05-22 05:32:00,14.589999,85.809998,4.04,413,50.299999,19.0,6,2023-05-22
2023-05-22 06:02:00,19.599998,73.879997,8.16,413,50.200001,18.900002,6,2023-05-22
2023-05-22 06:32:00,24.399998,60.329998,10.469999,413,50.200001,18.900002,6,2023-05-22
2023-05-22 07:02:00,28.179998,54.759998,10.24,413,50.100002,19.0,6,2023-05-22
2023-05-22 07:32:00,30.339998,52.360001,9.8,413,50.100002,19.1,6,2023-05-22
2023-05-22 08:02:00,29.409998,40.529999,20.619999,413,50.100002,19.300001,6,2023-05-22
2023-05-22 08:32:00,31.959999,35.079998,27.74,413,50.100002,19.5,6,2023-05-22
2023-05-22 09:02:00,33.449997,31.25,42.200001,413,50.100002,19.6,6,2023-05-22
2023-05-22 09:32:00,35.469997,29.26,41.43,413,50.200001,19.900002,6,2023-05-22
2023-05-22 10:02:00,36.59,26.559999,6.56,413,50.299999,20.1,6,2023-05-22
2023-05-22 10:32:00,34.769997,27.939999,12.61,413,50.700001,20.5,6,2023-05-22
2023-05-22 11:02:00,35.209999,24.549999,11.509999,413,51.0,20.700001,6,2023-05-22
2023-05-22 11:32:00,36.429996,20.68,14.719999,413,51.200001,21.0,6,2023-05-22
2023-05-22 12:02:00,36.23,15.79,16.949999,413,51.5,21.300001,6,2023-05-22
2023-05-22 12:32:00,34.709999,22.16,30.699999,413,51.700001,21.5,6,2023-05-22
2023-05-22 13:02:00,25.269999,32.829998,6.87,413,52.0,21.700001,6,2023-05-22
2023-05-22 13:32:00,27.759998,22.359999,4.66,413,52.100002,21.800001,6,2023-05-22
2023-05-22 14:02:00,24.899998,24.699999,4.57,413,52.299999,21.900002,6,2023-05-22
2023-05-22 14:32:00,25.999998,21.93,6.29,413,52.400002,21.900002,6,2023-05-22
2023-05-22 15:02:00,29.059998,22.48,7.5,413,52.400002,22.0,6,2023-05-22
2023-05-22 15:32:00,31.859999,19.129999,15.17,413,52.5,22.0,6,2023-05-22
2023-05-22 16:02:00,31.269999,19.209999,10.11,413,52.600002,22.1,6,2023-05-22
2023-05-22 16:32:00,32.519997,20.84,7.82,413,52.700001,22.300001,6,2023-05-22
2023-05-22 17:02:00,34.109997,25.17,4.38,413,52.799999,22.400002,6,2023-05-22
2023-05-22 17:32:00,33.73,23.359999,3.2,413,52.900002,22.5,6,2023-05-22
2023-05-22 18:02:00,32.439999,28.24,1.88,413,52.900002,22.6,6,2023-05-22
2023-05-22 18:32:00,29.889999,34.889999,0.83,413,53.100002,22.700001,6,2023-05-22
2023-05-22 19:02:00,26.169998,40.459999,0.13,413,53.100002,22.700001,6,2023-05-22
2023-05-22 19:32:00,22.789999,48.48,0.0,413,53.100002,22.6,6,2023-05-22
2023-05-22 20:02:00,20.639999,53.529999,0.0,413,53.100002,22.5,6,2023-05-22
2023-05-22 20:32:00,19.249998,57.549999,0.0,413,53.100002,22.400002,6,2023-05-22
2023-05-22 21:02:00,18.199999,60.899998,0.0,413,53.100002,22.200001,6,2023-05-22
2023-05-22 21:32:00,17.419998,63.489998,0.0,413,53.100002,22.0,6,2023-05-22
2023-05-22 22:02:00,16.739998,66.559998,0.0,413,53.0,21.800001,6,2023-05-22
2023-05-22 22:32:00,16.119999,68.209999,0.0,413,52.900002,21.6,6,2023-05-22
2023-05-22 23:02:00,15.609999,70.229996,0.0,413,52.900002,21.400002,6,2023-05-22
2023-05-22 23:32:00,15.139998,71.93,0.0,413,52.799999,21.200001,6,2023-05-22
2023-05-23 00:02:00,14.779999,73.25,0.0,413,52.799999,21.0,6,2023-05-23
2023-05-23 00:32:00,14.429998,74.159996,0.0,413,52.700001,20.800001,6,2023-05-23
2023-05-23 01:02:00,14.079999,75.029999,0.0,413,52.600002,20.6,6,2023-05-23
2023-05-23 01:32:00,13.729999,75.68,0.0,413,52.600002,20.5,6,2023-05-23
2023-05-23 02:02:00,13.429998,76.32,0.0,413,52.5,20.300001,6,2023-05-23
2023-05-23 02:32:00,13.179998,76.869995,0.0,413,52.400002,20.1,6,2023-05-23
2023-05-23 03:02:00,12.949999,77.119995,0.0,413,52.400002,19.900002,6,2023-05-23
2023-05-23 03:32:00,12.649999,78.290001,0.0,413,52.299999,19.700001,6,2023-05-23
2023-05-23 04:02:00,12.419999,79.07,0.2,413,52.299999,19.5,6,2023-05-23
2023-05-23 04:32:00,12.429998,79.639999,0.89,413,52.200001,19.300001,6,2023-05-23
2023-05-23 05:02:00,13.099998,80.610001,1.52,413,52.100002,19.200001,6,2023-05-23
2023-05-23 05:32:00,14.709999,78.409996,4.21,413,52.100002,19.1,6,2023-05-23
2023-05-23 06:02:00,20.049999,62.609997,8.77,413,52.100002,19.0,6,2023-05-23
2023-05-23 06:32:00,25.389999,51.75,10.349999,413,52.100002,19.0,6,2023-05-23
2023-05-23 07:02:00,29.239998,42.0,9.94,413,52.100002,19.0,6,2023-05-23
2023-05-23 07:32:00,31.449999,38.239998,8.04,413,52.100002,19.1,6,2023-05-23
2023-05-23 08:02:00,30.869999,25.849998,21.41,413,52.100002,19.300001,6,2023-05-23
2023-05-23 08:32:00,29.059998,26.279999,6.54,413,52.200001,19.6,6,2023-05-23
2023-05-23 09:02:00,28.059998,25.82,8.52,413,52.299999,19.800001,6,2023-05-23
2023-05-23 09:32:00,29.359999,24.219999,9.28,413,52.299999,20.1,6,2023-05-23
2023-05-23 10:02:00,29.819998,22.15,7.34,413,52.400002,20.300001,6,2023-05-23
2023-05-23 10:32:00,29.649998,20.25,9.0,413,52.400002,20.6,6,2023-05-23
2023-05-23 11:02:00,29.719999,19.41,8.41,413,52.400002,20.800001,6,2023-05-23
2023-05-23 11:32:00,30.149998,18.359999,9.03,413,52.600002,21.0,6,2023-05-23
2023-05-23 12:02:00,29.239998,19.449999,8.55,413,52.600002,21.300001,6,2023-05-23
2023-05-23 12:32:00,30.139997,19.689999,9.7,413,52.600002,21.5,6,2023-05-23
2023-05-23 13:02:00,30.739998,17.969999,10.42,413,52.700001,21.800001,6,2023-05-23
2023-05-23 13:32:00,30.859999,19.139999,10.36,413,52.799999,22.0,6,2023-05-23
2023-05-23 14:02:00,31.319998,17.1,33.41,413,52.799999,22.1,6,2023-05-23
2023-05-23 14:32:00,31.859999,16.359999,29.65,413,52.799999,22.300001,6,2023-05-23
2023-05-23 15:02:00,31.509998,16.789999,26.199999,413,52.900002,22.5,6,2023-05-23
2023-05-23 15:32:00,32.039997,18.459999,12.83,413,52.900002,22.6,6,2023-05-23
2023-05-23 16:02:00,30.989998,17.029999,4.08,413,52.900002,22.800001,6,2023-05-23
2023-05-23 16:32:00,30.229998,17.33,6.0,413,53.0,23.0,6,2023-05-23
2023-05-23 17:02:00,32.699997,22.219999,4.21,413,53.0,23.1,6,2023-05-23
2023-05-23 17:32:00,34.189999,20.42,3.19,413,53.0,23.1,6,2023-05-23
2023-05-23 18:02:00,33.41,22.519999,1.84,413,53.100002,23.200001,6,2023-05-23
2023-05-23 18:32:00,31.039999,26.58,0.73,413,53.100002,23.300001,6,2023-05-23
2023-05-23 19:02:00,27.799999,31.84,0.14,413,53.100002,23.300001,6,2023-05-23
2023-05-23 19:32:00,24.909998,39.040001,0.0,413,53.100002,23.300001,6,2023-05-23
2023-05-23 20:02:00,22.849998,44.34,0.0,413,53.100002,23.1,6,2023-05-23
2023-05-23 20:32:00,21.719999,49.579998,0.0,413,53.0,23.1,6,2023-05-23
2023-05-23 21:02:00,20.909998,53.329998,0.0,413,52.900002,22.900002,6,2023-05-23
2023-05-23 21:32:00,20.329998,45.16,0.0,413,52.900002,22.800001,6,2023-05-23
2023-05-23 22:02:00,20.049999,41.759998,0.0,413,52.799999,22.6,6,2023-05-23
2023-05-23 22:32:00,19.73,42.41,0.0,413,52.799999,22.5,6,2023-05-23
2023-05-23 23:02:00,19.379999,44.57,0.0,413,52.600002,22.300001,6,2023-05-23
2023-05-23 23:32:00,19.099998,44.93,0.0,413,52.600002,22.200001,6,2023-05-23
2023-05-24 00:02:00,18.739998,48.200001,0.0,413,52.5,22.1,6,2023-05-24
2023-05-24 00:32:00,18.329998,47.079998,0.0,413,52.400002,22.0,6,2023-05-24
2023-05-24 01:02:00,17.999998,49.129997,0.0,413,52.400002,21.800001,6,2023-05-24
2023-05-24 01:32:00,17.769999,49.32,0.0,413,52.299999,21.6,6,2023-05-24
2023-05-24 02:02:00,17.469999,51.969997,0.0,413,52.299999,21.5,6,2023-05-24
2023-05-24 02:32:00,17.079998,53.529999,0.0,413,52.200001,21.300001,6,2023-05-24
2023-05-24 03:02:00,16.799999,54.77,0.0,413,52.100002,21.200001,6,2023-05-24
2023-05-24 03:32:00,16.549999,54.829998,0.0,413,52.100002,21.1,6,2023-05-24
2023-05-24 04:02:00,16.379999,51.029999,0.17,413,52.0,21.0,6,2023-05-24
2023-05-24 04:32:00,16.579998,50.709999,1.05,413,52.0,20.800001,6,2023-05-24
2023-05-24 05:02:00,17.579998,51.73,2.29,413,51.900002,20.700001,6,2023-05-24
2023-05-24 05:32:00,18.809999,46.84,3.01,413,51.799999,20.6,6,2023-05-24
2023-05-24 06:02:00,20.509998,41.299999,6.87,413,51.799999,20.5,6,2023-05-24
2023-05-24 06:32:00,24.479998,38.700001,9.78,413,51.700001,20.5,6,2023-05-24
2023-05-24 07:02:00,28.739998,31.84,11.36,413,51.700001,20.5,6,2023-05-24
2023-05-24 07:32:00,31.399998,32.919998,8.599999,413,51.600002,20.6,6,2023-05-24
2023-05-24 08:02:00,30.019999,22.359999,21.82,413,51.600002,20.800001,6,2023-05-24
2023-05-24 08:32:00,28.569998,23.279999,25.48,413,51.700001,21.0,6,2023-05-24
2023-05-24 09:02:00,30.389997,21.59,36.649998,413,51.600002,21.1,6,2023-05-24
2023-05-24 09:32:00,31.359999,21.0,35.329998,413,51.700001,21.300001,6,2023-05-24
2023-05-24 10:02:00,32.509998,20.6,31.99,413,51.700001,21.6,6,2023-05-24
2023-05-24 10:32:00,33.579998,19.549999,38.18,413,51.700001,21.900002,6,2023-05-24
2023-05-24 11:02:00,34.459999,21.439999,33.799999,413,51.799999,22.1,6,2023-05-24
2023-05-24 11:32:00,32.969997,22.539999,27.599998,413,51.799999,22.5,6,2023-05-24
2023-05-24 12:02:00,33.41,24.019999,17.609999,413,51.799999,22.800001,6,2023-05-24
2023-05-24 12:32:00,32.09,24.51,34.939999,413,51.900002,23.0,6,2023-05-24
2023-05-24 13:02:00,34.779999,20.059999,45.809998,413,51.900002,23.200001,6,2023-05-24
2023-05-24 13:32:00,34.619999,21.449999,8.41,413,51.900002,23.400002,6,2023-05-24
2023-05-24 14:02:00,32.329998,24.57,23.48,413,52.0,23.6,6,2023-05-24
2023-05-24 14:32:00,32.009998,24.049999,24.869999,413,51.900002,23.700001,6,2023-05-24
2023-05-24 15:02:00,31.279999,24.389999,12.49,413,51.900002,23.900002,6,2023-05-24
2023-05-24 15:32:00,29.689999,24.609999,9.58,413,52.0,24.0,6,2023-05-24
2023-05-24 16:02:00,28.559998,23.15,8.16,413,52.0,24.1,6,2023-05-24
2023-05-24 16:32:00,29.409998,18.389999,6.53,413,52.0,24.1,6,2023-05-24
2023-05-24 17:02:00,30.559998,19.799999,4.57,413,52.100002,24.1,6,2023-05-24
2023-05-24 17:32:00,30.439999,20.029999,3.16,413,52.100002,24.200001,6,2023-05-24
2023-05-24 18:02:00,29.749998,22.539999,1.69,413,52.100002,24.200001,6,2023-05-24
2023-05-24 18:32:00,28.649998,22.959999,1.04,413,52.100002,24.200001,6,2023-05-24
2023-05-24 19:02:00,27.659998,26.189999,0.13,413,52.100002,24.1,6,2023-05-24
2023-05-24 19:32:00,26.229998,27.719999,0.0,413,52.100002,24.1,6,2023-05-24
2023-05-24 20:02:00,25.129999,30.429998,0.0,413,52.100002,24.0,6,2023-05-24
2023-05-24 20:32:00,24.329998,32.969997,0.0,413,52.100002,24.0,6,2023-05-24
2023-05-24 21:02:00,23.609999,33.329998,0.0,413,52.0,23.800001,6,2023-05-24
2023-05-24 21:32:00,23.099998,36.610001,0.0,413,52.0,23.700001,6,2023-05-24
2023-05-24 22:02:00,22.619999,37.099998,0.0,413,51.900002,23.6,6,2023-05-24
2023-05-24 22:32:00,22.089998,41.399998,0.0,413,51.799999,23.5,6,2023-05-24
2023-05-24 23:02:00,21.689999,41.719997,0.0,413,51.799999,23.400002,6,2023-05-24
2023-05-24 23:32:00,21.379999,42.329998,0.0,413,51.700001,23.300001,6,2023-05-24
2023-05-25 00:03:00,21.269999,43.239998,0.0,413,51.700001,23.1,6,2023-05-25
2023-05-25 00:33:00,21.159998,42.84,0.0,413,51.600002,23.0,6,2023-05-25
2023-05-25 01:03:00,20.969999,42.98,0.0,413,51.600002,22.900002,6,2023-05-25
2023-05-25 01:33:00,20.619999,42.540001,0.0,413,51.5,22.800001,6,2023-05-25
2023-05-25 02:03:00,20.339998,42.950001,0.0,413,51.5,22.6,6,2023-05-25
2023-05-25 02:33:00,19.969999,46.73,0.0,413,51.400002,22.5,6,2023-05-25
2023-05-25 03:03:00,19.489998,46.869999,0.0,413,51.299999,22.400002,6,2023-05-25
2023-05-25 03:33:00,19.289999,45.969997,0.0,413,51.299999,22.300001,6,2023-05-25
2023-05-25 04:03:00,19.079998,46.110001,0.1,413,51.200001,22.1,6,2023-05-25
2023-05-25 04:33:00,19.039999,46.139999,0.63,413,51.100002,22.0,6,2023-05-25
2023-05-25 05:03:00,19.269999,45.57,1.41,413,51.100002,21.900002,6,2023-05-25
2023-05-25 05:33:00,19.759998,44.579998,2.48,413,51.0,21.800001,6,2023-05-25
2023-05-25 06:03:00,20.429998,42.489998,4.39,413,51.0,21.700001,6,2023-05-25
2023-05-25 06:33:00,21.499998,43.349998,4.22,413,50.900002,21.700001,6,2023-05-25
2023-05-25 07:03:00,22.159998,41.719997,5.24,413,50.900002,21.6,6,2023-05-25
2023-05-25 07:33:00,22.529999,40.579998,6.29,413,50.799999,21.6,6,2023-05-25
2023-05-25 08:03:00,24.539999,37.169998,9.63,413,50.799999,21.6,6,2023-05-25
2023-05-25 08:33:00,25.729998,33.869999,12.84,413,50.799999,21.6,6,2023-05-25
2023-05-25 09:03:00,25.009998,35.16,13.44,413,50.700001,21.700001,6,2023-05-25
2023-05-25 09:33:00,25.289999,34.950001,12.11,413,50.700001,21.800001,6,2023-05-25
2023-05-25 10:03:00,25.279999,35.619999,10.07,413,50.600002,22.0,6,2023-05-25
2023-05-25 10:33:00,23.319998,39.669998,5.18,413,50.600002,22.0,6,2023-05-25
2023-05-25 11:03:00,21.149998,51.73,4.16,413,50.700001,22.1,6,2023-05-25
2023-05-25 11:33:00,23.889999,49.0,12.62,413,50.600002,22.1,6,2023-05-25
2023-05-25 12:03:00,24.579998,35.700001,9.33,413,50.600002,22.1,6,2023-05-25
2023-05-25 12:33:00,25.149998,34.630001,13.24,413,50.5,22.1,6,2023-05-25
2023-05-25 13:03:00,27.319998,30.269999,36.68,413,50.400002,22.200001,6,2023-05-25
2023-05-25 13:33:00,29.049999,27.08,27.129999,413,50.299999,22.300001,6,2023-05-25
2023-05-25 14:03:00,29.679998,25.33,26.519999,413,50.200001,22.5,6,2023-05-25
2023-05-25 14:33:00,28.929998,26.07,21.23,413,50.100002,22.6,6,2023-05-25
2023-05-25 15:03:00,27.879999,27.24,16.84,413,50.200001,22.800001,6,2023-05-25
2023-05-25 15:33:00,26.969999,27.949999,10.849999,413,50.200001,22.900002,6,2023-05-25
2023-05-25 16:03:00,25.819998,30.189999,2.86,413,50.200001,23.0,6,2023-05-25
2023-05-25 16:33:00,24.909998,32.75,5.37,413,50.299999,23.0,6,2023-05-25
2023-05-25 17:03:00,25.809999,33.559998,4.15,413,50.299999,23.0,6,2023-05-25
2023-05-25 17:33:00,25.879999,33.869999,4.21,413,50.299999,23.0,6,2023-05-25
2023-05-25 18:03:00,25.989998,32.869999,4.24,413,50.299999,23.1,6,2023-05-25
2023-05-25 18:33:00,26.179998,33.0,2.53,413,50.299999,23.1,6,2023-05-25
2023-05-25 19:03:00,24.409998,33.989998,0.39,413,50.299999,23.0,6,2023-05-25
2023-05-25 19:33:00,23.089998,37.099998,0.06,413,50.299999,23.0,6,2023-05-25
2023-05-25 20:03:00,22.269999,38.219997,0.0,413,50.299999,22.900002,6,2023-05-25
2023-05-25 20:33:00,21.719999,40.110001,0.0,413,50.299999,22.800001,6,2023-05-25
2023-05-25 21:03:00,21.289999,42.899998,0.0,413,50.200001,22.700001,6,2023-05-25
2023-05-25 21:33:00,20.799999,43.259998,0.0,413,50.200001,22.6,6,2023-05-25
2023-05-25 22:03:00,20.569998,43.540001,0.0,413,50.200001,22.5,6,2023-05-25
2023-05-25 22:33:00,19.949999,46.93,0.0,413,50.100002,22.5,6,2023-05-25
2023-05-25 23:03:00,19.549999,46.959999,0.0,413,50.0,22.300001,6,2023-05-25
2023-05-25 23:33:00,18.879999,54.619999,0.0,413,50.0,22.200001,6,2023-05-25
2023-05-26 00:02:00,17.269999,66.159996,0.0,413,49.900002,22.0,6,2023-05-26
2023-05-26 00:32:00,16.739998,68.010002,0.0,413,49.799999,21.800001,6,2023-05-26
2023-05-26 01:02:00,16.359999,71.299995,0.0,413,49.700001,21.6,6,2023-05-26
2023-05-26 01:32:00,15.669999,76.360001,0.0,413,49.700001,21.5,6,2023-05-26
2023-05-26 02:02:00,15.399999,78.220001,0.0,413,49.600002,21.400002,6,2023-05-26
2023-05-26 02:32:00,15.389998,79.309998,0.0,413,49.600002,21.200001,6,2023-05-26
2023-05-26 03:02:00,15.449999,79.540001,0.0,413,49.5,21.1,6,2023-05-26
2023-05-26 03:32:00,15.469998,78.860001,0.0,413,49.400002,21.0,6,2023-05-26
2023-05-26 04:02:00,15.529999,78.610001,0.04,413,49.299999,20.800001,6,2023-05-26
2023-05-26 04:32:00,15.599998,78.540001,0.25,413,49.299999,20.700001,6,2023-05-26
2023-05-26 05:02:00,15.959999,77.759995,0.45,413,49.200001,20.6,6,2023-05-26
2023-05-26 05:32:00,16.259998,77.299995,1.37,413,49.200001,20.5,6,2023-05-26
2023-05-26 06:02:00,17.159998,75.779999,4.91,413,49.100002,20.400002,6,2023-05-26
2023-05-26 06:32:00,19.279999,70.519997,5.72,413,49.0,20.300001,6,2023-05-26
2023-05-26 07:02:00,22.649998,62.219997,6.92,413,49.0,20.300001,6,2023-05-26
2023-05-26 07:32:00,26.499998,57.099998,9.54,413,49.0,20.400002,6,2023-05-26
2023-05-26 08:02:00,31.339998,49.919998,23.699999,413,49.0,20.5,6,2023-05-26
2023-05-26 08:32:00,26.109999,45.07,11.179999,413,49.0,20.700001,6,2023-05-26
2023-05-26 09:02:00,25.889999,44.84,39.829998,413,49.0,20.900002,6,2023-05-26
2023-05-26 09:32:00,27.149998,39.860001,41.540001,413,49.0,21.1,6,2023-05-26
2023-05-26 10:02:00,28.389999,36.040001,39.68,413,48.900002,21.300001,6,2023-05-26
2023-05-26 10:32:00,29.109999,29.32,43.16,413,48.799999,21.6,6,2023-05-26
2023-05-26 11:02:00,29.149998,29.849998,36.93,413,48.799999,22.0,6,2023-05-26
2023-05-26 11:32:00,29.549999,29.559999,37.52,413,48.799999,22.200001,6,2023-05-26
2023-05-26 12:02:00,30.019999,28.609999,34.599998,413,48.799999,22.5,6,2023-05-26
2023-05-26 12:32:00,31.129999,27.139999,32.130001,413,48.799999,22.700001,6,2023-05-26
2023-05-26 13:02:00,31.759998,25.849998,14.049999,413,48.700001,23.0,6,2023-05-26
2023-05-26 13:32:00,30.729998,25.869999,12.94,413,48.799999,23.300001,6,2023-05-26
2023-05-26 14:02:00,31.859999,28.529999,37.34,413,48.799999,23.5,6,2023-05-26
2023-05-26 14:32:00,31.359999,30.469999,29.58,413,48.700001,23.700001,6,2023-05-26
2023-05-26 15:02:00,31.359999,29.429998,9.51,413,48.700001,23.900002,6,2023-05-26
2023-05-26 15:32:00,29.839998,26.07,13.32,413,48.700001,24.1,6,2023-05-26
2023-05-26 16:02:00,28.269999,29.99,7.76,413,48.799999,24.300001,6,2023-05-26
2023-05-26 16:32:00,27.479998,27.019999,7.33,413,48.900002,24.400002,6,2023-05-26
2023-05-26 17:02:00,29.559998,32.82,4.4,413,49.100002,24.5,6,2023-05-26
2023-05-26 17:32:00,31.679998,29.619999,3.69,413,49.100002,24.5,6,2023-05-26
2023-05-26 18:02:00,31.419998,32.040001,2.06,413,49.100002,24.5,6,2023-05-26
2023-05-26 18:32:00,29.259998,36.509998,0.72,413,49.100002,24.5,6,2023-05-26
2023-05-26 19:02:00,26.819998,39.669998,0.16,413,49.100002,24.5,6,2023-05-26
2023-05-26 19:32:00,24.579998,43.82,0.0,413,49.100002,24.400002,6,2023-05-26
2023-05-26 20:02:00,22.629999,46.799999,0.0,413,49.100002,24.200001,6,2023-05-26
2023-05-26 20:32:00,21.079998,52.829998,0.0,413,49.100002,24.1,6,2023-05-26
2023-05-26 21:02:00,19.909998,57.099998,0.0,413,49.0,23.900002,6,2023-05-26
2023-05-26 21:32:00,18.989998,58.82,0.0,413,48.900002,23.700001,6,2023-05-26
2023-05-26 22:02:00,18.239998,61.739998,0.0,413,48.799999,23.5,6,2023-05-26
2023-05-26 22:32:00,17.699999,61.09,0.0,413,48.700001,23.300001,6,2023-05-26
2023-05-26 23:02:00,17.989998,60.359997,0.0,413,48.700001,23.0,6,2023-05-26
2023-05-26 23:32:00,17.989998,60.099998,0.0,413,48.600002,22.800001,6,2023-05-26
2023-05-27 00:02:00,17.65,60.049999,0.0,413,48.5,22.6,6,2023-05-27
2023-05-27 00:32:00,18.049999,56.66,0.0,413,48.400002,22.5,6,2023-05-27
2023-05-27 01:02:00,18.369999,54.209999,0.0,413,48.400002,22.300001,6,2023-05-27
2023-05-27 01:32:00,18.169998,52.98,0.0,413,48.299999,22.200001,6,2023-05-27
2023-05-27 02:02:00,17.909998,56.110001,0.0,413,48.200001,22.1,6,2023-05-27
2023-05-27 02:32:00,18.009998,57.399998,0.0,413,48.200001,22.0,6,2023-05-27
2023-05-27 03:02:00,18.139999,55.559998,0.0,413,48.100002,21.800001,6,2023-05-27
2023-05-27 03:32:00,18.029999,50.509998,0.0,413,48.100002,21.700001,6,2023-05-27
2023-05-27 04:02:00,17.789999,53.959999,0.23,413,48.0,21.6,6,2023-05-27
2023-05-27 04:32:00,17.529999,57.93,0.87,413,47.900002,21.5,6,2023-05-27
2023-05-27 05:02:00,17.609999,58.619999,1.88,413,47.900002,21.400002,6,2023-05-27
2023-05-27 05:32:00,18.759998,56.529999,3.53,413,47.799999,21.300001,6,2023-05-27
2023-05-27 06:02:00,20.329998,53.279999,2.64,413,47.799999,21.200001,6,2023-05-27
2023-05-27 06:32:00,21.169998,50.889999,4.56,413,47.799999,21.1,6,2023-05-27
2023-05-27 07:02:00,23.199999,51.57,7.01,413,47.799999,21.1,6,2023-05-27
2023-05-27 07:32:00,26.119999,41.790001,11.82,413,47.799999,21.1,6,2023-05-27
2023-05-27 08:02:00,28.919998,44.099998,14.719999,413,47.700001,21.200001,6,2023-05-27
2023-05-27 08:32:00,27.049999,30.709999,21.109999,413,47.600002,21.300001,6,2023-05-27
2023-05-27 09:02:00,26.109999,29.939999,22.5,413,47.600002,21.5,6,2023-05-27
2023-05-27 09:32:00,26.589998,32.779999,25.41,413,47.600002,21.6,6,2023-05-27
2023-05-27 10:02:00,26.829998,33.439999,30.119999,413,47.600002,21.800001,6,2023-05-27
2023-05-27 10:32:00,27.699999,32.130001,40.939999,413,47.600002,22.1,6,2023-05-27
2023-05-27 11:02:00,27.459999,26.66,33.049999,413,47.600002,22.300001,6,2023-05-27
2023-05-27 11:32:00,29.299999,22.41,33.93,413,47.5,22.5,6,2023-05-27
2023-05-27 12:02:00,30.149998,19.25,30.559999,413,47.5,22.800001,6,2023-05-27
2023-05-27 12:32:00,30.549999,19.52,34.450001,413,47.5,23.0,6,2023-05-27
2023-05-27 13:02:00,32.639999,16.18,53.91,413,47.400002,23.300001,6,2023-05-27
2023-05-27 13:32:00,32.59,18.16,39.119999,413,47.5,23.5,6,2023-05-27
2023-05-27 14:02:00,31.499998,17.26,26.74,413,47.5,23.800001,6,2023-05-27
2023-05-27 14:32:00,30.529999,16.949999,16.469999,413,47.600002,23.900002,6,2023-05-27
2023-05-27 15:02:00,29.869999,24.23,9.29,413,47.600002,24.1,6,2023-05-27
2023-05-27 15:32:00,29.439999,34.579998,15.21,413,47.600002,24.1,6,2023-05-27
2023-05-27 16:02:00,27.999998,35.77,9.27,413,47.700001,24.300001,6,2023-05-27
2023-05-27 16:32:00,26.929998,33.77,8.0,413,47.799999,24.400002,6,2023-05-27
2023-05-27 17:02:00,26.749998,33.779999,4.57,413,47.799999,24.400002,6,2023-05-27
2023-05-27 17:32:00,26.229998,35.880001,2.21,413,47.900002,24.400002,6,2023-05-27
2023-05-27 18:02:00,25.139999,38.119999,1.83,413,47.900002,24.400002,6,2023-05-27
2023-05-27 18:32:00,24.789999,39.279999,0.55,413,47.900002,24.300001,6,2023-05-27
2023-05-27 19:02:00,24.099998,43.509998,0.14,413,47.799999,24.200001,6,2023-05-27
2023-05-27 19:32:00,23.219999,47.379997,0.0,413,47.799999,24.1,6,2023-05-27
2023-05-27 20:02:00,22.48,51.699997,0.0,413,47.799999,24.0,6,2023-05-27
2023-05-27 20:32:00,21.539999,55.529999,0.0,413,47.799999,23.900002,6,2023-05-27
2023-05-27 21:02:00,20.999998,58.939999,0.0,413,47.700001,23.800001,6,2023-05-27
2023-05-27 21:32:00,20.609999,59.079998,0.0,413,47.600002,23.6,6,2023-05-27
2023-05-27 22:02:00,19.669998,63.449997,0.0,413,47.600002,23.5,6,2023-05-27
2023-05-27 22:32:00,19.029999,67.150002,0.0,413,47.5,23.300001,6,2023-05-27
2023-05-27 23:02:00,18.679998,70.07,0.0,413,47.5,23.200001,6,2023-05-27
2023-05-27 23:32:00,18.509998,72.93,0.0,413,47.400002,23.0,6,2023-05-27
2023-05-28 00:02:00,18.609999,71.119995,0.0,413,47.299999,22.900002,6,2023-05-28
2023-05-28 00:32:00,18.509998,71.849998,0.0,413,47.200001,22.800001,6,2023-05-28
2023-05-28 01:02:00,18.509998,70.459999,0.0,413,47.200001,22.6,6,2023-05-28
2023-05-28 01:32:00,18.259998,72.68,0.0,413,47.200001,22.5,6,2023-05-28
2023-05-28 02:02:00,17.699999,74.75,0.0,413,47.100002,22.400002,6,2023-05-28
2023-05-28 02:32:00,17.269999,77.43,0.0,413,47.0,22.200001,6,2023-05-28
2023-05-28 03:02:00,17.159998,62.52,0.0,413,47.0,22.1,6,2023-05-28
2023-05-28 03:32:00,17.099998,52.5,0.01,413,46.900002,22.0,6,2023-05-28
2023-05-28 04:02:00,16.999998,50.16,0.29,413,46.900002,21.800001,6,2023-05-28
2023-05-28 04:32:00,16.999998,49.84,1.06,413,46.799999,21.700001,6,2023-05-28
2023-05-28 05:02:00,17.519999,51.77,1.93,413,46.700001,21.6,6,2023-05-28
2023-05-28 05:32:00,19.069998,51.539997,4.95,413,46.700001,21.5,6,2023-05-28
2023-05-28 06:02:00,23.719999,42.439999,9.25,413,46.700001,21.5,6,2023-05-28
2023-05-28 06:32:00,27.679998,32.689999,9.2,413,46.600002,21.400002,6,2023-05-28
2023-05-28 07:02:00,29.629999,33.34,8.37,413,46.600002,21.5,6,2023-05-28
2023-05-28 07:32:00,29.959999,29.769999,7.38,413,46.600002,21.5,6,2023-05-28
2023-05-28 08:02:00,29.969999,25.92,23.459999,413,46.600002,21.6,6,2023-05-28
2023-05-28 08:32:00,32.849998,26.99,22.699999,413,46.600002,21.800001,6,2023-05-28
2023-05-28 09:02:00,33.75,21.99,38.799999,413,46.600002,22.0,6,2023-05-28
2023-05-28 09:32:00,35.789997,19.859999,38.349998,413,46.600002,22.1,6,2023-05-28
2023-05-28 10:02:00,34.019997,18.709999,36.34,413,46.600002,22.300001,6,2023-05-28
2023-05-28 10:32:00,34.16,17.1,43.5,413,46.600002,22.400002,6,2023-05-28
2023-05-28 11:02:00,34.91,17.32,35.369999,413,46.700001,22.6,6,2023-05-28
2023-05-28 11:32:00,34.779999,16.699999,38.07,413,46.700001,22.800001,6,2023-05-28
2023-05-28 12:02:00,37.07,16.67,33.149998,413,46.700001,22.900002,6,2023-05-28
2023-05-28 12:32:00,33.289997,16.559999,32.91,413,46.700001,23.0,6,2023-05-28
2023-05-28 13:02:00,32.379997,17.859999,51.459999,413,46.700001,23.1,6,2023-05-28
2023-05-28 13:32:00,33.0,17.539999,32.779999,413,46.700001,23.300001,6,2023-05-28
2023-05-28 14:02:00,32.75,17.77,40.02,413,46.700001,23.400002,6,2023-05-28
2023-05-28 14:32:00,31.549999,17.879999,25.57,413,46.700001,23.5,6,2023-05-28
2023-05-28 15:02:00,32.059998,18.52,28.18,413,46.700001,23.6,6,2023-05-28
2023-05-28 15:32:00,30.349998,19.299999,9.429999,413,46.600002,23.6,6,2023-05-28
2023-05-28 16:02:00,29.199999,21.52,5.37,413,46.600002,23.800001,6,2023-05-28
2023-05-28 16:32:00,28.619999,19.799999,7.74,413,46.700001,24.0,6,2023-05-28
2023-05-28 17:02:00,31.299999,27.559999,4.38,413,46.700001,24.1,6,2023-05-28
2023-05-28 17:32:00,33.629997,21.99,3.33,413,46.799999,24.1,6,2023-05-28
2023-05-28 18:02:00,33.239998,25.129999,2.02,413,46.900002,24.300001,6,2023-05-28
2023-05-28 18:32:00,30.839998,32.779999,0.93,413,46.900002,24.300001,6,2023-05-28
2023-05-28 19:02:00,27.639999,36.57,0.24,413,46.900002,24.300001,6,2023-05-28
2023-05-28 19:32:00,24.859999,40.469997,0.0,413,46.900002,24.300001,6,2023-05-28
2023-05-28 20:02:00,23.499998,38.989998,0.0,413,46.900002,24.1,6,2023-05-28
2023-05-28 20:32:00,22.559999,38.860001,0.0,413,46.900002,24.1,6,2023-05-28
2023-05-28 21:02:00,21.719999,40.309998,0.0,413,46.799999,24.0,6,2023-05-28
2023-05-28 21:32:00,21.059999,42.43,0.0,413,46.799999,23.800001,6,2023-05-28
2023-05-28 22:02:00,20.389999,45.52,0.0,413,46.700001,23.700001,6,2023-05-28
2023-05-28 22:32:00,19.599998,49.649998,0.0,413,46.700001,23.6,6,2023-05-28
2023-05-28 23:02:00,18.839998,52.52,0.0,413,46.600002,23.400002,6,2023-05-28
2023-05-28 23:32:00,18.069998,56.029999,0.0,413,46.5,23.300001,6,2023-05-28
2023-05-29 00:02:00,17.299999,59.619999,0.0,413,46.400002,23.0,6,2023-05-29
2023-05-29 00:32:00,17.049999,59.649998,0.0,413,46.299999,22.900002,6,2023-05-29
2023-05-29 01:02:00,16.919998,59.139999,0.0,413,46.299999,22.700001,6,2023-05-29
2023-05-29 01:32:00,16.609999,60.099998,0.0,413,46.200001,22.6,6,2023-05-29
2023-05-29 02:02:00,16.409998,60.07,0.0,413,46.200001,22.400002,6,2023-05-29
2023-05-29 02:32:00,16.039999,61.759998,0.0,413,46.0,22.300001,6,2023-05-29
2023-05-29 03:02:00,15.589999,64.610001,0.0,413,46.0,22.1,6,2023-05-29
2023-05-29 03:32:00,14.909999,67.439995,0.01,413,45.900002,21.900002,6,2023-05-29
2023-05-29 04:02:00,14.329999,71.439995,0.3,413,45.900002,21.700001,6,2023-05-29
2023-05-29 04:32:00,14.259998,72.099998,0.93,413,45.700001,21.5,6,2023-05-29
2023-05-29 05:02:00,15.379999,68.459999,1.84,413,45.700001,21.400002,6,2023-05-29
2023-05-29 05:32:00,17.749998,63.149998,5.27,413,45.600002,21.300001,6,2023-05-29
2023-05-29 06:02:00,23.289999,60.899998,9.45,413,45.600002,21.200001,6,2023-05-29
2023-05-29 06:32:00,27.899998,52.759998,8.97,413,45.5,21.200001,6,2023-05-29
2023-05-29 07:02:00,30.909998,43.110001,8.2,413,45.5,21.300001,6,2023-05-29
2023-05-29 07:32:00,32.16,41.48,7.61,413,45.5,21.400002,6,2023-05-29
2023-05-29 08:02:00,29.809998,31.679998,24.199999,413,45.5,21.6,6,2023-05-29
2023-05-29 08:32:00,32.41,30.65,24.99,413,45.600002,21.700001,6,2023-05-29
2023-05-29 09:02:00,33.57,25.849998,40.099998,413,45.600002,21.900002,6,2023-05-29
2023-05-29 09:32:00,34.919998,26.26,40.329998,413,45.600002,22.0,6,2023-05-29
2023-05-29 10:02:00,35.25,20.26,37.93,413,45.700001,22.200001,6,2023-05-29
2023-05-29 10:32:00,35.709999,17.209999,44.860001,413,45.700001,22.400002,6,2023-05-29
2023-05-29 11:02:00,35.179996,15.23,36.559998,413,46.0,22.6,6,2023-05-29
2023-05-29 11:32:00,35.519997,20.23,40.739998,413,46.700001,22.800001,6,2023-05-29
2023-05-29 12:02:00,35.879997,19.17,33.880001,413,47.600002,22.800001,6,2023-05-29
2023-05-29 12:32:00,33.529999,16.619999,34.459999,413,48.299999,23.0,6,2023-05-29
2023-05-29 13:02:00,34.119999,19.27,5.54,413,49.0,23.0,6,2023-05-29
2023-05-29 13:32:00,33.5,20.16,15.95,413,49.600002,23.1,6,2023-05-29
2023-05-29 14:02:00,33.889999,22.49,42.459999,413,50.200001,23.1,6,2023-05-29
2023-05-29 14:32:00,29.129999,31.119999,20.15,413,50.799999,23.200001,6,2023-05-29
2023-05-29 15:02:00,30.329998,31.929998,30.769999,413,51.299999,23.200001,6,2023-05-29
2023-05-29 15:32:00,29.189999,22.639999,10.71,413,51.799999,23.300001,6,2023-05-29
2023-05-29 16:02:00,28.839998,20.58,6.57,413,52.200001,23.300001,6,2023-05-29
2023-05-29 16:32:00,26.119999,22.219999,4.85,413,52.5,23.400002,6,2023-05-29
2023-05-29 17:02:00,27.869999,25.129999,0.96,413,52.900002,23.400002,6,2023-05-29
2023-05-29 17:32:00,27.529999,30.679998,0.34,413,53.100002,23.5,6,2023-05-29
2023-05-29 18:02:00,24.669998,40.41,0.18,413,53.5,23.400002,6,2023-05-29
2023-05-29 18:32:00,22.509998,47.59,0.19,413,53.600002,23.300001,6,2023-05-29
2023-05-29 19:02:00,21.689999,51.09,0.1,413,53.799999,23.300001,6,2023-05-29
2023-05-29 19:32:00,20.919998,55.41,0.0,413,54.0,23.1,6,2023-05-29
2023-05-29 20:02:00,19.789999,60.649998,0.0,413,54.100002,23.1,6,2023-05-29
2023-05-29 20:32:00,18.839998,65.689995,0.0,413,54.299999,23.0,6,2023-05-29
2023-05-29 21:02:00,18.309999,69.979996,0.0,413,54.299999,22.800001,6,2023-05-29
2023-05-29 21:32:00,18.319998,70.599998,0.0,413,54.400002,22.700001,6,2023-05-29
2023-05-29 22:02:00,18.179998,70.699997,0.0,413,54.5,22.6,6,2023-05-29
2023-05-29 22:32:00,17.999998,72.019997,0.0,413,54.600002,22.400002,6,2023-05-29
2023-05-29 23:02:00,17.799999,71.099998,0.0,413,54.600002,22.300001,6,2023-05-29
2023-05-29 23:32:00,17.759998,68.949997,0.0,413,54.700001,22.1,6,2023-05-29
2023-05-30 00:02:00,17.449999,70.089996,0.0,413,54.700001,22.0,6,2023-05-30
2023-05-30 00:32:00,16.919998,72.68,0.0,413,54.700001,21.900002,6,2023-05-30
2023-05-30 01:02:00,16.359999,74.970001,0.0,413,54.799999,21.800001,6,2023-05-30
2023-05-30 01:32:00,15.799998,77.279999,0.0,413,54.799999,21.6,6,2023-05-30
2023-05-30 02:02:00,15.339999,78.709999,0.0,413,54.799999,21.5,6,2023-05-30
2023-05-30 02:32:00,15.009998,79.540001,0.0,413,54.799999,21.400002,6,2023-05-30
2023-05-30 03:02:00,14.599998,79.82,0.0,413,54.799999,21.300001,6,2023-05-30
2023-05-30 03:32:00,14.279999,81.080002,0.01,413,54.799999,21.1,6,2023-05-30
2023-05-30 04:02:00,14.009998,81.5,0.24,413,54.799999,21.0,6,2023-05-30
2023-05-30 04:32:00,13.979999,83.18,0.78,413,54.799999,20.800001,6,2023-05-30
2023-05-30 05:02:00,14.629999,83.93,1.62,413,54.799999,20.700001,6,2023-05-30
2023-05-30 05:32:00,16.929998,79.019997,4.57,413,54.799999,20.6,6,2023-05-30
2023-05-30 06:02:00,22.399998,70.040001,8.929999,413,54.799999,20.5,6,2023-05-30
2023-05-30 06:32:00,27.149998,59.459999,8.15,413,54.799999,20.5,6,2023-05-30
2023-05-30 07:02:00,30.459999,62.739998,7.47,413,54.799999,20.5,6,2023-05-30
2023-05-30 07:32:00,32.399998,54.669998,6.91,413,54.900002,20.6,6,2023-05-30
2023-05-30 08:02:00,25.709999,36.079998,21.699999,413,55.0,20.800001,6,2023-05-30
2023-05-30 08:32:00,27.559998,32.32,23.43,413,55.0,20.900002,6,2023-05-30
2023-05-30 09:02:00,32.379997,23.279999,41.899998,413,55.100002,21.0,6,2023-05-30
2023-05-30 09:32:00,32.57,22.83,42.989998,413,55.100002,21.1,6,2023-05-30
2023-05-30 10:02:00,35.509998,24.08,39.77,413,55.200001,21.300001,6,2023-05-30
2023-05-30 10:32:00,36.389999,19.33,48.689999,413,55.400002,21.5,6,2023-05-30
2023-05-30 11:02:00,34.719997,17.23,39.619999,413,55.900002,21.700001,6,2023-05-30
2023-05-30 11:32:00,34.949997,21.41,44.009998,413,56.600002,21.900002,6,2023-05-30
2023-05-30 12:02:00,35.169998,20.199999,36.41,413,57.200001,22.1,6,2023-05-30
2023-05-30 12:32:00,33.09,17.379999,32.610001,413,57.600002,22.300001,6,2023-05-30
2023-05-30 13:02:00,35.969997,15.62,20.41,413,57.900002,22.5,6,2023-05-30
2023-05-30 13:32:00,30.509998,16.83,35.049999,413,58.200001,22.6,6,2023-05-30
2023-05-30 14:02:00,27.619999,18.939999,43.689999,413,58.400002,22.800001,6,2023-05-30
2023-05-30 14:32:00,28.039999,18.4,19.559999,413,58.5,23.0,6,2023-05-30
2023-05-30 15:02:00,28.369999,17.869999,28.639999,413,58.700001,23.1,6,2023-05-30
2023-05-30 15:32:00,27.369999,18.42,10.65,413,58.799999,23.300001,6,2023-05-30
2023-05-30 16:02:00,22.569998,41.27,6.42,413,58.900002,23.400002,6,2023-05-30
2023-05-30 16:32:00,20.519999,46.599998,5.12,413,59.0,23.5,6,2023-05-30
2023-05-30 17:02:00,28.909998,47.709999,4.03,413,59.100002,23.5,6,2023-05-30
2023-05-30 17:32:00,31.509998,45.709999,3.04,413,59.100002,23.5,6,2023-05-30
2023-05-30 18:02:00,31.559998,41.27,1.93,413,59.100002,23.6,6,2023-05-30
2023-05-30 18:32:00,29.539999,49.09,0.86,413,59.200001,23.6,6,2023-05-30
2023-05-30 19:02:00,26.369999,55.27,0.23,413,59.299999,23.5,6,2023-05-30
2023-05-30 19:32:00,23.609999,61.189999,0.0,413,59.200001,23.5,6,2023-05-30
2023-05-30 20:02:00,21.679998,65.639999,0.0,413,59.200001,23.300001,6,2023-05-30
2023-05-30 20:32:00,20.289999,67.82,0.0,413,59.200001,23.200001,6,2023-05-30
2023-05-30 21:02:00,19.23,69.379997,0.0,413,59.100002,23.0,6,2023-05-30
2023-05-30 21:32:00,18.369999,69.470001,0.0,413,59.100002,22.900002,6,2023-05-30
2023-05-30 22:02:00,17.749998,71.339996,0.0,413,59.100002,22.700001,6,2023-05-30
2023-05-30 22:32:00,17.219999,71.459999,0.0,413,59.100002,22.5,6,2023-05-30
2023-05-30 23:02:00,16.799999,72.889999,0.0,413,59.100002,22.400002,6,2023-05-30
2023-05-30 23:32:00,16.429998,73.790001,0.0,413,59.100002,22.200001,6,2023-05-30
2023-05-01 00:02:00,12.119999,87.009995,0.0,413,58.900002,18.400002,7,2023-05-01
2023-05-01 00:32:00,11.899999,87.549995,0.0,413,58.900002,18.300001,7,2023-05-01
2023-05-01 01:02:00,11.809999,88.43,0.0,413,58.900002,18.300001,7,2023-05-01
2023-05-01 01:32:00,11.759999,88.769997,0.0,413,58.799999,18.200001,7,2023-05-01
2023-05-01 02:02:00,11.609999,87.919998,0.0,413,58.700001,18.1,7,2023-05-01
2023-05-01 02:32:00,11.269999,87.720001,0.0,413,58.700001,18.0,7,2023-05-01
2023-05-01 03:02:00,10.939999,88.0,0.0,413,58.700001,17.900002,7,2023-05-01
2023-05-01 03:32:00,10.689999,88.029999,0.0,413,58.600002,17.800001,7,2023-05-01
2023-05-01 04:02:00,10.469999,88.299995,0.0,413,58.5,17.700001,7,2023-05-01
2023-05-01 04:32:00,10.229999,88.269997,0.14,413,58.5,17.6,7,2023-05-01
2023-05-01 05:02:00,10.179999,88.839996,0.7,413,58.5,17.6,7,2023-05-01
2023-05-01 05:32:00,10.689999,90.199997,1.52,413,58.400002,17.5,7,2023-05-01
2023-05-01 06:02:00,11.979999,90.089996,2.7,413,58.299999,17.400002,7,2023-05-01
2023-05-01 06:32:00,14.249999,86.610001,4.26,413,58.299999,17.300001,7,2023-05-01
2023-05-01 07:02:00,17.409998,80.229996,6.54,413,58.200001,17.200001,7,2023-05-01
2023-05-01 07:32:00,22.839998,70.010002,23.969999,413,58.200001,17.1,7,2023-05-01
2023-05-01 08:02:00,29.349998,59.299999,27.469999,492,58.100002,17.1,7,2023-05-01
2023-05-01 08:32:00,28.949999,37.989998,15.13,495,58.100002,17.1,7,2023-05-01
2023-05-01 09:02:00,28.369999,35.099998,18.49,477,58.100002,17.1,7,2023-05-01
2023-05-01 09:32:00,29.739998,32.579998,19.08,507,58.200001,17.200001,7,2023-05-01
2023-05-01 10:02:00,31.319998,29.619999,16.219999,544,58.299999,17.300001,7,2023-05-01
2023-05-01 10:32:00,32.369999,26.949999,16.85,578,58.299999,17.5,7,2023-05-01
2023-05-01 11:02:00,33.509998,21.16,18.01,582,58.5,17.700001,7,2023-05-01
2023-05-01 11:32:00,33.419998,23.859999,22.57,585,58.600002,18.0,7,2023-05-01
2023-05-01 12:02:00,34.809998,20.469999,24.969999,605,58.700001,18.300001,7,2023-05-01
2023-05-01 12:32:00,31.809998,22.789999,39.419998,529,58.900002,18.6,7,2023-05-01
2023-05-01 13:02:00,29.689999,27.209999,49.039997,529,58.900002,18.900002,7,2023-05-01
2023-05-01 13:32:00,29.199999,26.0,8.42,470,59.100002,19.300001,7,2023-05-01
2023-05-01 14:02:00,30.689999,22.859999,15.37,511,59.299999,19.6,7,2023-05-01
2023-05-01 14:32:00,29.969999,23.039999,32.779999,503,62.5,20.0,7,2023-05-01
2023-05-01 15:02:00,30.449999,22.609999,17.109999,499,63.600002,20.300001,7,2023-05-01
2023-05-01 15:32:00,29.479998,22.48,5.05,481,63.700001,20.6,7,2023-05-01
2023-05-01 16:02:00,28.069998,25.43,7.74,492,63.600002,20.800001,7,2023-05-01
2023-05-01 16:32:00,29.439999,38.719997,3.04,495,63.600002,21.0,7,2023-05-01
2023-05-01 17:02:00,30.299999,46.419998,1.93,518,63.5,21.1,7,2023-05-01
2023-05-01 17:32:00,28.939999,43.07,1.13,496,63.5,21.300001,7,2023-05-01
2023-05-01 18:02:00,26.579998,50.07,0.55,526,63.400002,21.5,7,2023-05-01
2023-05-01 18:32:00,24.419998,58.359997,0.09,477,63.299999,21.6,7,2023-05-01
2023-05-01 19:02:00,22.259998,64.639999,0.0,454,63.200001,21.700001,7,2023-05-01
2023-05-01 19:32:00,20.559999,69.299995,0.0,439,63.200001,21.800001,7,2023-05-01
2023-05-01 20:02:00,19.289999,72.839996,0.0,424,63.100002,21.800001,7,2023-05-01
2023-05-01 20:32:00,18.489998,74.580002,0.0,432,63.0,21.800001,7,2023-05-01
2023-05-01 21:02:00,17.799999,75.650002,0.0,413,62.900002,21.800001,7,2023-05-01
2023-05-01 21:32:00,17.299999,76.509995,0.0,413,62.799999,21.700001,7,2023-05-01
2023-05-01 22:02:00,16.849998,76.869995,0.0,413,62.700001,21.6,7,2023-05-01
2023-05-01 22:32:00,16.339998,77.07,0.0,413,62.5,21.5,7,2023-05-01
2023-05-01 23:02:00,15.819999,77.790001,0.0,413,62.5,21.5,7,2023-05-01
2023-05-01 23:32:00,15.259998,78.439995,0.0,413,62.299999,21.300001,7,2023-05-01
2023-05-02 00:02:00,14.839999,79.379997,0.0,413,62.200001,21.200001,7,2023-05-02
2023-05-02 00:32:00,14.429998,80.759995,0.0,413,62.100002,21.1,7,2023-05-02
2023-05-02 01:02:00,14.169999,81.369995,0.0,413,62.0,21.0,7,2023-05-02
2023-05-02 01:32:00,13.929998,82.019997,0.0,413,61.900002,20.800001,7,2023-05-02
2023-05-02 02:02:00,13.769999,82.519997,0.0,413,61.799999,20.700001,7,2023-05-02
2023-05-02 02:32:00,13.569999,83.189995,0.0,413,61.700001,20.5,7,2023-05-02
2023-05-02 03:02:00,13.429998,83.049995,0.0,413,61.600002,20.400002,7,2023-05-02
2023-05-02 03:32:00,13.299999,83.729996,0.0,413,61.5,20.300001,7,2023-05-02
2023-05-02 04:02:00,13.189999,84.269997,0.0,413,61.400002,20.1,7,2023-05-02
2023-05-02 04:32:00,13.129999,85.019997,0.15,413,61.299999,20.0,7,2023-05-02
2023-05-02 05:02:00,13.329999,85.82,0.77,413,61.299999,19.900002,7,2023-05-02
2023-05-02 05:32:00,14.149999,85.939995,1.77,413,61.100002,19.800001,7,2023-05-02
2023-05-02 06:02:00,15.539999,83.32,1.96,413,61.100002,19.6,7,2023-05-02
2023-05-02 06:32:00,17.609999,79.0,3.91,413,60.900002,19.5,7,2023-05-02
2023-05-02 07:02:00,20.48,69.529999,9.59,413,60.900002,19.400002,7,2023-05-02
2023-05-02 07:32:00,26.199999,58.129997,22.6,488,60.799999,19.300001,7,2023-05-02
2023-05-02 08:02:00,32.169998,51.379997,27.33,552,60.700001,19.300001,7,2023-05-02
2023-05-02 08:32:00,33.439999,30.519999,21.879999,593,60.700001,19.200001,7,2023-05-02
2023-05-02 09:02:00,30.469999,28.299999,22.059999,537,60.700001,19.200001,7,2023-05-02
2023-05-02 09:32:00,29.429998,29.84,21.98,511,60.700001,19.300001,7,2023-05-02
2023-05-02 10:02:00,31.009998,25.5,34.040001,526,60.799999,19.400002,7,2023-05-02
2023-05-02 10:32:00,34.699997,23.519999,36.200001,589,60.799999,19.6,7,2023-05-02
2023-05-02 11:02:00,36.989998,23.76,33.450001,650,60.900002,19.800001,7,2023-05-02
2023-05-02 11:32:00,37.369999,21.48,25.449999,664,60.900002,20.0,7,2023-05-02
2023-05-02 12:02:00,39.349998,25.279999,32.079998,673,61.0,20.300001,7,2023-05-02
2023-05-02 12:32:00,40.719997,33.290001,17.15,649,61.100002,20.6,7,2023-05-02
2023-05-02 13:02:00,40.289997,31.969999,16.119999,665,61.299999,21.0,7,2023-05-02
2023-05-02 13:32:00,38.619999,25.699999,15.04,630,61.400002,21.400002,7,2023-05-02
2023-05-02 14:02:00,32.699997,28.469999,3.58,627,61.5,21.800001,7,2023-05-02
2023-05-02 14:32:00,28.969999,30.709999,10.57,537,61.5,22.1,7,2023-05-02
2023-05-02 15:02:00,32.379997,27.029999,18.41,585,61.700001,22.5,7,2023-05-02
2023-05-02 15:32:00,33.649998,23.6,9.92,578,61.700001,22.800001,7,2023-05-02
2023-05-02 16:02:00,34.539997,28.849998,6.77,582,61.799999,23.0,7,2023-05-02
2023-05-02 16:32:00,33.039997,31.17,1.42,548,61.799999,23.300001,7,2023-05-02
2023-05-02 17:02:00,31.229998,34.529999,1.95,560,61.900002,23.5,7,2023-05-02
2023-05-02 17:32:00,29.559998,38.469997,0.66,526,61.900002,23.6,7,2023-05-02
2023-05-02 18:02:00,27.949999,45.209999,0.38,518,61.900002,23.800001,7,2023-05-02
2023-05-02 18:32:00,26.439999,50.139999,0.05,484,61.900002,23.900002,7,2023-05-02
2023-05-02 19:02:00,25.019999,53.079998,0.0,507,61.900002,24.0,7,2023-05-02
2023-05-02 19:32:00,23.919998,51.25,0.0,484,61.799999,24.0,7,2023-05-02
2023-05-02 20:02:00,23.029999,46.360001,0.0,469,61.700001,24.0,7,2023-05-02
2023-05-02 20:32:00,21.98,51.599998,0.0,421,61.700001,23.900002,7,2023-05-02
2023-05-02 21:02:00,20.929998,61.66,0.0,413,61.700001,23.800001,7,2023-05-02
2023-05-02 21:32:00,20.189999,68.599998,0.0,413,61.600002,23.800001,7,2023-05-02
2023-05-02 22:02:00,19.639999,74.040001,0.0,424,61.5,23.6,7,2023-05-02
2023-05-02 22:32:00,19.309999,77.029999,0.0,428,61.299999,23.5,7,2023-05-02
2023-05-02 23:02:00,19.029999,79.379997,0.0,417,61.299999,23.400002,7,2023-05-02
2023-05-02 23:32:00,18.719999,80.379997,0.0,413,61.299999,23.300001,7,2023-05-02
2023-05-03 00:02:00,18.4,80.309998,0.0,413,61.200001,23.1,7,2023-05-03
2023-05-03 00:32:00,18.069998,76.799995,0.0,413,61.100002,23.0,7,2023-05-03
2023-05-03 01:02:00,17.909998,76.32,0.0,413,61.0,22.900002,7,2023-05-03
2023-05-03 01:32:00,17.599998,76.400002,0.0,413,60.900002,22.800001,7,2023-05-03
2023-05-03 02:02:00,17.319998,77.080002,0.0,413,60.799999,22.6,7,2023-05-03
2023-05-03 02:32:00,17.119999,76.159996,0.0,413,60.700001,22.5,7,2023-05-03
2023-05-03 03:02:00,16.969999,74.619995,0.0,413,60.600002,22.400002,7,2023-05-03
2023-05-03 03:32:00,16.859999,72.790001,0.0,413,60.5,22.200001,7,2023-05-03
2023-05-03 04:02:00,16.699999,72.739998,0.0,413,60.5,22.1,7,2023-05-03
2023-05-03 04:32:00,16.499998,72.400002,0.16,413,60.400002,22.0,7,2023-05-03
2023-05-03 05:02:00,16.499998,62.82,0.7,413,60.299999,21.800001,7,2023-05-03
2023-05-03 05:32:00,17.15,64.760002,1.39,413,60.299999,21.700001,7,2023-05-03
2023-05-03 06:02:00,18.369999,51.699997,2.35,413,60.200001,21.6,7,2023-05-03
2023-05-03 06:32:00,20.159998,48.419998,3.47,413,60.100002,21.5,7,2023-05-03
2023-05-03 07:02:00,22.459999,51.739998,5.03,413,60.100002,21.400002,7,2023-05-03
2023-05-03 07:32:00,25.279999,47.579998,17.299999,421,60.0,21.300001,7,2023-05-03
2023-05-03 08:02:00,29.309998,42.639999,20.33,518,59.900002,21.200001,7,2023-05-03
2023-05-03 08:32:00,30.469999,25.769999,25.99,533,59.900002,21.1,7,2023-05-03
2023-05-03 09:02:00,30.779999,25.269999,13.429999,548,59.900002,21.1,7,2023-05-03
2023-05-03 09:32:00,31.809998,24.35,13.08,574,59.900002,21.200001,7,2023-05-03
2023-05-03 10:02:00,33.289997,25.619999,14.929999,582,59.900002,21.300001,7,2023-05-03
2023-05-03 10:32:00,35.539997,26.92,15.349999,623,59.900002,21.400002,7,2023-05-03
2023-05-03 11:02:00,38.019997,23.969999,16.76,664,60.0,21.6,7,2023-05-03
2023-05-03 11:32:00,39.339996,21.4,18.059999,684,60.100002,21.800001,7,2023-05-03
2023-05-03 12:02:00,40.149998,18.32,19.6,713,60.200001,22.0,7,2023-05-03
2023-05-03 12:32:00,41.029999,18.93,25.58,655,60.299999,22.300001,7,2023-05-03
2023-05-03 13:02:00,42.25,19.6,19.459999,661,60.400002,22.6,7,2023-05-03
2023-05-03 13:32:00,42.399998,17.32,32.02,664,60.5,22.900002,7,2023-05-03
2023-05-03 14:02:00,39.429996,18.92,5.68,664,60.600002,23.300001,7,2023-05-03
2023-05-03 14:32:00,32.219997,24.16,8.52,630,60.700001,23.6,7,2023-05-03
2023-05-03 15:02:00,29.629999,27.73,3.78,574,60.799999,24.0,7,2023-05-03
2023-05-03 15:32:00,27.529999,31.01,4.45,540,60.900002,24.300001,7,2023-05-03
2023-05-03 16:02:00,27.019999,38.599998,2.02,526,60.900002,24.5,7,2023-05-03
2023-05-03 16:32:00,27.609999,43.489998,1.78,529,61.0,24.6,7,2023-05-03
2023-05-03 17:02:00,27.819998,47.860001,1.74,511,61.0,24.800001,7,2023-05-03
2023-05-03 17:32:00,27.519999,50.489998,0.81,537,61.0,24.800001,7,2023-05-03
2023-05-03 18:02:00,26.599998,54.48,0.19,518,61.0,24.900002,7,2023-05-03
2023-05-03 18:32:00,25.349998,59.649998,0.04,533,61.0,24.900002,7,2023-05-03
2023-05-03 19:02:00,24.349998,63.119999,0.0,537,60.900002,24.900002,7,2023-05-03
2023-05-03 19:32:00,23.349998,67.769997,0.0,533,60.900002,24.800001,7,2023-05-03
2023-05-03 20:02:00,22.129999,72.07,0.0,511,60.900002,24.800001,7,2023-05-03
2023-05-03 20:32:00,21.569998,73.279999,0.0,522,60.799999,24.700001,7,2023-05-03
2023-05-03 21:02:00,21.199999,74.209999,0.0,533,60.700001,24.6,7,2023-05-03
2023-05-03 21:32:00,20.869999,74.75,0.0,488,60.600002,24.5,7,2023-05-03
2023-05-03 22:02:00,20.499998,76.089996,0.0,522,60.600002,24.300001,7,2023-05-03
2023-05-03 22:32:00,20.169998,76.769997,0.0,518,60.5,24.300001,7,2023-05-03
2023-05-03 23:02:00,19.949999,78.349998,0.0,495,60.5,24.1,7,2023-05-03
2023-05-03 23:32:00,19.749998,78.739998,0.0,492,60.299999,24.0,7,2023-05-03
2023-05-04 00:02:00,19.599998,79.400002,0.0,477,60.299999,23.900002,7,2023-05-04
2023-05-04 00:32:00,19.459999,80.470001,0.0,507,60.200001,23.800001,7,2023-05-04
2023-05-04 01:02:00,19.269999,80.439995,0.0,458,60.100002,23.6,7,2023-05-04
2023-05-04 01:32:00,19.099998,80.729996,0.0,499,60.100002,23.5,7,2023-05-04
2023-05-04 02:02:00,18.9,81.769997,0.0,484,60.100002,23.400002,7,2023-05-04
2023-05-04 02:32:00,18.739998,82.839996,0.0,484,59.900002,23.200001,7,2023-05-04
2023-05-04 03:02:00,18.529999,82.110001,0.0,473,59.900002,23.1,7,2023-05-04
2023-05-04 03:32:00,18.209999,82.779999,0.0,462,59.799999,23.0,7,2023-05-04
2023-05-04 04:02:00,17.989998,83.650002,0.0,465,59.700001,22.900002,7,2023-05-04
2023-05-04 04:32:00,17.879999,84.019997,0.08,462,59.700001,22.800001,7,2023-05-04
2023-05-04 05:02:00,17.869999,84.43,0.35,450,59.600002,22.6,7,2023-05-04
2023-05-04 05:32:00,18.139999,83.659996,0.69,439,59.5,22.5,7,2023-05-04
2023-05-04 06:02:00,18.589998,83.129997,1.41,447,59.5,22.5,7,2023-05-04
2023-05-04 06:32:00,19.279999,81.68,1.21,443,59.5,22.300001,7,2023-05-04
2023-05-04 07:02:00,19.65,80.57,1.81,454,59.400002,22.200001,7,2023-05-04
2023-05-04 07:32:00,19.799999,80.290001,0.68,425,59.299999,22.1,7,2023-05-04
2023-05-04 08:02:00,19.239998,80.299995,2.53,447,59.299999,22.0,7,2023-05-04
2023-05-04 08:32:00,18.809999,81.659996,5.25,425,59.200001,22.0,7,2023-05-04
2023-05-04 09:02:00,19.139999,81.43,4.69,413,59.200001,21.900002,7,2023-05-04
2023-05-04 09:32:00,20.169998,79.979996,11.96,432,59.100002,21.800001,7,2023-05-04
2023-05-04 10:02:00,22.569998,69.900002,7.31,443,59.100002,21.800001,7,2023-05-04
2023-05-04 10:32:00,21.349998,62.879997,7.32,413,59.100002,21.700001,7,2023-05-04
2023-05-04 11:02:00,20.419998,60.84,6.55,413,59.0,21.6,7,2023-05-04
2023-05-04 11:32:00,20.539999,60.23,12.7,413,59.100002,21.6,7,2023-05-04
2023-05-04 12:02:00,22.689999,51.969997,11.37,413,59.0,21.6,7,2023-05-04
2023-05-04 12:32:00,23.829998,51.599998,10.76,413,59.0,21.6,7,2023-05-04
2023-05-04 13:02:00,24.909998,49.539997,15.27,413,59.0,21.6,7,2023-05-04
2023-05-04 13:32:00,26.639999,41.700001,14.12,447,59.0,21.700001,7,2023-05-04
2023-05-04 14:02:00,26.739998,38.559998,14.52,477,59.0,21.700001,7,2023-05-04
2023-05-04 14:32:00,26.819998,38.139999,12.429999,466,59.0,21.800001,7,2023-05-04
2023-05-04 15:02:00,27.359999,35.59,12.24,477,59.0,21.900002,7,2023-05-04
2023-05-04 15:32:00,27.199999,33.239998,13.42,503,59.100002,22.0,7,2023-05-04
2023-05-04 16:02:00,27.279999,30.969999,10.969999,492,59.100002,22.1,7,2023-05-04
2023-05-04 16:32:00,25.909998,26.73,6.3,473,59.100002,22.300001,7,2023-05-04
2023-05-04 17:02:00,24.279999,31.099998,2.24,424,59.200001,22.400002,7,2023-05-04
2023-05-04 17:32:00,24.429998,38.779999,0.93,417,59.299999,22.6,7,2023-05-04
2023-05-04 18:02:00,23.799999,45.169998,0.7,428,59.299999,22.700001,7,2023-05-04
2023-05-04 18:32:00,22.399998,54.5,0.12,413,59.299999,22.800001,7,2023-05-04
2023-05-04 19:02:00,20.319998,63.09,0.0,439,59.299999,22.800001,7,2023-05-04
2023-05-04 19:32:00,18.939999,67.860001,0.0,413,59.299999,22.900002,7,2023-05-04
2023-05-04 20:02:00,18.269999,72.099998,0.0,413,59.299999,22.900002,7,2023-05-04
2023-05-04 20:32:00,17.949999,73.369995,0.0,421,59.299999,22.800001,7,2023-05-04
2023-05-04 21:02:00,17.559999,74.260002,0.0,413,59.299999,22.800001,7,2023-05-04
2023-05-04 21:32:00,17.299999,75.119995,0.0,413,59.200001,22.800001,7,2023-05-04
2023-05-04 22:02:00,16.999998,74.25,0.0,413,59.200001,22.6,7,2023-05-04
2023-05-04 22:32:00,16.579998,74.93,0.0,413,59.100002,22.6,7,2023-05-04
2023-05-04 23:02:00,16.209999,75.479996,0.0,413,59.100002,22.5,7,2023-05-04
2023-05-04 23:32:00,16.059999,77.559998,0.0,413,59.0,22.400002,7,2023-05-04
2023-05-05 00:02:00,16.079998,78.619995,0.0,413,58.900002,22.300001,7,2023-05-05
2023-05-05 00:32:00,16.099998,76.220001,0.0,413,58.900002,22.200001,7,2023-05-05
2023-05-05 01:02:00,16.029999,76.729996,0.0,413,58.799999,22.1,7,2023-05-05
2023-05-05 01:32:00,15.979999,76.839996,0.0,413,58.700001,22.0,7,2023-05-05
2023-05-05 02:02:00,15.879999,75.110001,0.0,413,58.700001,21.800001,7,2023-05-05
2023-05-05 02:32:00,15.769999,75.610001,0.0,413,58.600002,21.700001,7,2023-05-05
2023-05-05 03:02:00,15.689999,76.07,0.0,413,58.600002,21.6,7,2023-05-05
2023-05-05 03:32:00,15.549998,75.290001,0.0,413,58.5,21.5,7,2023-05-05
2023-05-05 04:02:00,15.479999,76.970001,0.0,413,58.5,21.400002,7,2023-05-05
2023-05-05 04:32:00,15.379999,77.739998,0.09,413,58.400002,21.300001,7,2023-05-05
2023-05-05 05:02:00,15.299999,78.309998,0.23,413,58.299999,21.200001,7,2023-05-05
2023-05-05 05:32:00,15.429998,77.019997,0.77,413,58.299999,21.1,7,2023-05-05
2023-05-05 06:02:00,15.879999,77.470001,1.68,413,58.200001,21.0,7,2023-05-05
2023-05-05 06:32:00,16.98,73.839996,3.38,413,58.200001,21.0,7,2023-05-05
2023-05-05 07:02:00,19.439999,71.439995,13.04,413,58.100002,20.800001,7,2023-05-05
2023-05-05 07:32:00,20.039999,38.040001,12.24,413,58.100002,20.800001,7,2023-05-05
2023-05-05 08:02:00,20.709999,34.299999,14.42,413,58.100002,20.700001,7,2023-05-05
2023-05-05 08:32:00,21.009998,37.77,26.969999,413,58.0,20.6,7,2023-05-05
2023-05-05 09:02:00,20.639999,31.869999,17.07,413,58.0,20.6,7,2023-05-05
2023-05-05 09:32:00,21.879999,26.75,37.950001,413,58.0,20.700001,7,2023-05-05
2023-05-05 10:02:00,23.459999,27.209999,35.380001,436,58.0,20.800001,7,2023-05-05
2023-05-05 10:32:00,24.929998,27.48,42.77,469,58.100002,20.900002,7,2023-05-05
2023-05-05 11:02:00,25.659998,22.859999,33.849998,499,58.100002,21.0,7,2023-05-05
2023-05-05 11:32:00,27.279999,23.799999,36.579998,514,58.200001,21.200001,7,2023-05-05
2023-05-05 12:02:00,27.349998,21.66,40.379997,507,58.299999,21.5,7,2023-05-05
2023-05-05 12:32:00,28.279999,20.129999,40.049999,537,58.299999,21.800001,7,2023-05-05
2023-05-05 13:02:00,26.089998,21.32,26.84,503,58.5,22.0,7,2023-05-05
2023-05-05 13:32:00,27.569998,18.119999,46.399998,473,58.600002,22.300001,7,2023-05-05
2023-05-05 14:02:00,27.979998,17.99,31.019999,499,58.700001,22.6,7,2023-05-05
2023-05-05 14:32:00,26.579998,20.109999,22.67,436,58.799999,23.0,7,2023-05-05
2023-05-05 15:02:00,26.579998,21.51,23.48,488,58.900002,23.300001,7,2023-05-05
2023-05-05 15:32:00,25.599998,23.059999,8.23,421,59.100002,23.6,7,2023-05-05
2023-05-05 16:02:00,25.009998,22.519999,7.14,462,59.200001,23.900002,7,2023-05-05
2023-05-05 16:32:00,23.689999,20.08,8.04,432,59.299999,24.1,7,2023-05-05
2023-05-05 17:02:00,22.759998,22.32,5.8,413,59.299999,24.400002,7,2023-05-05
2023-05-05 17:32:00,24.329998,25.75,2.87,428,59.400002,24.5,7,2023-05-05
2023-05-05 18:02:00,23.929998,35.899998,1.45,436,59.5,24.700001,7,2023-05-05
2023-05-05 18:32:00,21.829998,43.619999,0.3,413,59.5,24.800001,7,2023-05-05
2023-05-05 19:02:00,19.899998,51.41,0.01,413,59.5,24.800001,7,2023-05-05
2023-05-05 19:32:00,18.65,57.009998,0.0,413,59.5,24.800001,7,2023-05-05
2023-05-05 20:02:00,17.769999,59.869999,0.0,413,59.400002,24.800001,7,2023-05-05
2023-05-05 20:32:00,17.119999,63.439999,0.0,413,59.299999,24.6,7,2023-05-05
2023-05-05 21:02:00,16.509998,65.479996,0.0,413,59.299999,24.6,7,2023-05-05
2023-05-05 21:32:00,15.939999,68.229996,0.0,413,59.200001,24.400002,7,2023-05-05
2023-05-05 22:02:00,15.439999,71.059998,0.0,413,59.100002,24.300001,7,2023-05-05
2023-05-05 22:32:00,14.989999,71.309998,0.0,413,59.100002,24.1,7,2023-05-05
2023-05-05 23:02:00,14.639998,71.110001,0.0,413,59.0,24.0,7,2023-05-05
2023-05-05 23:32:00,14.339999,73.5,0.0,413,58.900002,23.800001,7,2023-05-05
2023-05-06 00:02:00,14.159999,74.529999,0.0,413,58.799999,23.6,7,2023-05-06
2023-05-06 00:32:00,13.909999,73.519997,0.0,413,58.700001,23.5,7,2023-05-06
2023-05-06 01:02:00,13.679998,74.32,0.0,413,58.600002,23.300001,7,2023-05-06
2023-05-06 01:32:00,13.409999,75.970001,0.0,413,58.5,23.1,7,2023-05-06
2023-05-06 02:02:00,13.099998,77.68,0.0,413,58.400002,23.0,7,2023-05-06
2023-05-06 02:32:00,12.749999,78.610001,0.0,413,58.299999,22.800001,7,2023-05-06
2023-05-06 03:02:00,12.369999,79.150002,0.0,413,58.299999,22.6,7,2023-05-06
2023-05-06 03:32:00,11.989999,79.0,0.0,413,58.100002,22.400002,7,2023-05-06
2023-05-06 04:02:00,11.529999,80.049995,0.03,413,58.100002,22.300001,7,2023-05-06
2023-05-06 04:32:00,11.369999,81.119995,0.59,413,58.0,22.1,7,2023-05-06
2023-05-06 05:02:00,11.649999,81.519997,1.88,413,57.900002,21.900002,7,2023-05-06
2023-05-06 05:32:00,12.859999,80.729996,4.33,413,57.799999,21.800001,7,2023-05-06
2023-05-06 06:02:00,15.679998,75.209999,8.01,413,57.700001,21.6,7,2023-05-06
2023-05-06 06:32:00,19.609999,67.619995,7.15,413,57.600002,21.5,7,2023-05-06
2023-05-06 07:02:00,23.759998,61.209999,14.87,435,57.600002,21.300001,7,2023-05-06
2023-05-06 07:32:00,29.389999,37.349998,22.879999,529,57.400002,21.200001,7,2023-05-06
2023-05-06 08:02:00,29.739998,22.9,26.209999,510,57.400002,21.1,7,2023-05-06
2023-05-06 08:32:00,31.149998,19.289999,30.449999,522,57.400002,21.1,7,2023-05-06
2023-05-06 09:02:00,32.389999,18.74,36.959999,593,57.400002,21.1,7,2023-05-06
2023-05-06 09:32:00,33.919998,18.129999,40.07,627,57.400002,21.300001,7,2023-05-06
2023-05-06 10:02:00,33.889999,16.91,48.509998,630,57.5,21.400002,7,2023-05-06
2023-05-06 10:32:00,34.679996,17.66,42.129997,653,57.5,21.6,7,2023-05-06
2023-05-06 11:02:00,35.269997,17.01,36.989998,657,57.700001,21.900002,7,2023-05-06
2023-05-06 11:32:00,36.859997,15.12,30.269999,658,57.700001,22.300001,7,2023-05-06
2023-05-06 12:02:00,36.969997,15.16,55.299999,646,57.900002,22.700001,7,2023-05-06
2023-05-06 12:32:00,37.809998,13.65,54.879997,676,58.100002,23.200001,7,2023-05-06
2023-05-06 13:02:00,38.389999,15.089999,35.349998,683,58.400002,23.800001,7,2023-05-06
2023-05-06 13:32:00,40.0,12.759999,46.360001,683,58.600002,24.400002,7,2023-05-06
2023-05-06 14:02:00,38.869999,12.96,4.52,667,58.900002,25.0,7,2023-05-06
2023-05-06 14:32:00,38.269997,14.53,4.45,676,59.100002,25.700001,7,2023-05-06
2023-05-06 15:02:00,34.469997,13.0,25.889999,653,59.299999,26.300001,7,2023-05-06
2023-05-06 15:32:00,32.769997,13.509999,9.52,612,59.5,26.800001,7,2023-05-06
2023-05-06 16:02:00,31.019999,15.82,8.429999,563,59.700001,27.1,7,2023-05-06
2023-05-06 16:32:00,29.889999,20.959999,7.99,556,59.700001,27.5,7,2023-05-06
2023-05-06 17:02:00,29.449999,19.59,6.08,548,59.900002,27.700001,7,2023-05-06
2023-05-06 17:32:00,30.139997,22.65,2.98,537,59.900002,27.900002,7,2023-05-06
2023-05-06 18:02:00,28.609999,31.629999,1.52,555,59.900002,28.0,7,2023-05-06
2023-05-06 18:32:00,25.949999,39.91,0.39,544,59.900002,28.0,7,2023-05-06
2023-05-06 19:02:00,22.929998,48.529999,0.01,450,59.900002,28.0,7,2023-05-06
2023-05-06 19:32:00,20.989998,53.899998,0.0,488,59.900002,28.0,7,2023-05-06
2023-05-06 20:02:00,19.489998,58.919998,0.0,424,59.799999,27.800001,7,2023-05-06
2023-05-06 20:32:00,18.369999,62.309998,0.0,443,59.700001,27.700001,7,2023-05-06
2023-05-06 21:02:00,17.449999,65.25,0.0,436,59.700001,27.5,7,2023-05-06
2023-05-06 21:32:00,16.699999,66.369995,0.0,420,59.5,27.300001,7,2023-05-06
2023-05-06 22:02:00,15.929998,68.529999,0.0,413,59.400002,27.1,7,2023-05-06
2023-05-06 22:32:00,15.299999,69.479996,0.0,417,59.299999,26.900002,7,2023-05-06
2023-05-06 23:02:00,14.759998,71.089996,0.0,413,59.200001,26.6,7,2023-05-06
2023-05-06 23:32:00,14.289999,72.110001,0.0,413,59.100002,26.400002,7,2023-05-06
2023-05-07 00:02:00,14.029999,74.260002,0.0,413,58.900002,26.1,7,2023-05-07
2023-05-07 00:32:00,13.709999,74.559998,0.0,413,58.900002,25.900002,7,2023-05-07
2023-05-07 01:02:00,13.409999,75.57,0.0,413,58.700001,25.6,7,2023-05-07
2023-05-07 01:32:00,13.059999,75.970001,0.0,413,58.600002,25.400002,7,2023-05-07
2023-05-07 02:02:00,12.769999,76.619995,0.0,413,58.5,25.1,7,2023-05-07
2023-05-07 02:32:00,12.409999,77.479996,0.0,413,58.299999,24.900002,7,2023-05-07
2023-05-07 03:02:00,12.069999,76.879997,0.0,413,58.299999,24.6,7,2023-05-07
2023-05-07 03:32:00,11.649999,78.709999,0.0,413,58.100002,24.400002,7,2023-05-07
2023-05-07 04:02:00,11.359999,77.799995,0.04,413,58.0,24.200001,7,2023-05-07
2023-05-07 04:32:00,11.079999,78.470001,0.59,413,57.900002,24.0,7,2023-05-07
2023-05-07 05:02:00,11.439999,79.970001,1.76,413,57.799999,23.800001,7,2023-05-07
2023-05-07 05:32:00,12.789999,79.529999,4.84,413,57.700001,23.5,7,2023-05-07
2023-05-07 06:02:00,16.15,73.939995,8.309999,413,57.600002,23.300001,7,2023-05-07
2023-05-07 06:32:00,20.369999,65.449997,6.56,454,57.5,23.1,7,2023-05-07
2023-05-07 07:02:00,24.419998,59.939999,14.99,526,57.400002,23.0,7,2023-05-07
2023-05-07 07:32:00,30.449999,41.439999,24.99,597,57.299999,22.800001,7,2023-05-07
2023-05-07 08:02:00,31.419998,18.379999,26.51,518,57.200001,22.700001,7,2023-05-07
2023-05-07 08:32:00,31.269999,15.36,34.349998,582,57.200001,22.700001,7,2023-05-07
2023-05-07 09:02:00,31.259998,17.359999,38.48,563,57.200001,22.700001,7,2023-05-07
2023-05-07 09:32:00,32.879997,15.32,39.869999,589,57.100002,22.800001,7,2023-05-07
2023-05-07 10:02:00,33.939999,14.71,47.989998,623,57.200001,23.0,7,2023-05-07
2023-05-07 10:32:00,33.899998,14.5,39.829998,627,57.299999,23.300001,7,2023-05-07
2023-05-07 11:02:00,35.57,12.91,36.139999,638,57.400002,23.6,7,2023-05-07
2023-05-07 11:32:00,36.099998,11.87,57.110001,641,57.600002,24.0,7,2023-05-07
2023-05-07 12:02:00,37.0,12.13,56.619999,642,57.700001,24.300001,7,2023-05-07
2023-05-07 12:32:00,38.669998,10.32,55.849998,707,57.900002,24.900002,7,2023-05-07
2023-05-07 13:02:00,37.419998,12.4,28.529999,646,58.100002,25.5,7,2023-05-07
2023-05-07 13:32:00,38.399998,11.179999,53.02,672,58.299999,26.1,7,2023-05-07
2023-05-07 14:02:00,37.049999,10.75,44.649998,625,58.600002,26.800001,7,2023-05-07
2023-05-07 14:32:00,36.579998,11.9,24.869999,644,58.900002,27.5,7,2023-05-07
2023-05-07 15:02:00,35.369999,11.87,27.23,661,59.100002,28.1,7,2023-05-07
2023-05-07 15:32:00,33.779999,13.46,9.809999,623,59.299999,28.6,7,2023-05-07
2023-05-07 16:02:00,31.529999,16.18,8.36,608,59.5,29.0,7,2023-05-07
2023-05-07 16:32:00,31.599998,16.02,8.63,582,59.600002,29.300001,7,2023-05-07
2023-05-07 17:02:00,34.389999,22.93,6.92,616,59.700001,29.6,7,2023-05-07
2023-05-07 17:32:00,34.469997,24.76,2.91,608,59.700001,29.800001,7,2023-05-07
2023-05-07 18:02:00,31.729998,27.809999,1.35,574,59.700001,29.900002,7,2023-05-07
2023-05-07 18:32:00,27.619999,34.130001,0.41,544,59.700001,29.900002,7,2023-05-07
2023-05-07 19:02:00,24.299999,38.629997,0.01,511,59.700001,29.900002,7,2023-05-07
2023-05-07 19:32:00,22.099998,45.860001,0.0,473,59.700001,29.800001,7,2023-05-07
2023-05-07 20:02:00,20.549999,45.099998,0.0,484,59.700001,29.700001,7,2023-05-07
2023-05-07 20:32:00,19.329998,46.200001,0.0,454,59.5,29.5,7,2023-05-07
2023-05-07 21:02:00,18.489998,48.77,0.0,413,59.5,29.300001,7,2023-05-07
2023-05-07 21:32:00,17.989998,48.579998,0.0,436,59.299999,29.1,7,2023-05-07
2023-05-07 22:02:00,17.309999,53.949997,0.0,413,59.200001,28.800001,7,2023-05-07
2023-05-07 22:32:00,16.509998,55.610001,0.0,413,59.100002,28.6,7,2023-05-07
2023-05-07 23:02:00,15.879999,56.169998,0.0,413,59.0,28.300001,7,2023-05-07
2023-05-07 23:32:00,15.319999,56.669998,0.0,413,58.900002,28.0,7,2023-05-07
2023-05-08 00:02:00,14.949999,59.209999,0.0,413,58.700001,27.800001,7,2023-05-08
2023-05-08 00:32:00,14.599998,60.549999,0.0,413,58.600002,27.5,7,2023-05-08
2023-05-08 01:02:00,14.259998,61.41,0.0,413,58.5,27.200001,7,2023-05-08
2023-05-08 01:32:00,14.109999,64.729996,0.0,413,58.299999,27.0,7,2023-05-08
2023-05-08 02:02:00,14.009998,67.449997,0.0,413,58.200001,26.6,7,2023-05-08
2023-05-08 02:32:00,13.929998,67.080002,0.0,413,58.100002,26.400002,7,2023-05-08
2023-05-08 03:02:00,13.949999,70.510002,0.0,413,57.900002,26.1,7,2023-05-08
2023-05-08 03:32:00,13.909999,69.439995,0.0,413,57.799999,25.900002,7,2023-05-08
2023-05-08 04:02:00,13.759998,68.619995,0.05,413,57.700001,25.6,7,2023-05-08
2023-05-08 04:32:00,13.519999,60.489998,0.66,413,57.600002,25.400002,7,2023-05-08
2023-05-08 05:02:00,13.819999,59.57,1.77,413,57.400002,25.200001,7,2023-05-08
2023-05-08 05:32:00,15.169999,55.049999,5.41,413,57.400002,25.0,7,2023-05-08
2023-05-08 06:02:00,18.65,49.739998,8.69,413,57.200001,24.800001,7,2023-05-08
2023-05-08 06:32:00,21.339998,41.77,10.34,417,57.100002,24.6,7,2023-05-08
2023-05-08 07:02:00,22.029999,38.259998,5.33,421,57.0,24.400002,7,2023-05-08
2023-05-08 07:32:00,24.369999,34.959999,6.33,458,56.900002,24.300001,7,2023-05-08
2023-05-08 08:02:00,26.479998,32.329998,9.54,470,56.799999,24.1,7,2023-05-08
2023-05-08 08:32:00,28.229998,19.74,38.049999,499,56.799999,24.1,7,2023-05-08
2023-05-08 09:02:00,29.239998,20.5,38.52,507,56.700001,24.0,7,2023-05-08
2023-05-08 09:32:00,28.769999,19.49,15.309999,495,56.700001,24.1,7,2023-05-08
2023-05-08 10:02:00,29.359999,21.059999,33.889999,518,56.700001,24.1,7,2023-05-08
2023-05-08 10:32:00,30.169998,20.049999,37.689999,556,56.799999,24.300001,7,2023-05-08
2023-05-08 11:02:00,31.509998,18.109999,33.349998,593,56.799999,24.5,7,2023-05-08
2023-05-08 11:32:00,32.539997,15.089999,54.139999,605,56.900002,24.700001,7,2023-05-08
2023-05-08 12:02:00,33.599998,13.759999,52.84,616,57.0,25.0,7,2023-05-08
2023-05-08 12:32:00,34.539997,14.62,58.16,627,57.0,25.400002,7,2023-05-08
2023-05-08 13:02:00,32.459999,16.25,27.25,555,57.200001,25.800001,7,2023-05-08
2023-05-08 13:32:00,34.399998,15.78,53.469997,608,57.400002,26.300001,7,2023-05-08
2023-05-08 14:02:00,33.57,15.24,48.439999,585,57.600002,26.900002,7,2023-05-08
2023-05-08 14:32:00,32.379997,15.719999,24.01,559,57.799999,27.5,7,2023-05-08
2023-05-08 15:02:00,30.629999,16.359999,29.73,537,58.0,28.0,7,2023-05-08
2023-05-08 15:32:00,29.819998,15.25,8.78,518,58.200001,28.5,7,2023-05-08
2023-05-08 16:02:00,28.449999,19.029999,7.61,518,58.299999,28.800001,7,2023-05-08
2023-05-08 16:32:00,27.999998,17.15,8.309999,522,58.5,29.1,7,2023-05-08
2023-05-08 17:02:00,29.429998,17.029999,7.1,518,58.5,29.300001,7,2023-05-08
2023-05-08 17:32:00,29.839998,16.58,1.93,511,58.600002,29.5,7,2023-05-08
2023-05-08 18:02:00,27.619999,22.23,1.32,447,58.600002,29.5,7,2023-05-08
2023-05-08 18:32:00,24.809999,29.01,0.43,469,58.600002,29.5,7,2023-05-08
2023-05-08 19:02:00,22.739998,32.719997,0.01,466,58.600002,29.5,7,2023-05-08
2023-05-08 19:32:00,21.219999,36.669998,0.0,417,58.5,29.400002,7,2023-05-08
2023-05-08 20:02:00,19.699999,40.040001,0.0,413,58.5,29.200001,7,2023-05-08
2023-05-08 20:32:00,18.309999,44.849998,0.0,413,58.400002,29.1,7,2023-05-08
2023-05-08 21:02:00,16.949999,46.989998,0.0,413,58.400002,28.800001,7,2023-05-08
2023-05-08 21:32:00,15.889998,49.629997,0.0,413,58.299999,28.6,7,2023-05-08
2023-05-08 22:02:00,15.069999,52.119999,0.0,413,58.100002,28.400002,7,2023-05-08
2023-05-08 22:32:00,14.409999,53.5,0.0,413,58.0,28.1,7,2023-05-08
2023-05-08 23:02:00,14.339999,56.829998,0.0,413,57.900002,27.900002,7,2023-05-08
2023-05-08 23:32:00,14.329999,54.559998,0.0,413,57.700001,27.6,7,2023-05-08
2023-05-09 00:02:00,13.759998,54.209999,0.0,413,57.600002,27.300001,7,2023-05-09
2023-05-09 00:32:00,12.939999,55.369999,0.0,413,57.5,27.1,7,2023-05-09
2023-05-09 01:02:00,12.409999,58.07,0.0,413,57.400002,26.800001,7,2023-05-09
2023-05-09 01:32:00,11.919999,58.75,0.0,413,57.299999,26.5,7,2023-05-09
2023-05-09 02:02:00,11.559999,61.439999,0.0,413,57.200001,26.300001,7,2023-05-09
2023-05-09 02:32:00,11.479999,62.669998,0.0,413,57.0,26.0,7,2023-05-09
2023-05-09 03:02:00,11.829999,64.099998,0.0,413,56.900002,25.800001,7,2023-05-09
2023-05-09 03:32:00,11.769999,61.91,0.0,413,56.799999,25.5,7,2023-05-09
2023-05-09 04:02:00,11.849998,58.779999,0.05,413,56.600002,25.300001,7,2023-05-09
2023-05-09 04:32:00,11.849998,59.939999,0.71,413,56.600002,25.1,7,2023-05-09
2023-05-09 05:02:00,12.239999,60.389999,1.8,413,56.400002,24.800001,7,2023-05-09
2023-05-09 05:32:00,13.569999,54.529999,6.1,413,56.299999,24.6,7,2023-05-09
2023-05-09 06:02:00,17.879999,47.419998,9.55,413,56.200001,24.400002,7,2023-05-09
2023-05-09 06:32:00,21.579998,39.369999,6.14,413,56.100002,24.200001,7,2023-05-09
2023-05-09 07:02:00,25.349998,35.619999,17.66,466,56.0,24.0,7,2023-05-09
2023-05-09 07:32:00,31.059998,30.959999,23.23,514,55.900002,23.900002,7,2023-05-09
2023-05-09 08:02:00,34.179996,15.45,23.73,570,55.799999,23.800001,7,2023-05-09
2023-05-09 08:32:00,27.449999,14.679999,35.77,484,55.799999,23.800001,7,2023-05-09
2023-05-09 09:02:00,25.749998,17.07,21.68,462,55.700001,23.800001,7,2023-05-09
2023-05-09 09:32:00,26.739998,23.99,21.549999,450,55.799999,24.0,7,2023-05-09
2023-05-09 10:02:00,26.619999,22.26,11.05,462,55.799999,24.1,7,2023-05-09
2023-05-09 10:32:00,26.399998,19.1,12.66,454,55.900002,24.300001,7,2023-05-09
2023-05-09 11:02:00,27.859999,17.469999,12.98,466,55.900002,24.5,7,2023-05-09
2023-05-09 11:32:00,26.879999,15.759999,16.58,450,56.0,24.6,7,2023-05-09
2023-05-09 12:02:00,27.949999,14.799999,11.99,484,56.100002,24.800001,7,2023-05-09
2023-05-09 12:32:00,29.939999,14.589999,53.529999,529,56.100002,25.0,7,2023-05-09
2023-05-09 13:02:00,27.469999,14.24,19.52,495,56.100002,25.1,7,2023-05-09
2023-05-09 13:32:00,24.419998,15.27,35.93,447,56.200001,25.300001,7,2023-05-09
2023-05-09 14:02:00,24.819998,16.68,39.610001,436,56.299999,25.6,7,2023-05-09
2023-05-09 14:32:00,28.149998,14.37,25.07,496,56.299999,25.800001,7,2023-05-09
2023-05-09 15:02:00,27.029999,14.53,14.57,462,56.400002,26.0,7,2023-05-09
2023-05-09 15:32:00,23.759998,17.15,9.63,436,56.5,26.1,7,2023-05-09
2023-05-09 16:02:00,23.319998,16.26,7.8,417,56.5,26.300001,7,2023-05-09
2023-05-09 16:32:00,22.819998,17.09,8.75,417,56.600002,26.5,7,2023-05-09
2023-05-09 17:02:00,24.419998,23.9,2.95,413,56.600002,26.6,7,2023-05-09
2023-05-09 17:32:00,23.799999,28.16,2.07,413,56.600002,26.6,7,2023-05-09
2023-05-09 18:02:00,22.109999,29.49,1.15,417,56.600002,26.700001,7,2023-05-09
2023-05-09 18:32:00,20.579998,35.389999,0.36,413,56.700001,26.700001,7,2023-05-09
2023-05-09 19:02:00,18.65,41.279999,0.02,413,56.600002,26.6,7,2023-05-09
2023-05-09 19:32:00,16.98,45.91,0.0,413,56.600002,26.6,7,2023-05-09
2023-05-09 20:02:00,15.669999,49.489998,0.0,413,56.5,26.5,7,2023-05-09
2023-05-09 20:32:00,14.799999,52.02,0.0,413,56.5,26.300001,7,2023-05-09
2023-05-09 21:02:00,13.839999,55.739998,0.0,413,56.400002,26.200001,7,2023-05-09
2023-05-09 21:32:00,13.089999,57.689999,0.0,413,56.299999,26.0,7,2023-05-09
2023-05-09 22:02:00,12.789999,60.289997,0.0,413,56.299999,25.800001,7,2023-05-09
2023-05-09 22:32:00,12.149999,61.459999,0.0,413,56.200001,25.6,7,2023-05-09
2023-05-09 23:02:00,11.919999,64.099998,0.0,413,56.100002,25.400002,7,2023-05-09
2023-05-09 23:32:00,11.689999,64.549995,0.0,413,56.0,25.200001,7,2023-05-09
2023-05-10 00:02:00,11.789999,65.559998,0.0,413,55.900002,25.0,7,2023-05-10
2023-05-10 00:32:00,11.849998,61.43,0.0,413,55.799999,24.800001,7,2023-05-10
2023-05-10 01:02:00,11.829999,61.489998,0.0,413,55.700001,24.6,7,2023-05-10
2023-05-10 01:32:00,11.629999,64.729996,0.0,413,55.5,24.300001,7,2023-05-10
2023-05-10 02:02:00,11.379999,64.900002,0.0,413,55.5,24.1,7,2023-05-10
2023-05-10 02:32:00,10.859999,67.619995,0.0,413,55.400002,24.0,7,2023-05-10
2023-05-10 03:02:00,10.339999,65.959999,0.0,413,55.299999,23.800001,7,2023-05-10
2023-05-10 03:32:00,10.119999,68.860001,0.0,413,55.200001,23.6,7,2023-05-10
2023-05-10 04:02:00,10.029999,67.629997,0.06,413,55.0,23.400002,7,2023-05-10
2023-05-10 04:32:00,10.019999,68.019997,0.64,413,55.0,23.200001,7,2023-05-10
2023-05-10 05:02:00,10.409999,67.209999,1.72,413,54.900002,23.0,7,2023-05-10
2023-05-10 05:32:00,11.779999,64.549995,5.16,413,54.799999,22.800001,7,2023-05-10
2023-05-10 06:02:00,15.259998,55.73,8.33,413,54.700001,22.6,7,2023-05-10
2023-05-10 06:32:00,18.73,46.329998,6.61,413,54.600002,22.5,7,2023-05-10
2023-05-10 07:02:00,22.249998,39.369999,16.66,413,54.5,22.300001,7,2023-05-10
2023-05-10 07:32:00,27.149998,31.92,21.18,450,54.5,22.300001,7,2023-05-10
2023-05-10 08:02:00,32.07,25.269999,21.83,533,54.400002,22.1,7,2023-05-10
2023-05-10 08:32:00,24.509998,24.459999,35.349998,477,54.400002,22.1,7,2023-05-10
2023-05-10 09:02:00,23.609999,25.609999,38.439999,436,54.299999,22.200001,7,2023-05-10
2023-05-10 09:32:00,25.439999,24.709999,34.399998,458,61.5,22.300001,7,2023-05-10
2023-05-10 10:02:00,26.059999,22.809999,44.469997,458,66.099998,22.5,7,2023-05-10
2023-05-10 10:32:00,28.829998,21.42,36.899998,507,66.0,22.400002,7,2023-05-10
2023-05-10 11:02:00,31.259998,18.41,31.269999,540,67.200005,22.5,7,2023-05-10
2023-05-10 11:32:00,33.399998,18.26,47.529999,544,67.900002,22.5,7,2023-05-10
2023-05-10 12:02:00,34.699997,18.709999,50.239998,612,67.099998,22.6,7,2023-05-10
2023-05-10 12:32:00,36.75,15.88,50.93,627,66.5,22.800001,7,2023-05-10
2023-05-10 13:02:00,37.239998,17.299999,23.17,597,66.300003,23.0,7,2023-05-10
2023-05-10 13:32:00,38.309998,14.24,47.079998,623,66.0,23.300001,7,2023-05-10
2023-05-10 14:02:00,39.149998,15.15,41.23,661,65.800003,23.700001,7,2023-05-10
2023-05-10 14:32:00,37.059998,13.24,21.08,627,65.700005,24.200001,7,2023-05-10
2023-05-10 15:02:00,36.649998,15.78,26.299999,585,65.599998,24.800001,7,2023-05-10
2023-05-10 15:32:00,33.619999,15.33,8.82,544,65.599998,25.300001,7,2023-05-10
2023-05-10 16:02:00,31.469999,17.42,6.9,526,65.5,25.700001,7,2023-05-10
2023-05-10 16:32:00,29.969999,18.51,5.37,515,65.400002,26.0,7,2023-05-10
2023-05-10 17:02:00,30.039999,21.709999,5.68,514,65.400002,26.300001,7,2023-05-10
2023-05-10 17:32:00,30.479998,22.959999,2.68,496,65.200005,26.6,7,2023-05-10
2023-05-10 18:02:00,28.309998,29.91,1.38,499,65.200005,26.800001,7,2023-05-10
2023-05-10 18:32:00,25.189999,34.969997,0.43,458,65.099998,26.900002,7,2023-05-10
2023-05-10 19:02:00,21.899998,42.559998,0.02,432,64.900002,27.0,7,2023-05-10
2023-05-10 19:32:00,19.589998,49.579998,0.0,420,64.900002,27.0,7,2023-05-10
2023-05-10 20:02:00,18.069998,54.529999,0.0,417,64.800003,27.0,7,2023-05-10
2023-05-10 20:32:00,17.109999,58.719997,0.0,413,64.700005,27.0,7,2023-05-10
2023-05-10 21:02:00,16.559999,60.389999,0.0,413,64.5,26.800001,7,2023-05-10
2023-05-10 21:32:00,15.749999,62.0,0.0,413,64.5,26.700001,7,2023-05-10
2023-05-10 22:02:00,15.039999,64.189995,0.0,413,64.300003,26.6,7,2023-05-10
2023-05-10 22:32:00,14.359999,66.019997,0.0,413,64.200005,26.400002,7,2023-05-10
2023-05-10 23:02:00,13.849998,66.779999,0.0,413,64.0,26.200001,7,2023-05-10
2023-05-10 23:32:00,13.259999,67.220001,0.0,413,63.900002,26.1,7,2023-05-10
2023-05-11 00:02:00,12.819999,69.489998,0.0,413,63.799999,25.800001,7,2023-05-11
2023-05-11 00:32:00,12.359999,69.510002,0.0,413,63.600002,25.6,7,2023-05-11
2023-05-11 01:02:00,12.089999,71.139999,0.0,413,63.5,25.5,7,2023-05-11
2023-05-11 01:32:00,11.879999,71.159996,0.0,413,63.400002,25.200001,7,2023-05-11
2023-05-11 02:02:00,11.539999,71.540001,0.0,413,63.299999,25.0,7,2023-05-11
2023-05-11 02:32:00,11.159999,72.099998,0.0,413,63.200001,24.800001,7,2023-05-11
2023-05-11 03:02:00,10.899999,73.970001,0.0,413,63.0,24.6,7,2023-05-11
2023-05-11 03:32:00,10.739999,73.389999,0.0,413,62.900002,24.400002,7,2023-05-11
2023-05-11 04:02:00,10.509999,74.389999,0.06,413,62.799999,24.200001,7,2023-05-11
2023-05-11 04:32:00,10.319999,75.129997,0.66,413,62.700001,24.0,7,2023-05-11
2023-05-11 05:02:00,10.909999,77.479996,1.89,413,62.600002,23.800001,7,2023-05-11
2023-05-11 05:32:00,12.809999,76.379997,4.59,413,62.5,23.6,7,2023-05-11
2023-05-11 06:02:00,16.349998,64.760002,7.48,413,62.299999,23.5,7,2023-05-11
2023-05-11 06:32:00,20.029999,42.57,5.96,413,62.299999,23.300001,7,2023-05-11
2023-05-11 07:02:00,22.279999,33.119999,15.77,413,62.100002,23.1,7,2023-05-11
2023-05-11 07:32:00,25.899998,27.01,19.42,436,62.100002,23.0,7,2023-05-11
2023-05-11 08:02:00,29.019999,19.709999,19.93,495,61.900002,22.900002,7,2023-05-11
2023-05-11 08:32:00,31.049999,19.279999,33.649998,481,61.900002,22.800001,7,2023-05-11
2023-05-11 09:02:00,31.949999,18.779999,38.029999,537,61.900002,22.800001,7,2023-05-11
2023-05-11 09:32:00,34.059998,18.17,15.809999,548,61.799999,22.800001,7,2023-05-11
2023-05-11 10:02:00,33.939999,17.809999,19.33,533,61.700001,22.900002,7,2023-05-11
2023-05-11 10:32:00,35.109997,15.27,15.94,578,61.700001,23.0,7,2023-05-11
2023-05-11 11:02:00,35.949997,16.1,16.9,604,61.700001,23.1,7,2023-05-11
2023-05-11 11:32:00,37.239998,15.549999,19.65,601,61.700001,23.300001,7,2023-05-11
2023-05-11 12:02:00,37.419998,15.03,14.099999,605,61.700001,23.6,7,2023-05-11
2023-05-11 12:32:00,38.029999,13.07,14.759999,616,61.799999,23.800001,7,2023-05-11
2023-05-11 13:02:00,38.359997,15.139999,11.61,630,61.900002,24.1,7,2023-05-11
2023-05-11 13:32:00,38.029999,12.91,30.599998,623,62.100002,24.300001,7,2023-05-11
2023-05-11 14:02:00,39.109997,13.66,34.48,650,62.299999,24.6,7,2023-05-11
2023-05-11 14:32:00,38.259998,14.009999,13.259999,638,62.600002,25.0,7,2023-05-11
2023-05-11 15:02:00,37.439999,16.459999,21.25,616,64.900002,25.300001,7,2023-05-11
2023-05-11 15:32:00,34.889999,14.32,6.35,574,67.099998,25.700001,7,2023-05-11
2023-05-11 16:02:00,32.59,15.41,4.67,548,66.700005,25.800001,7,2023-05-11
2023-05-11 16:32:00,31.279999,19.74,4.89,511,66.400002,25.900002,7,2023-05-11
2023-05-11 17:02:00,31.659998,21.42,5.04,526,66.300003,26.0,7,2023-05-11
2023-05-11 17:32:00,31.709999,23.189999,3.58,518,66.099998,26.1,7,2023-05-11
2023-05-11 18:02:00,30.309998,25.99,1.68,544,66.099998,26.1,7,2023-05-11
2023-05-11 18:32:00,27.369999,35.09,0.39,492,66.0,26.200001,7,2023-05-11
2023-05-11 19:02:00,24.839998,41.98,0.02,477,65.800003,26.300001,7,2023-05-11
2023-05-11 19:32:00,23.059999,48.09,0.0,477,65.800003,26.300001,7,2023-05-11
2023-05-11 20:02:00,21.769999,50.849998,0.0,466,65.700005,26.300001,7,2023-05-11
2023-05-11 20:32:00,20.869999,52.789997,0.0,413,65.599998,26.300001,7,2023-05-11
2023-05-11 21:02:00,20.139999,52.379997,0.0,413,65.5,26.200001,7,2023-05-11
2023-05-11 21:32:00,19.549999,55.02,0.0,413,65.400002,26.1,7,2023-05-11
2023-05-11 22:02:00,19.039999,57.949997,0.0,413,65.400002,26.0,7,2023-05-11
2023-05-11 22:32:00,18.509998,59.489998,0.0,413,65.300003,26.0,7,2023-05-11
2023-05-11 23:02:00,18.019999,62.77,0.0,413,65.200005,25.800001,7,2023-05-11
2023-05-11 23:32:00,17.699999,64.900002,0.0,413,65.099998,25.700001,7,2023-05-11
2023-05-12 00:02:00,17.359999,66.269997,0.0,413,65.0,25.5,7,2023-05-12
2023-05-12 00:32:00,17.079998,67.449997,0.0,413,64.900002,25.400002,7,2023-05-12
2023-05-12 01:02:00,16.819998,68.330002,0.0,413,64.800003,25.300001,7,2023-05-12
2023-05-12 01:32:00,16.519999,69.049995,0.0,413,64.700005,25.1,7,2023-05-12
2023-05-12 02:02:00,16.23,68.970001,0.0,413,64.700005,25.0,7,2023-05-12
2023-05-12 02:32:00,16.079998,69.689995,0.0,413,64.599998,24.800001,7,2023-05-12
2023-05-12 03:02:00,16.039999,70.779999,0.0,413,64.5,24.6,7,2023-05-12
2023-05-12 03:32:00,16.07,70.889999,0.0,413,64.400002,24.5,7,2023-05-12
2023-05-12 04:02:00,15.949999,71.099998,0.05,413,64.300003,24.400002,7,2023-05-12
2023-05-12 04:32:00,15.869999,69.699997,0.57,413,64.300003,24.200001,7,2023-05-12
2023-05-12 05:02:00,16.179998,70.040001,1.88,413,64.200005,24.1,7,2023-05-12
2023-05-12 05:32:00,17.059999,66.860001,3.21,413,64.099998,24.0,7,2023-05-12
2023-05-12 06:02:00,18.429998,62.219997,6.54,413,64.0,23.800001,7,2023-05-12
2023-05-12 06:32:00,21.689999,54.07,9.13,413,63.900002,23.6,7,2023-05-12
2023-05-12 07:02:00,25.949999,45.809998,13.87,443,63.799999,23.6,7,2023-05-12
2023-05-12 07:32:00,29.669998,38.639999,14.599999,484,63.799999,23.5,7,2023-05-12
2023-05-12 08:02:00,31.719999,24.719999,16.08,526,63.700001,23.5,7,2023-05-12
2023-05-12 08:32:00,27.279999,23.869999,14.42,436,63.600002,23.400002,7,2023-05-12
2023-05-12 09:02:00,25.839998,25.699999,24.66,466,63.600002,23.5,7,2023-05-12
2023-05-12 09:32:00,28.259998,24.17,24.33,473,63.600002,23.5,7,2023-05-12
2023-05-12 10:02:00,30.179998,21.65,30.699999,503,63.5,23.6,7,2023-05-12
2023-05-12 10:32:00,31.219999,20.689999,11.27,552,63.5,23.700001,7,2023-05-12
2023-05-12 11:02:00,31.809998,22.789999,23.879999,518,63.5,23.800001,7,2023-05-12
2023-05-12 11:32:00,30.319998,22.91,11.77,518,63.5,24.1,7,2023-05-12
2023-05-12 12:02:00,28.449999,24.58,12.759999,473,63.400002,24.300001,7,2023-05-12
2023-05-12 12:32:00,27.659998,25.51,15.63,458,63.5,24.5,7,2023-05-12
2023-05-12 13:02:00,28.049999,26.34,12.16,473,63.400002,24.6,7,2023-05-12
2023-05-12 13:32:00,26.159998,29.98,12.66,462,63.400002,24.800001,7,2023-05-12
2023-05-12 14:02:00,25.849998,32.099998,10.52,439,63.5,25.0,7,2023-05-12
2023-05-12 14:32:00,25.279999,34.419998,7.38,432,63.5,25.1,7,2023-05-12
2023-05-12 15:02:00,26.349998,32.389999,12.59,413,63.400002,25.300001,7,2023-05-12
2023-05-12 15:32:00,27.899998,29.439999,11.38,443,63.400002,25.400002,7,2023-05-12
2023-05-12 16:02:00,28.239998,28.75,8.13,436,63.400002,25.5,7,2023-05-12
2023-05-12 16:32:00,27.169998,31.08,6.51,432,63.400002,25.6,7,2023-05-12
2023-05-12 17:02:00,29.059998,30.039999,5.64,454,63.400002,25.700001,7,2023-05-12
2023-05-12 17:32:00,29.949999,30.129999,3.27,469,63.400002,25.800001,7,2023-05-12
2023-05-12 18:02:00,28.329998,33.509998,1.25,443,63.400002,26.0,7,2023-05-12
2023-05-12 18:32:00,26.039999,37.869999,0.1,413,63.400002,26.0,7,2023-05-12
2023-05-12 19:02:00,23.579998,44.619999,0.0,417,63.400002,26.0,7,2023-05-12
2023-05-12 19:32:00,21.659998,52.789997,0.0,413,63.400002,26.1,7,2023-05-12
2023-05-12 20:02:00,20.259998,60.199997,0.0,413,63.299999,26.0,7,2023-05-12
2023-05-12 20:32:00,19.419998,64.639999,0.0,413,63.299999,26.0,7,2023-05-12
2023-05-12 21:02:00,18.799999,68.989998,0.0,413,63.200001,26.0,7,2023-05-12
2023-05-12 21:32:00,18.429998,72.199997,0.0,413,63.200001,25.800001,7,2023-05-12
2023-05-12 22:02:00,18.179998,73.939995,0.0,413,63.200001,25.700001,7,2023-05-12
2023-05-12 22:32:00,17.969999,76.150002,0.0,413,63.100002,25.6,7,2023-05-12
2023-05-12 23:02:00,17.839998,77.129997,0.0,413,63.0,25.5,7,2023-05-12
2023-05-12 23:32:00,17.549999,77.900002,0.0,413,63.0,25.300001,7,2023-05-12
2023-05-13 00:02:00,17.279999,78.43,0.0,413,62.900002,25.200001,7,2023-05-13
2023-05-13 00:32:00,17.019999,78.369995,0.0,413,62.799999,25.1,7,2023-05-13
2023-05-13 01:02:00,16.829998,77.970001,0.0,413,62.799999,25.0,7,2023-05-13
2023-05-13 01:32:00,16.619999,77.720001,0.0,413,62.700001,24.800001,7,2023-05-13
2023-05-13 02:02:00,16.249998,77.189995,0.0,413,62.600002,24.6,7,2023-05-13
2023-05-13 02:32:00,15.999999,76.939995,0.0,413,62.600002,24.5,7,2023-05-13
2023-05-13 03:02:00,15.749999,77.439995,0.0,413,62.5,24.400002,7,2023-05-13
2023-05-13 03:32:00,15.559999,77.699997,0.0,413,62.5,24.300001,7,2023-05-13
2023-05-13 04:02:00,15.369999,77.849998,0.09,413,62.400002,24.1,7,2023-05-13
2023-05-13 04:32:00,15.259998,78.900002,0.84,413,62.299999,24.0,7,2023-05-13
2023-05-13 05:02:00,15.699999,78.93,2.06,413,62.299999,23.800001,7,2023-05-13
2023-05-13 05:32:00,17.15,76.349998,5.84,413,62.200001,23.700001,7,2023-05-13
2023-05-13 06:02:00,20.669998,65.189995,10.09,413,62.100002,23.6,7,2023-05-13
2023-05-13 06:32:00,23.719999,57.5,7.23,413,62.100002,23.5,7,2023-05-13
2023-05-13 07:02:00,27.019999,49.91,18.58,439,62.0,23.300001,7,2023-05-13
2023-05-13 07:32:00,31.809998,42.009998,21.34,522,61.900002,23.300001,7,2023-05-13
2023-05-13 08:02:00,34.629997,30.15,21.119999,560,61.900002,23.200001,7,2023-05-13
2023-05-13 08:32:00,30.119999,34.82,36.209999,458,61.900002,23.200001,7,2023-05-13
2023-05-13 09:02:00,30.739998,35.25,39.0,492,61.799999,23.300001,7,2023-05-13
2023-05-13 09:32:00,32.689999,32.540001,20.35,511,61.799999,23.400002,7,2023-05-13
2023-05-13 10:02:00,31.559998,31.209999,43.290001,499,61.799999,23.5,7,2023-05-13
2023-05-13 10:32:00,31.319998,33.0,11.5,469,61.799999,23.6,7,2023-05-13
2023-05-13 11:02:00,30.399998,35.25,32.57,447,61.799999,23.800001,7,2023-05-13
2023-05-13 11:32:00,33.98,28.07,17.219999,552,61.799999,24.1,7,2023-05-13
2023-05-13 12:02:00,35.519997,27.49,14.03,585,61.900002,24.300001,7,2023-05-13
2023-05-13 12:32:00,35.219997,25.99,30.09,574,61.900002,24.5,7,2023-05-13
2023-05-13 13:02:00,34.039997,27.34,35.200001,525,61.900002,24.800001,7,2023-05-13
2023-05-13 13:32:00,33.039997,28.869999,28.109999,526,61.900002,25.1,7,2023-05-13
2023-05-13 14:02:00,33.419998,27.049999,57.68,537,61.900002,25.5,7,2023-05-13
2023-05-13 14:32:00,31.809998,28.449999,8.02,518,62.0,25.800001,7,2023-05-13
2023-05-13 15:02:00,28.069998,33.809998,7.91,473,62.100002,26.1,7,2023-05-13
2023-05-13 15:32:00,26.649998,40.09,3.17,413,62.100002,26.300001,7,2023-05-13
2023-05-13 16:02:00,25.989998,46.32,7.42,428,62.100002,26.5,7,2023-05-13
2023-05-13 16:32:00,27.209999,47.02,4.82,492,62.100002,26.6,7,2023-05-13
2023-05-13 17:02:00,27.019999,50.209999,1.1,425,62.100002,26.800001,7,2023-05-13
2023-05-13 17:32:00,25.239998,53.02,0.98,443,62.100002,26.800001,7,2023-05-13
2023-05-13 18:02:00,24.169998,60.309998,1.63,421,62.100002,26.800001,7,2023-05-13
2023-05-13 18:32:00,23.619999,63.719997,0.33,413,62.100002,26.800001,7,2023-05-13
2023-05-13 19:02:00,22.679998,66.729996,0.02,432,62.0,26.800001,7,2023-05-13
2023-05-13 19:32:00,21.889999,69.860001,0.0,432,62.0,26.700001,7,2023-05-13
2023-05-13 20:02:00,20.909998,67.709999,0.0,413,61.900002,26.6,7,2023-05-13
2023-05-13 20:32:00,20.049999,67.489998,0.0,413,61.900002,26.5,7,2023-05-13
2023-05-13 21:02:00,19.429998,69.869995,0.0,413,61.799999,26.400002,7,2023-05-13
2023-05-13 21:32:00,18.879999,71.07,0.0,413,61.799999,26.300001,7,2023-05-13
2023-05-13 22:02:00,18.269999,73.489998,0.0,413,61.700001,26.1,7,2023-05-13
2023-05-13 22:32:00,17.799999,74.470001,0.0,413,61.600002,26.0,7,2023-05-13
2023-05-13 23:02:00,17.389999,75.419998,0.0,413,61.5,25.900002,7,2023-05-13
2023-05-13 23:32:00,16.98,75.989998,0.0,413,61.5,25.700001,7,2023-05-13
2023-05-14 00:02:00,16.699999,76.650002,0.0,413,61.400002,25.5,7,2023-05-14
2023-05-14 00:32:00,16.389999,77.959999,0.0,413,61.299999,25.400002,7,2023-05-14
2023-05-14 01:02:00,16.07,78.400002,0.0,413,61.299999,25.300001,7,2023-05-14
2023-05-14 01:32:00,15.779999,78.709999,0.0,413,61.200001,25.1,7,2023-05-14
2023-05-14 02:02:00,15.519999,80.019997,0.0,413,61.100002,25.0,7,2023-05-14
2023-05-14 02:32:00,15.279999,80.889999,0.0,413,61.100002,24.800001,7,2023-05-14
2023-05-14 03:02:00,15.039999,80.5,0.0,413,61.0,24.6,7,2023-05-14
2023-05-14 03:32:00,14.759998,80.57,0.0,413,60.900002,24.5,7,2023-05-14
2023-05-14 04:02:00,14.579999,81.949997,0.1,413,60.900002,24.300001,7,2023-05-14
2023-05-14 04:32:00,14.549999,82.049995,0.91,413,60.799999,24.1,7,2023-05-14
2023-05-14 05:02:00,15.189999,82.119995,3.13,413,60.700001,24.0,7,2023-05-14
2023-05-14 05:32:00,16.669998,78.729996,4.3,413,60.700001,23.800001,7,2023-05-14
2023-05-14 06:02:00,18.679998,73.099998,7.22,413,60.600002,23.700001,7,2023-05-14
2023-05-14 06:32:00,21.239998,67.839996,9.12,413,60.5,23.6,7,2023-05-14
2023-05-14 07:02:00,24.799999,60.029999,15.15,413,60.5,23.5,7,2023-05-14
2023-05-14 07:32:00,29.789999,48.439999,19.799999,469,60.400002,23.400002,7,2023-05-14
2023-05-14 08:02:00,28.069998,37.75,21.91,473,60.299999,23.300001,7,2023-05-14
2023-05-14 08:32:00,27.739998,40.02,35.93,462,60.299999,23.300001,7,2023-05-14
2023-05-14 09:02:00,29.789999,36.23,37.73,492,60.299999,23.300001,7,2023-05-14
2023-05-14 09:32:00,31.479998,32.759998,33.959999,533,60.200001,23.400002,7,2023-05-14
2023-05-14 10:02:00,32.449997,32.299999,44.98,548,60.200001,23.5,7,2023-05-14
2023-05-14 10:32:00,34.519997,29.57,38.799999,526,60.200001,23.6,7,2023-05-14
2023-05-14 11:02:00,36.91,24.9,31.029999,589,60.200001,23.900002,7,2023-05-14
2023-05-14 11:32:00,37.369999,20.9,54.169998,619,60.200001,24.1,7,2023-05-14
2023-05-14 12:02:00,39.41,17.65,47.629997,575,60.200001,24.400002,7,2023-05-14
2023-05-14 12:32:00,40.279999,15.23,56.98,628,60.299999,24.6,7,2023-05-14
2023-05-14 13:02:00,40.149998,15.95,33.84,622,60.299999,24.900002,7,2023-05-14
2023-05-14 13:32:00,36.709999,14.78,52.329998,618,60.299999,25.200001,7,2023-05-14
2023-05-14 14:02:00,35.969997,14.559999,45.279999,597,60.400002,25.5,7,2023-05-14
2023-05-14 14:32:00,35.129997,14.23,22.189999,601,60.400002,25.800001,7,2023-05-14
2023-05-14 15:02:00,34.639999,14.589999,23.91,593,60.5,26.200001,7,2023-05-14
2023-05-14 15:32:00,33.209999,15.25,6.29,544,60.5,26.5,7,2023-05-14
2023-05-14 16:02:00,32.299999,15.63,3.88,533,60.600002,26.900002,7,2023-05-14
2023-05-14 16:32:00,35.07,20.279999,3.39,589,60.700001,27.1,7,2023-05-14
2023-05-14 17:02:00,36.23,20.58,2.68,619,60.700001,27.400002,7,2023-05-14
2023-05-14 17:32:00,35.5,20.32,1.79,571,60.700001,27.6,7,2023-05-14
2023-05-14 18:02:00,32.459999,24.379999,1.76,537,60.700001,27.700001,7,2023-05-14
2023-05-14 18:32:00,30.149998,26.98,0.45,492,60.700001,27.800001,7,2023-05-14
2023-05-14 19:02:00,26.789999,34.959999,0.03,473,60.700001,27.900002,7,2023-05-14
2023-05-14 19:32:00,24.529999,39.349998,0.0,473,60.700001,27.900002,7,2023-05-14
2023-05-14 20:02:00,23.089998,43.09,0.0,447,60.700001,27.900002,7,2023-05-14
2023-05-14 20:32:00,22.079998,46.09,0.0,417,60.700001,27.800001,7,2023-05-14
2023-05-14 21:02:00,21.349998,47.34,0.0,413,60.600002,27.800001,7,2023-05-14
2023-05-14 21:32:00,20.829998,47.169998,0.0,413,60.5,27.6,7,2023-05-14
2023-05-14 22:02:00,20.599998,46.16,0.0,413,60.5,27.5,7,2023-05-14
2023-05-14 22:32:00,20.399998,46.099998,0.0,413,60.400002,27.400002,7,2023-05-14
2023-05-14 23:02:00,20.079998,45.829998,0.0,413,60.299999,27.200001,7,2023-05-14
2023-05-14 23:32:00,19.809999,46.809998,0.0,413,60.299999,27.0,7,2023-05-14
2023-05-15 00:02:00,19.639999,47.709999,0.0,413,60.200001,26.900002,7,2023-05-15
2023-05-15 00:32:00,19.439999,50.16,0.0,413,60.100002,26.800001,7,2023-05-15
2023-05-15 01:02:00,19.359999,49.029999,0.0,413,60.0,26.6,7,2023-05-15
2023-05-15 01:32:00,19.129999,50.43,0.0,413,59.900002,26.400002,7,2023-05-15
2023-05-15 02:02:00,18.809999,52.949997,0.0,413,59.900002,26.300001,7,2023-05-15
2023-05-15 02:32:00,18.279999,56.559998,0.0,413,59.799999,26.1,7,2023-05-15
2023-05-15 03:02:00,17.869999,57.149998,0.0,413,59.700001,26.0,7,2023-05-15
2023-05-15 03:32:00,17.509998,61.399998,0.0,413,59.700001,25.800001,7,2023-05-15
2023-05-15 04:02:00,17.259998,64.629997,0.08,413,59.600002,25.6,7,2023-05-15
2023-05-15 04:32:00,17.359999,65.059998,0.86,413,59.5,25.5,7,2023-05-15
2023-05-15 05:02:00,18.169998,61.02,1.51,413,59.400002,25.300001,7,2023-05-15
2023-05-15 05:32:00,19.049999,58.91,2.29,413,59.299999,25.200001,7,2023-05-15
2023-05-15 06:02:00,19.879999,56.91,2.89,413,59.299999,25.0,7,2023-05-15
2023-05-15 06:32:00,21.219999,54.649998,3.56,413,59.200001,24.900002,7,2023-05-15
2023-05-15 07:02:00,21.819998,52.41,2.61,413,59.100002,24.800001,7,2023-05-15
2023-05-15 07:32:00,21.519999,56.209999,2.6,413,59.100002,24.700001,7,2023-05-15
2023-05-15 08:02:00,21.279999,57.399998,2.12,413,59.0,24.6,7,2023-05-15
2023-05-15 08:32:00,20.529999,61.129997,2.45,413,58.900002,24.5,7,2023-05-15
2023-05-15 09:02:00,20.269999,63.809998,3.9,413,58.900002,24.400002,7,2023-05-15
2023-05-15 09:32:00,22.319998,65.290001,14.91,413,58.900002,24.300001,7,2023-05-15
2023-05-15 10:02:00,26.529999,56.98,16.08,421,58.799999,24.300001,7,2023-05-15
2023-05-15 10:32:00,28.099998,38.66,17.289999,413,58.700001,24.300001,7,2023-05-15
2023-05-15 11:02:00,32.459999,32.669998,26.139999,522,58.700001,24.200001,7,2023-05-15
2023-05-15 11:32:00,35.189999,26.279999,52.759998,540,58.600002,24.200001,7,2023-05-15
2023-05-15 12:02:00,35.259998,24.619999,38.639999,529,58.600002,24.300001,7,2023-05-15
2023-05-15 12:32:00,37.649998,22.279999,46.849998,601,58.600002,24.400002,7,2023-05-15
2023-05-15 13:02:00,38.219997,21.299999,27.34,623,58.600002,24.6,7,2023-05-15
2023-05-15 13:32:00,37.91,20.15,24.33,593,58.600002,24.800001,7,2023-05-15
2023-05-15 14:02:00,37.169998,19.73,40.529999,560,58.700001,25.1,7,2023-05-15
2023-05-15 14:32:00,34.779999,20.789999,23.35,560,58.900002,25.5,7,2023-05-15
2023-05-15 15:02:00,35.059998,18.74,26.51,533,62.5,25.800001,7,2023-05-15
2023-05-15 15:32:00,32.329998,18.65,9.92,484,64.900002,26.1,7,2023-05-15
2023-05-15 16:02:00,29.429998,19.309999,6.91,447,67.200005,26.400002,7,2023-05-15
2023-05-15 16:32:00,28.539999,22.83,5.57,495,66.800003,26.5,7,2023-05-15
2023-05-15 17:02:00,32.16,25.709999,7.19,511,66.5,26.5,7,2023-05-15
2023-05-15 17:32:00,32.82,23.879999,2.68,518,66.300003,26.5,7,2023-05-15
2023-05-15 18:02:00,30.379999,27.719999,1.63,466,66.099998,26.6,7,2023-05-15
2023-05-15 18:32:00,27.189999,31.76,0.64,450,66.099998,26.700001,7,2023-05-15
2023-05-15 19:02:00,24.339998,37.829998,0.05,417,65.800003,26.700001,7,2023-05-15
2023-05-15 19:32:00,22.289999,42.889999,0.0,421,65.800003,26.800001,7,2023-05-15
2023-05-15 20:02:00,21.279999,46.98,0.0,413,65.700005,26.800001,7,2023-05-15
2023-05-15 20:32:00,20.429998,51.239998,0.0,413,65.599998,26.800001,7,2023-05-15
2023-05-15 21:02:00,19.199999,54.369999,0.0,413,65.5,26.700001,7,2023-05-15
2023-05-15 21:32:00,17.969999,58.099998,0.0,413,65.400002,26.6,7,2023-05-15
2023-05-15 22:02:00,17.059999,61.639999,0.0,413,65.300003,26.5,7,2023-05-15
2023-05-15 22:32:00,16.709999,63.579998,0.0,413,65.200005,26.400002,7,2023-05-15
2023-05-15 23:02:00,16.109999,64.159996,0.0,413,65.099998,26.300001,7,2023-05-15
2023-05-15 23:32:00,15.629999,66.540001,0.0,413,64.900002,26.1,7,2023-05-15
2023-05-16 00:02:00,15.049999,68.369995,0.0,413,64.900002,26.0,7,2023-05-16
2023-05-16 00:32:00,14.609999,67.669998,0.0,413,64.700005,25.800001,7,2023-05-16
2023-05-16 01:02:00,14.619999,68.260002,0.0,413,64.700005,25.700001,7,2023-05-16
2023-05-16 01:32:00,14.559999,69.059998,0.0,413,64.5,25.5,7,2023-05-16
2023-05-16 02:02:00,14.199999,68.699997,0.0,413,64.5,25.400002,7,2023-05-16
2023-05-16 02:32:00,13.709999,70.629997,0.0,413,64.400002,25.200001,7,2023-05-16
2023-05-16 03:02:00,13.649999,71.400002,0.0,413,64.300003,25.0,7,2023-05-16
2023-05-16 03:32:00,14.049999,73.269997,0.0,413,64.200005,24.900002,7,2023-05-16
2023-05-16 04:02:00,14.459999,72.260002,0.02,413,64.099998,24.700001,7,2023-05-16
2023-05-16 04:32:00,14.609999,73.619995,0.26,413,64.0,24.6,7,2023-05-16
2023-05-16 05:02:00,14.739999,73.68,0.26,413,63.799999,24.400002,7,2023-05-16
2023-05-16 05:32:00,15.189999,73.330002,1.15,413,63.799999,24.200001,7,2023-05-16
2023-05-16 06:02:00,15.599998,71.059998,1.45,413,63.799999,24.1,7,2023-05-16
2023-05-16 06:32:00,16.269999,70.439995,1.48,413,63.600002,24.0,7,2023-05-16
2023-05-16 07:02:00,17.199999,67.049995,8.139999,413,63.600002,23.800001,7,2023-05-16
2023-05-16 07:32:00,17.919998,63.75,1.54,413,63.5,23.700001,7,2023-05-16
2023-05-16 08:02:00,17.739998,65.040001,1.54,413,63.400002,23.6,7,2023-05-16
2023-05-16 08:32:00,17.65,64.299995,2.36,413,63.400002,23.5,7,2023-05-16
2023-05-16 09:02:00,18.039999,62.689999,5.67,413,63.299999,23.400002,7,2023-05-16
2023-05-16 09:32:00,18.699999,61.32,1.2,413,63.200001,23.300001,7,2023-05-16
2023-05-16 10:02:00,18.189999,59.039997,2.3,413,63.200001,23.200001,7,2023-05-16
2023-05-16 10:32:00,17.73,58.73,1.52,413,63.100002,23.1,7,2023-05-16
2023-05-16 11:02:00,18.559999,58.859997,10.139999,413,63.0,23.1,7,2023-05-16
2023-05-16 11:32:00,19.839998,55.189999,5.66,413,63.0,23.0,7,2023-05-16
2023-05-16 12:02:00,19.889999,54.639999,5.25,413,62.900002,23.0,7,2023-05-16
2023-05-16 12:32:00,19.269999,52.73,1.67,413,62.799999,22.900002,7,2023-05-16
2023-05-16 13:02:00,18.009998,54.939999,1.7,413,62.799999,22.900002,7,2023-05-16
2023-05-16 13:32:00,16.939999,46.110001,3.03,413,62.799999,22.800001,7,2023-05-16
2023-05-16 14:02:00,15.679998,46.59,1.72,413,62.799999,22.800001,7,2023-05-16
2023-05-16 14:32:00,15.399999,53.279999,1.1,413,62.700001,22.800001,7,2023-05-16
2023-05-16 15:02:00,15.739999,61.16,0.76,413,62.600002,22.700001,7,2023-05-16
2023-05-16 15:32:00,15.649999,62.559998,5.24,413,62.5,22.6,7,2023-05-16
2023-05-16 16:02:00,17.889999,59.789997,3.99,413,62.5,22.6,7,2023-05-16
2023-05-16 16:32:00,19.039999,55.849998,3.68,413,62.5,22.5,7,2023-05-16
2023-05-16 17:02:00,19.109999,54.18,4.28,413,62.400002,22.5,7,2023-05-16
2023-05-16 17:32:00,19.629999,54.16,3.67,413,62.400002,22.400002,7,2023-05-16
2023-05-16 18:02:00,19.329998,55.09,1.92,413,62.299999,22.400002,7,2023-05-16
2023-05-16 18:32:00,17.769999,61.0,0.84,413,62.299999,22.300001,7,2023-05-16
2023-05-16 19:02:00,16.089998,66.57,0.05,413,62.299999,22.300001,7,2023-05-16
2023-05-16 19:32:00,14.549999,71.669998,0.0,413,62.200001,22.300001,7,2023-05-16
2023-05-16 20:02:00,13.549999,73.769997,0.0,413,62.200001,22.300001,7,2023-05-16
2023-05-16 20:32:00,12.909999,75.459999,0.0,413,62.100002,22.200001,7,2023-05-16
2023-05-16 21:02:00,12.379999,76.049995,0.0,413,62.100002,22.1,7,2023-05-16
2023-05-16 21:32:00,11.989999,76.959999,0.0,413,62.100002,22.1,7,2023-05-16
2023-05-16 22:02:00,11.539999,76.82,0.0,413,62.0,22.0,7,2023-05-16
2023-05-16 22:32:00,11.089999,78.220001,0.0,413,62.0,22.0,7,2023-05-16
2023-05-16 23:02:00,10.779999,78.5,0.0,413,61.900002,21.800001,7,2023-05-16
2023-05-16 23:32:00,10.799999,79.199997,0.0,413,61.900002,21.800001,7,2023-05-16
2023-05-17 00:02:00,10.919999,81.009995,0.0,413,61.799999,21.6,7,2023-05-17
2023-05-17 00:32:00,10.839999,79.659996,0.0,413,61.700001,21.5,7,2023-05-17
2023-05-17 01:02:00,10.579999,79.989998,0.0,413,61.700001,21.400002,7,2023-05-17
2023-05-17 01:32:00,10.119999,78.619995,0.0,413,61.700001,21.300001,7,2023-05-17
2023-05-17 02:02:00,9.709999,79.619995,0.0,413,61.600002,21.200001,7,2023-05-17
2023-05-17 02:32:00,9.629999,80.470001,0.0,413,61.5,21.1,7,2023-05-17
2023-05-17 03:02:00,9.309999,79.509995,0.0,413,61.5,21.0,7,2023-05-17
2023-05-17 03:32:00,9.099998,81.150002,0.0,413,61.5,20.900002,7,2023-05-17
2023-05-17 04:02:00,9.189999,82.209999,0.15,413,61.299999,20.800001,7,2023-05-17
2023-05-17 04:32:00,9.529999,82.470001,0.79,413,61.299999,20.6,7,2023-05-17
2023-05-17 05:02:00,10.209999,82.689995,2.06,413,61.299999,20.6,7,2023-05-17
2023-05-17 05:32:00,11.229999,78.769997,3.84,413,61.200001,20.5,7,2023-05-17
2023-05-17 06:02:00,14.649999,71.970001,10.12,413,61.100002,20.300001,7,2023-05-17
2023-05-17 06:32:00,18.169998,63.669998,5.91,413,61.100002,20.300001,7,2023-05-17
2023-05-17 07:02:00,20.489998,62.449997,10.04,413,61.100002,20.1,7,2023-05-17
2023-05-17 07:32:00,23.149998,54.969997,12.219999,413,61.0,20.1,7,2023-05-17
2023-05-17 08:02:00,25.289999,49.989998,12.5,413,61.0,20.0,7,2023-05-17
2023-05-17 08:32:00,26.759998,46.98,13.19,413,60.900002,20.0,7,2023-05-17
2023-05-17 09:02:00,30.099998,43.459999,28.439999,484,60.900002,20.1,7,2023-05-17
2023-05-17 09:32:00,32.919998,25.469999,35.689999,518,60.900002,20.1,7,2023-05-17
2023-05-17 10:02:00,34.629997,20.93,42.469997,522,60.900002,20.300001,7,2023-05-17
2023-05-17 10:32:00,35.689999,20.01,40.57,548,60.900002,20.400002,7,2023-05-17
2023-05-17 11:02:00,37.529999,17.75,34.66,608,60.900002,20.6,7,2023-05-17
2023-05-17 11:32:00,39.129997,16.869999,53.439999,574,60.900002,20.900002,7,2023-05-17
2023-05-17 12:02:00,38.849998,15.29,42.16,597,61.0,21.200001,7,2023-05-17
2023-05-17 12:32:00,41.109997,15.25,56.259998,635,61.100002,21.6,7,2023-05-17
2023-05-17 13:02:00,42.529999,13.599999,46.789997,624,61.100002,22.1,7,2023-05-17
2023-05-17 13:32:00,42.919998,12.28,49.189999,607,61.200001,22.6,7,2023-05-17
2023-05-17 14:02:00,42.679996,13.69,44.0,624,61.299999,23.1,7,2023-05-17
2023-05-17 14:32:00,40.449997,15.69,25.969999,590,61.400002,23.700001,7,2023-05-17
2023-05-17 15:02:00,39.609997,13.849999,24.789999,594,61.5,24.300001,7,2023-05-17
2023-05-17 15:32:00,37.789997,13.88,11.05,593,61.600002,24.800001,7,2023-05-17
2023-05-17 16:02:00,35.179996,15.96,10.469999,578,61.700001,25.300001,7,2023-05-17
2023-05-17 16:32:00,35.169998,18.799999,12.679999,574,61.700001,25.800001,7,2023-05-17
2023-05-17 17:02:00,35.949997,23.379999,8.66,571,61.700001,26.1,7,2023-05-17
2023-05-17 17:32:00,35.57,24.699999,4.41,563,61.799999,26.400002,7,2023-05-17
2023-05-17 18:02:00,33.239998,29.08,1.64,548,61.799999,26.6,7,2023-05-17
2023-05-17 18:32:00,29.159998,35.450001,0.62,526,61.799999,26.800001,7,2023-05-17
2023-05-17 19:02:00,25.829998,41.049999,0.05,495,61.799999,27.0,7,2023-05-17
2023-05-17 19:32:00,23.559999,43.559998,0.0,428,61.700001,27.1,7,2023-05-17
2023-05-17 20:02:00,22.269999,45.34,0.0,439,61.700001,27.1,7,2023-05-17
2023-05-17 20:32:00,21.349998,47.18,0.0,436,61.600002,27.1,7,2023-05-17
2023-05-17 21:02:00,20.629999,49.09,0.0,424,61.5,27.0,7,2023-05-17
2023-05-17 21:32:00,20.089998,52.639999,0.0,413,61.5,26.900002,7,2023-05-17
2023-05-17 22:02:00,19.529999,56.379997,0.0,413,61.299999,26.800001,7,2023-05-17
2023-05-17 22:32:00,19.009998,60.23,0.0,413,61.299999,26.6,7,2023-05-17
2023-05-17 23:02:00,18.389999,63.029999,0.0,413,61.100002,26.5,7,2023-05-17
2023-05-17 23:32:00,17.499998,65.919998,0.0,413,61.100002,26.300001,7,2023-05-17
2023-05-18 00:02:00,16.719999,68.869995,0.0,413,60.900002,26.1,7,2023-05-18
2023-05-18 00:32:00,15.929998,70.239998,0.0,413,60.900002,26.0,7,2023-05-18
2023-05-18 01:02:00,15.359999,72.199997,0.0,413,60.700001,25.800001,7,2023-05-18
2023-05-18 01:32:00,14.909999,73.040001,0.0,413,60.700001,25.6,7,2023-05-18
2023-05-18 02:02:00,14.489999,74.129997,0.0,413,60.600002,25.5,7,2023-05-18
2023-05-18 02:32:00,14.139998,75.389999,0.0,413,60.5,25.300001,7,2023-05-18
2023-05-18 03:02:00,13.739999,76.029999,0.0,413,60.299999,25.1,7,2023-05-18
2023-05-18 03:32:00,13.499999,77.059998,0.0,413,60.299999,24.900002,7,2023-05-18
2023-05-18 04:02:00,13.209999,77.529999,0.15,413,60.100002,24.700001,7,2023-05-18
2023-05-18 04:32:00,13.189999,78.369995,1.16,413,60.100002,24.5,7,2023-05-18
2023-05-18 05:02:00,13.629999,77.949997,2.02,413,60.0,24.300001,7,2023-05-18
2023-05-18 05:32:00,14.569999,77.540001,4.06,413,59.900002,24.1,7,2023-05-18
2023-05-18 06:02:00,16.209999,76.199997,7.2,413,59.700001,24.0,7,2023-05-18
2023-05-18 06:32:00,18.499998,71.769997,7.04,413,59.700001,23.800001,7,2023-05-18
2023-05-18 07:02:00,21.569998,64.949997,9.61,413,59.600002,23.6,7,2023-05-18
2023-05-18 07:32:00,26.109999,51.889999,19.969999,466,59.5,23.5,7,2023-05-18
2023-05-18 08:02:00,32.439999,39.919998,26.279999,522,59.5,23.400002,7,2023-05-18
2023-05-18 08:32:00,32.149998,31.179998,35.509998,522,59.299999,23.300001,7,2023-05-18
2023-05-18 09:02:00,31.499998,30.609999,41.579998,526,59.299999,23.300001,7,2023-05-18
2023-05-18 09:32:00,32.179996,29.57,35.700001,571,59.299999,23.300001,7,2023-05-18
2023-05-18 10:02:00,31.679998,26.279999,42.079998,526,59.299999,23.5,7,2023-05-18
2023-05-18 10:32:00,33.399998,22.65,42.57,559,59.299999,23.6,7,2023-05-18
2023-05-18 11:02:00,34.66,19.279999,8.27,567,59.299999,23.900002,7,2023-05-18
2023-05-18 11:32:00,37.039997,18.690001,9.349999,600,59.299999,24.1,7,2023-05-18
2023-05-18 12:02:00,37.379997,15.27,8.47,601,59.5,24.5,7,2023-05-18
2023-05-18 12:32:00,37.239998,15.139999,9.179999,589,59.5,24.800001,7,2023-05-18
2023-05-18 13:02:00,38.019997,11.99,9.03,574,59.5,25.1,7,2023-05-18
2023-05-18 13:32:00,36.279999,12.52,6.49,559,59.600002,25.400002,7,2023-05-18
2023-05-18 14:02:00,33.269997,15.179999,9.82,526,59.700001,25.6,7,2023-05-18
2023-05-18 14:32:00,35.039997,13.309999,3.32,544,59.700001,25.800001,7,2023-05-18
2023-05-18 15:02:00,34.609997,14.27,11.75,522,59.700001,26.1,7,2023-05-18
2023-05-18 15:32:00,36.379997,17.029999,7.64,518,59.700001,26.200001,7,2023-05-18
2023-05-18 16:02:00,34.119999,15.65,3.03,518,59.700001,26.400002,7,2023-05-18
2023-05-18 16:32:00,31.529999,20.199999,9.9,492,59.700001,26.5,7,2023-05-18
2023-05-18 17:02:00,31.929998,23.889999,7.11,526,59.700001,26.6,7,2023-05-18
2023-05-18 17:32:00,33.149998,25.08,4.15,518,59.700001,26.800001,7,2023-05-18
2023-05-18 18:02:00,31.549999,27.76,1.96,518,59.700001,26.800001,7,2023-05-18
2023-05-18 18:32:00,28.719999,32.25,0.75,507,59.700001,26.900002,7,2023-05-18
2023-05-18 19:02:00,25.509998,39.809998,0.07,473,59.700001,27.0,7,2023-05-18
2023-05-18 19:32:00,22.779999,46.119999,0.0,447,59.700001,27.0,7,2023-05-18
2023-05-18 20:02:00,21.009998,52.599998,0.0,443,59.600002,27.0,7,2023-05-18
2023-05-18 20:32:00,20.139999,56.539997,0.0,417,59.5,26.900002,7,2023-05-18
2023-05-18 21:02:00,19.069998,58.099998,0.0,413,59.5,26.800001,7,2023-05-18
2023-05-18 21:32:00,18.259998,59.84,0.0,428,59.400002,26.700001,7,2023-05-18
2023-05-18 22:02:00,17.939999,62.799999,0.0,413,59.299999,26.6,7,2023-05-18
2023-05-18 22:32:00,17.589998,65.979996,0.0,413,59.299999,26.5,7,2023-05-18
2023-05-18 23:02:00,17.159998,66.830002,0.0,413,59.100002,26.300001,7,2023-05-18
2023-05-18 23:32:00,16.689999,69.75,0.0,413,59.100002,26.1,7,2023-05-18
2023-05-19 00:02:00,16.129999,69.439995,0.0,413,58.900002,26.0,7,2023-05-19
2023-05-19 00:32:00,15.629999,71.299995,0.0,413,58.900002,25.800001,7,2023-05-19
2023-05-19 01:02:00,15.179998,71.209999,0.0,413,58.799999,25.6,7,2023-05-19
2023-05-19 01:32:00,14.819999,72.909996,0.0,413,58.700001,25.5,7,2023-05-19
2023-05-19 02:02:00,14.539999,72.809998,0.0,413,58.600002,25.300001,7,2023-05-19
2023-05-19 02:32:00,14.259998,74.299995,0.0,413,58.5,25.1,7,2023-05-19
2023-05-19 03:02:00,14.159999,75.729996,0.0,413,58.400002,24.900002,7,2023-05-19
2023-05-19 03:32:00,13.889998,75.93,0.0,413,58.299999,24.700001,7,2023-05-19
2023-05-19 04:02:00,13.779999,77.32,0.15,413,58.200001,24.5,7,2023-05-19
2023-05-19 04:32:00,13.919999,77.0,1.0,413,58.100002,24.300001,7,2023-05-19
2023-05-19 05:02:00,14.619999,77.009995,2.37,413,58.100002,24.200001,7,2023-05-19
2023-05-19 05:32:00,16.15,74.260002,4.55,413,57.900002,24.0,7,2023-05-19
2023-05-19 06:02:00,19.029999,67.939995,7.27,413,57.900002,23.800001,7,2023-05-19
2023-05-19 06:32:00,22.039999,61.82,8.349999,413,57.799999,23.700001,7,2023-05-19
2023-05-19 07:02:00,25.989998,52.279999,14.28,443,57.799999,23.6,7,2023-05-19
2023-05-19 07:32:00,31.119999,41.579998,18.6,499,57.700001,23.5,7,2023-05-19
2023-05-19 08:02:00,33.349998,25.58,28.25,507,57.600002,23.400002,7,2023-05-19
2023-05-19 08:32:00,34.709999,21.26,37.469997,537,57.600002,23.5,7,2023-05-19
2023-05-19 09:02:00,35.519997,21.289999,30.019999,533,57.600002,23.5,7,2023-05-19
2023-05-19 09:32:00,36.0,21.01,28.76,526,57.600002,23.6,7,2023-05-19
2023-05-19 10:02:00,34.91,18.449999,11.24,541,57.600002,23.800001,7,2023-05-19
2023-05-19 10:32:00,35.169998,22.639999,9.929999,514,57.700001,24.0,7,2023-05-19
2023-05-19 11:02:00,36.559998,15.82,7.15,578,57.700001,24.200001,7,2023-05-19
2023-05-19 11:32:00,37.269997,16.48,8.79,563,57.700001,24.5,7,2023-05-19
2023-05-19 12:02:00,36.639999,14.36,10.79,560,57.799999,24.800001,7,2023-05-19
2023-05-19 12:32:00,35.759998,14.75,8.99,526,57.799999,25.0,7,2023-05-19
2023-05-19 13:02:00,35.769997,14.75,6.64,537,57.900002,25.200001,7,2023-05-19
2023-05-19 13:32:00,34.959999,17.369999,7.89,540,57.900002,25.5,7,2023-05-19
2023-05-19 14:02:00,35.619999,14.73,5.87,548,58.0,25.6,7,2023-05-19
2023-05-19 14:32:00,34.629997,14.469999,4.97,507,58.0,25.800001,7,2023-05-19
2023-05-19 15:02:00,33.5,17.49,4.4,522,58.0,26.0,7,2023-05-19
2023-05-19 15:32:00,32.099998,17.299999,12.61,499,58.100002,26.1,7,2023-05-19
2023-05-19 16:02:00,31.069998,19.48,9.57,477,58.100002,26.300001,7,2023-05-19
2023-05-19 16:32:00,30.449999,25.49,5.59,484,58.100002,26.400002,7,2023-05-19
2023-05-19 17:02:00,31.159998,26.08,6.1,503,58.100002,26.5,7,2023-05-19
2023-05-19 17:32:00,31.249998,27.16,3.3,458,58.0,26.6,7,2023-05-19
2023-05-19 18:02:00,29.949999,32.529999,1.6,462,58.100002,26.800001,7,2023-05-19
2023-05-19 18:32:00,27.929998,36.759998,0.48,458,58.100002,26.800001,7,2023-05-19
2023-05-19 19:02:00,26.249998,40.73,0.05,466,58.100002,26.800001,7,2023-05-19
2023-05-19 19:32:00,24.939999,44.139999,0.0,439,58.0,26.800001,7,2023-05-19
2023-05-19 20:02:00,24.169998,46.91,0.0,450,58.0,26.800001,7,2023-05-19
2023-05-19 20:32:00,23.579998,50.879997,0.0,432,58.0,26.800001,7,2023-05-19
2023-05-19 21:02:00,22.949999,49.779999,0.0,436,57.900002,26.700001,7,2023-05-19
2023-05-19 21:32:00,21.949999,51.98,0.0,413,57.900002,26.6,7,2023-05-19
2023-05-19 22:02:00,20.899998,57.629997,0.0,413,57.799999,26.5,7,2023-05-19
2023-05-19 22:32:00,20.23,61.91,0.0,413,57.799999,26.5,7,2023-05-19
2023-05-19 23:02:00,19.939999,66.099998,0.0,413,57.700001,26.300001,7,2023-05-19
2023-05-19 23:32:00,19.819998,68.519997,0.0,413,57.700001,26.200001,7,2023-05-19
2023-05-20 00:02:00,19.349998,70.709999,0.0,413,57.600002,26.1,7,2023-05-20
2023-05-20 00:32:00,19.049999,72.939995,0.0,413,57.600002,25.900002,7,2023-05-20
2023-05-20 01:02:00,18.699999,74.989998,0.0,413,57.400002,25.800001,7,2023-05-20
2023-05-20 01:32:00,18.299999,76.400002,0.0,413,57.400002,25.6,7,2023-05-20
2023-05-20 02:02:00,18.119999,77.739998,0.0,413,57.299999,25.5,7,2023-05-20
2023-05-20 02:32:00,17.919998,79.080002,0.0,413,57.200001,25.400002,7,2023-05-20
2023-05-20 03:02:00,17.769999,79.75,0.0,413,57.200001,25.200001,7,2023-05-20
2023-05-20 03:32:00,17.469999,79.669998,0.0,413,57.100002,25.1,7,2023-05-20
2023-05-20 04:02:00,17.299999,79.970001,0.06,413,57.0,25.0,7,2023-05-20
2023-05-20 04:32:00,17.289999,79.949997,0.3,413,57.0,24.800001,7,2023-05-20
2023-05-20 05:02:00,17.429998,79.18,0.81,413,56.900002,24.700001,7,2023-05-20
2023-05-20 05:32:00,17.719999,77.639999,1.37,413,56.799999,24.6,7,2023-05-20
2023-05-20 06:02:00,18.259998,77.019997,2.48,413,56.700001,24.5,7,2023-05-20
2023-05-20 06:32:00,19.15,74.709999,2.83,413,56.700001,24.300001,7,2023-05-20
2023-05-20 07:02:00,20.159998,70.720001,5.16,413,56.600002,24.200001,7,2023-05-20
2023-05-20 07:32:00,21.519999,67.169998,6.47,413,56.600002,24.1,7,2023-05-20
2023-05-20 08:02:00,23.569998,61.419998,8.02,413,56.5,24.0,7,2023-05-20
2023-05-20 08:32:00,24.659998,57.649998,3.06,413,56.400002,23.900002,7,2023-05-20
2023-05-20 09:02:00,24.299999,57.860001,9.37,413,56.400002,23.800001,7,2023-05-20
2023-05-20 09:32:00,26.379999,51.389999,11.219999,413,56.400002,23.800001,7,2023-05-20
2023-05-20 10:02:00,27.969999,43.059998,7.86,436,56.299999,23.800001,7,2023-05-20
2023-05-20 10:32:00,27.189999,40.290001,7.23,413,56.299999,23.800001,7,2023-05-20
2023-05-20 11:02:00,26.679998,41.759998,6.38,413,56.299999,23.800001,7,2023-05-20
2023-05-20 11:32:00,27.149998,40.93,13.2,413,56.299999,23.800001,7,2023-05-20
2023-05-20 12:02:00,29.379999,37.549999,14.469999,450,56.299999,23.800001,7,2023-05-20
2023-05-20 12:32:00,30.709999,32.16,14.27,439,56.299999,23.900002,7,2023-05-20
2023-05-20 13:02:00,31.639997,32.07,13.58,462,56.299999,24.0,7,2023-05-20
2023-05-20 13:32:00,31.119999,30.879999,9.63,477,56.299999,24.1,7,2023-05-20
2023-05-20 14:02:00,29.659998,27.369999,13.87,447,56.299999,24.1,7,2023-05-20
2023-05-20 14:32:00,28.969999,29.23,12.87,413,56.299999,24.300001,7,2023-05-20
2023-05-20 15:02:00,28.649998,32.899998,5.51,421,56.299999,24.5,7,2023-05-20
2023-05-20 15:32:00,28.179998,35.48,6.82,428,56.400002,24.5,7,2023-05-20
2023-05-20 16:02:00,28.569998,37.07,5.37,421,56.299999,24.6,7,2023-05-20
2023-05-20 16:32:00,27.729998,39.82,4.24,413,56.400002,24.800001,7,2023-05-20
2023-05-20 17:02:00,26.229998,45.009998,2.36,413,56.400002,24.800001,7,2023-05-20
2023-05-20 17:32:00,24.539999,49.349998,1.77,413,56.400002,25.0,7,2023-05-20
2023-05-20 18:02:00,23.199999,53.309998,1.23,413,56.400002,25.0,7,2023-05-20
2023-05-20 18:32:00,22.099998,56.07,0.48,413,56.400002,25.0,7,2023-05-20
2023-05-20 19:02:00,20.919998,59.689999,0.05,413,56.400002,25.0,7,2023-05-20
2023-05-20 19:32:00,19.809999,64.43,0.0,413,56.400002,25.0,7,2023-05-20
2023-05-20 20:02:00,19.039999,66.799995,0.0,413,56.299999,24.900002,7,2023-05-20
2023-05-20 20:32:00,18.629999,68.769997,0.0,413,56.299999,24.900002,7,2023-05-20
2023-05-20 21:02:00,18.309999,70.360001,0.0,413,56.299999,24.800001,7,2023-05-20
2023-05-20 21:32:00,18.049999,71.239998,0.0,413,56.200001,24.700001,7,2023-05-20
2023-05-20 22:02:00,17.759998,72.849998,0.0,413,56.200001,24.6,7,2023-05-20
2023-05-20 22:32:00,17.469999,73.75,0.0,413,56.100002,24.5,7,2023-05-20
2023-05-20 23:02:00,16.869999,75.830002,0.0,413,56.100002,24.400002,7,2023-05-20
2023-05-20 23:32:00,16.719999,77.299995,0.0,413,56.0,24.300001,7,2023-05-20
2023-05-21 00:02:00,16.579998,77.479996,0.0,413,56.0,24.200001,7,2023-05-21
2023-05-21 00:32:00,16.389999,77.639999,0.0,413,55.900002,24.1,7,2023-05-21
2023-05-21 01:02:00,15.969998,77.869995,0.0,413,55.900002,24.0,7,2023-05-21
2023-05-21 01:32:00,15.389998,78.419998,0.0,413,55.799999,23.800001,7,2023-05-21
2023-05-21 02:02:00,14.919999,79.029999,0.0,413,55.700001,23.800001,7,2023-05-21
2023-05-21 02:32:00,14.519999,79.089996,0.0,413,55.700001,23.6,7,2023-05-21
2023-05-21 03:02:00,14.259998,79.589996,0.0,413,55.5,23.5,7,2023-05-21
2023-05-21 03:32:00,13.969998,79.699997,0.0,413,55.5,23.400002,7,2023-05-21
2023-05-21 04:02:00,13.749999,80.759995,0.13,413,55.5,23.300001,7,2023-05-21
2023-05-21 04:32:00,13.839999,81.299995,0.64,413,55.400002,23.1,7,2023-05-21
2023-05-21 05:02:00,14.219998,81.279999,1.49,413,55.400002,23.0,7,2023-05-21
2023-05-21 05:32:00,15.059999,81.099998,2.66,413,55.299999,22.900002,7,2023-05-21
2023-05-21 06:02:00,16.329998,79.759995,3.68,413,55.200001,22.800001,7,2023-05-21
2023-05-21 06:32:00,17.789999,74.900002,5.82,413,55.100002,22.6,7,2023-05-21
2023-05-21 07:02:00,19.849998,69.279999,8.67,413,55.100002,22.6,7,2023-05-21
2023-05-21 07:32:00,22.789999,61.189999,11.509999,413,55.0,22.5,7,2023-05-21
2023-05-21 08:02:00,26.089998,50.48,13.29,413,55.0,22.400002,7,2023-05-21
2023-05-21 08:32:00,29.299999,47.52,19.359999,428,55.0,22.400002,7,2023-05-21
2023-05-21 09:02:00,30.929998,36.27,12.87,428,55.0,22.300001,7,2023-05-21
2023-05-21 09:32:00,25.309999,42.989998,15.57,413,54.900002,22.400002,7,2023-05-21
2023-05-21 10:02:00,25.369999,48.779999,15.65,413,55.0,22.5,7,2023-05-21
2023-05-21 10:32:00,26.929998,44.299999,24.09,413,55.0,22.6,7,2023-05-21
2023-05-21 11:02:00,28.049999,52.669998,40.739998,413,55.0,22.700001,7,2023-05-21
2023-05-21 11:32:00,30.749998,42.619999,15.719999,462,55.0,22.800001,7,2023-05-21
2023-05-21 12:02:00,31.199999,46.34,23.84,450,55.0,23.0,7,2023-05-21
2023-05-21 12:32:00,30.599998,31.969999,4.24,439,55.0,23.1,7,2023-05-21
2023-05-21 13:02:00,31.279999,40.989998,21.32,439,55.100002,23.300001,7,2023-05-21
2023-05-21 13:32:00,36.539997,36.719997,17.719999,563,55.200001,23.5,7,2023-05-21
2023-05-21 14:02:00,38.699997,27.66,11.13,574,55.200001,23.6,7,2023-05-21
2023-05-21 14:32:00,38.619999,27.049999,22.16,578,55.299999,23.800001,7,2023-05-21
2023-05-21 15:02:00,43.109997,24.34,26.879999,612,55.400002,24.1,7,2023-05-21
2023-05-21 15:32:00,35.849998,21.279999,15.009999,593,55.400002,24.400002,7,2023-05-21
2023-05-21 16:02:00,29.519999,28.43,7.64,507,55.5,24.6,7,2023-05-21
2023-05-21 16:32:00,29.419998,31.639999,10.52,466,55.5,25.0,7,2023-05-21
2023-05-21 17:02:00,33.599998,34.649998,10.889999,503,55.700001,25.200001,7,2023-05-21
2023-05-21 17:32:00,31.229998,34.669998,0.16,514,55.700001,25.400002,7,2023-05-21
2023-05-21 18:02:00,25.659998,47.669998,0.17,492,55.799999,25.6,7,2023-05-21
2023-05-21 18:32:00,22.879999,56.539997,0.43,413,55.900002,25.800001,7,2023-05-21
2023-05-21 19:02:00,21.449999,62.07,0.0,413,55.900002,25.900002,7,2023-05-21
2023-05-21 19:32:00,20.549999,64.339996,0.0,413,55.900002,26.0,7,2023-05-21
2023-05-21 20:02:00,19.48,68.489998,0.0,413,55.900002,25.900002,7,2023-05-21
2023-05-21 20:32:00,18.879999,70.659996,0.0,413,55.900002,25.800001,7,2023-05-21
2023-05-21 21:02:00,18.4,71.709999,0.0,413,55.900002,25.800001,7,2023-05-21
2023-05-21 21:32:00,17.739998,72.5,0.0,413,55.799999,25.700001,7,2023-05-21
2023-05-21 22:02:00,17.009998,73.650002,0.0,413,55.700001,25.6,7,2023-05-21
2023-05-21 22:32:00,16.379999,74.330002,0.0,413,55.700001,25.5,7,2023-05-21
2023-05-21 23:02:00,15.739999,75.239998,0.0,413,55.600002,25.300001,7,2023-05-21
2023-05-21 23:32:00,15.189999,75.57,0.0,413,55.5,25.1,7,2023-05-21
2023-05-22 00:02:00,14.759998,76.32,0.0,413,55.400002,25.0,7,2023-05-22
2023-05-22 00:32:00,14.269999,76.75,0.0,413,55.400002,24.800001,7,2023-05-22
2023-05-22 01:02:00,14.069999,78.849998,0.0,413,55.299999,24.700001,7,2023-05-22
2023-05-22 01:32:00,14.069999,79.009995,0.0,413,55.200001,24.5,7,2023-05-22
2023-05-22 02:02:00,13.869999,79.019997,0.0,413,55.100002,24.300001,7,2023-05-22
2023-05-22 02:32:00,13.559999,78.790001,0.0,413,55.0,24.1,7,2023-05-22
2023-05-22 03:02:00,13.169999,79.169998,0.0,413,55.0,24.0,7,2023-05-22
2023-05-22 03:32:00,12.859999,79.32,0.0,413,54.900002,23.800001,7,2023-05-22
2023-05-22 04:02:00,12.549999,80.0,0.23,413,54.799999,23.700001,7,2023-05-22
2023-05-22 04:32:00,12.499999,80.650002,1.08,413,54.700001,23.5,7,2023-05-22
2023-05-22 05:02:00,13.309999,81.830002,2.29,413,54.700001,23.300001,7,2023-05-22
2023-05-22 05:32:00,15.779999,79.470001,6.14,413,54.5,23.200001,7,2023-05-22
2023-05-22 06:02:00,20.139999,68.549995,10.5,413,54.5,23.1,7,2023-05-22
2023-05-22 06:32:00,23.419998,63.539997,8.0,413,54.299999,22.900002,7,2023-05-22
2023-05-22 07:02:00,27.719999,56.539997,19.369999,428,54.299999,22.800001,7,2023-05-22
2023-05-22 07:32:00,31.939999,47.039997,24.639999,481,54.200001,22.700001,7,2023-05-22
2023-05-22 08:02:00,31.989998,33.739998,32.809998,477,54.200001,22.700001,7,2023-05-22
2023-05-22 08:32:00,33.619999,28.799999,40.899998,496,54.200001,22.700001,7,2023-05-22
2023-05-22 09:02:00,35.349998,26.139999,46.18,529,54.299999,22.800001,7,2023-05-22
2023-05-22 09:32:00,37.279999,25.09,41.549999,555,54.700001,23.0,7,2023-05-22
2023-05-22 10:02:00,36.73,25.33,9.15,560,55.5,23.1,7,2023-05-22
2023-05-22 10:32:00,34.679996,28.9,13.25,526,56.200001,23.400002,7,2023-05-22
2023-05-22 11:02:00,35.079998,21.209999,13.79,529,56.700001,23.6,7,2023-05-22
2023-05-22 11:32:00,36.41,22.619999,15.059999,533,57.100002,23.900002,7,2023-05-22
2023-05-22 12:02:00,36.579998,17.889999,12.83,533,57.400002,24.1,7,2023-05-22
2023-05-22 12:32:00,35.969997,20.389999,21.01,522,57.700001,24.5,7,2023-05-22
2023-05-22 13:02:00,26.519999,31.809999,8.83,477,57.900002,24.700001,7,2023-05-22
2023-05-22 13:32:00,28.529999,21.48,4.92,469,58.0,25.0,7,2023-05-22
2023-05-22 14:02:00,27.589998,23.43,4.83,484,58.100002,25.200001,7,2023-05-22
2023-05-22 14:32:00,28.279999,21.65,6.57,413,58.200001,25.400002,7,2023-05-22
2023-05-22 15:02:00,31.299999,21.309999,23.25,473,58.299999,25.6,7,2023-05-22
2023-05-22 15:32:00,34.41,20.059999,12.259999,492,58.5,25.700001,7,2023-05-22
2023-05-22 16:02:00,33.709999,22.059999,10.75,484,58.5,25.800001,7,2023-05-22
2023-05-22 16:32:00,34.679996,19.119999,13.049999,492,58.5,26.0,7,2023-05-22
2023-05-22 17:02:00,36.579998,31.359999,7.86,593,58.5,26.1,7,2023-05-22
2023-05-22 17:32:00,35.32,26.5,4.22,511,58.5,26.200001,7,2023-05-22
2023-05-22 18:02:00,32.619999,28.01,2.0,477,58.5,26.300001,7,2023-05-22
2023-05-22 18:32:00,29.689999,35.0,0.92,495,58.600002,26.5,7,2023-05-22
2023-05-22 19:02:00,25.969999,39.610001,0.14,469,58.600002,26.5,7,2023-05-22
2023-05-22 19:32:00,23.289999,45.759998,0.0,428,58.600002,26.6,7,2023-05-22
2023-05-22 20:02:00,21.289999,50.18,0.0,417,58.600002,26.6,7,2023-05-22
2023-05-22 20:32:00,19.899998,54.059998,0.0,413,58.5,26.6,7,2023-05-22
2023-05-22 21:02:00,18.889999,56.52,0.0,413,58.5,26.5,7,2023-05-22
2023-05-22 21:32:00,18.049999,58.719997,0.0,413,58.5,26.400002,7,2023-05-22
2023-05-22 22:02:00,17.369999,61.809998,0.0,425,58.400002,26.300001,7,2023-05-22
2023-05-22 22:32:00,16.73,63.639999,0.0,417,58.299999,26.1,7,2023-05-22
2023-05-22 23:02:00,16.209999,65.510002,0.0,413,58.200001,26.0,7,2023-05-22
2023-05-22 23:32:00,15.689999,67.400002,0.0,413,58.100002,25.900002,7,2023-05-22
2023-05-23 00:02:00,15.309999,68.409996,0.0,413,58.100002,25.700001,7,2023-05-23
2023-05-23 00:32:00,14.989999,69.470001,0.0,413,57.900002,25.6,7,2023-05-23
2023-05-23 01:02:00,14.589999,69.790001,0.0,413,57.900002,25.400002,7,2023-05-23
2023-05-23 01:32:00,14.239999,70.949997,0.0,413,57.700001,25.200001,7,2023-05-23
2023-05-23 02:02:00,13.879999,71.549995,0.0,413,57.700001,25.1,7,2023-05-23
2023-05-23 02:32:00,13.679998,71.879997,0.0,413,57.600002,24.900002,7,2023-05-23
2023-05-23 03:02:00,13.419999,72.25,0.0,413,57.5,24.700001,7,2023-05-23
2023-05-23 03:32:00,13.159999,73.619995,0.0,413,57.400002,24.5,7,2023-05-23
2023-05-23 04:02:00,12.889998,74.369995,0.26,413,57.400002,24.300001,7,2023-05-23
2023-05-23 04:32:00,12.909999,74.869995,1.15,413,57.200001,24.1,7,2023-05-23
2023-05-23 05:02:00,13.689999,75.580002,1.84,413,57.100002,24.0,7,2023-05-23
2023-05-23 05:32:00,15.899999,74.519997,6.36,413,57.100002,23.800001,7,2023-05-23
2023-05-23 06:02:00,20.819998,61.449997,10.88,417,57.0,23.700001,7,2023-05-23
2023-05-23 06:32:00,24.419998,54.0,8.09,421,56.900002,23.5,7,2023-05-23
2023-05-23 07:02:00,28.819998,44.419998,20.139999,484,56.799999,23.400002,7,2023-05-23
2023-05-23 07:32:00,33.869999,36.610001,22.939999,526,56.700001,23.300001,7,2023-05-23
2023-05-23 08:02:00,36.009998,24.17,33.779999,556,56.700001,23.300001,7,2023-05-23
2023-05-23 08:32:00,32.679996,24.209999,9.179999,522,56.600002,23.300001,7,2023-05-23
2023-05-23 09:02:00,30.419998,25.99,9.83,492,56.600002,23.400002,7,2023-05-23
2023-05-23 09:32:00,31.449999,23.639999,9.75,454,56.600002,23.5,7,2023-05-23
2023-05-23 10:02:00,32.009998,23.299999,9.88,466,56.600002,23.700001,7,2023-05-23
2023-05-23 10:32:00,31.919998,22.199999,10.4,477,56.600002,23.800001,7,2023-05-23
2023-05-23 11:02:00,30.959999,19.84,10.389999,511,56.700001,24.0,7,2023-05-23
2023-05-23 11:32:00,31.799999,21.02,11.57,511,56.700001,24.1,7,2023-05-23
2023-05-23 12:02:00,31.309998,18.5,9.7,511,56.799999,24.300001,7,2023-05-23
2023-05-23 12:32:00,31.739998,20.17,11.66,492,56.700001,24.6,7,2023-05-23
2023-05-23 13:02:00,32.369999,17.49,10.92,470,56.799999,24.800001,7,2023-05-23
2023-05-23 13:32:00,32.539997,19.84,11.37,533,56.799999,25.0,7,2023-05-23
2023-05-23 14:02:00,32.849998,16.190001,12.42,526,56.900002,25.1,7,2023-05-23
2023-05-23 14:32:00,32.91,15.44,13.179999,503,56.799999,25.300001,7,2023-05-23
2023-05-23 15:02:00,33.209999,15.059999,21.67,503,56.900002,25.5,7,2023-05-23
2023-05-23 15:32:00,33.429996,16.559999,11.62,526,56.900002,25.800001,7,2023-05-23
2023-05-23 16:02:00,31.659998,16.959999,4.2,511,56.900002,25.900002,7,2023-05-23
2023-05-23 16:32:00,31.739998,16.879999,9.88,469,57.0,26.1,7,2023-05-23
2023-05-23 17:02:00,35.649998,20.779999,7.43,507,57.0,26.300001,7,2023-05-23
2023-05-23 17:32:00,36.849998,19.83,3.92,552,57.0,26.400002,7,2023-05-23
2023-05-23 18:02:00,34.639999,20.17,1.96,507,57.0,26.5,7,2023-05-23
2023-05-23 18:32:00,31.529999,26.389999,0.81,503,57.0,26.6,7,2023-05-23
2023-05-23 19:02:00,28.099998,31.49,0.15,484,57.100002,26.800001,7,2023-05-23
2023-05-23 19:32:00,25.249998,39.32,0.0,436,57.100002,26.800001,7,2023-05-23
2023-05-23 20:02:00,23.239998,43.84,0.0,420,57.0,26.800001,7,2023-05-23
2023-05-23 20:32:00,22.239998,48.360001,0.0,424,57.0,26.800001,7,2023-05-23
2023-05-23 21:02:00,21.409998,51.639999,0.0,413,57.0,26.800001,7,2023-05-23
2023-05-23 21:32:00,20.799999,46.48,0.0,413,56.900002,26.700001,7,2023-05-23
2023-05-23 22:02:00,20.469999,42.879997,0.0,413,56.799999,26.6,7,2023-05-23
2023-05-23 22:32:00,20.109999,43.040001,0.0,413,56.799999,26.5,7,2023-05-23
2023-05-23 23:02:00,19.809999,42.700001,0.0,413,56.700001,26.400002,7,2023-05-23
2023-05-23 23:32:00,19.519999,44.029999,0.0,413,56.600002,26.300001,7,2023-05-23
2023-05-24 00:02:00,19.169998,46.289997,0.0,413,56.5,26.1,7,2023-05-24
2023-05-24 00:32:00,18.709999,47.419998,0.0,413,56.400002,26.0,7,2023-05-24
2023-05-24 01:02:00,18.389999,47.669998,0.0,413,56.400002,25.800001,7,2023-05-24
2023-05-24 01:32:00,18.189999,47.23,0.0,413,56.299999,25.700001,7,2023-05-24
2023-05-24 02:02:00,17.849998,49.509998,0.0,413,56.299999,25.6,7,2023-05-24
2023-05-24 02:32:00,17.459999,52.889999,0.0,413,56.200001,25.400002,7,2023-05-24
2023-05-24 03:02:00,17.139999,53.039997,0.0,413,56.100002,25.300001,7,2023-05-24
2023-05-24 03:32:00,16.879999,53.049999,0.0,413,56.0,25.1,7,2023-05-24
2023-05-24 04:02:00,16.719999,52.799999,0.22,413,55.900002,25.0,7,2023-05-24
2023-05-24 04:32:00,16.879999,54.559998,1.29,413,55.900002,24.800001,7,2023-05-24
2023-05-24 05:02:00,17.9,51.009998,2.68,413,55.799999,24.700001,7,2023-05-24
2023-05-24 05:32:00,19.159998,47.869999,3.67,413,55.700001,24.6,7,2023-05-24
2023-05-24 06:02:00,20.919998,46.869999,8.51,413,55.700001,24.5,7,2023-05-24
2023-05-24 06:32:00,24.019999,41.559998,8.55,413,55.5,24.300001,7,2023-05-24
2023-05-24 07:02:00,29.079998,36.059998,21.959999,447,55.5,24.200001,7,2023-05-24
2023-05-24 07:32:00,34.549999,29.039999,22.85,522,55.400002,24.1,7,2023-05-24
2023-05-24 08:02:00,33.329998,21.949999,33.139999,526,55.400002,24.1,7,2023-05-24
2023-05-24 08:32:00,30.439999,23.789999,40.360001,507,55.299999,24.1,7,2023-05-24
2023-05-24 09:02:00,31.649998,22.26,38.82,462,55.299999,24.200001,7,2023-05-24
2023-05-24 09:32:00,32.399998,19.74,37.399998,511,55.400002,24.300001,7,2023-05-24
2023-05-24 10:02:00,33.529999,20.84,32.889999,548,55.400002,24.5,7,2023-05-24
2023-05-24 10:32:00,34.629997,23.85,43.360001,555,55.400002,24.700001,7,2023-05-24
2023-05-24 11:02:00,35.929996,20.869999,40.209999,560,55.400002,25.0,7,2023-05-24
2023-05-24 11:32:00,34.879997,22.969999,55.41,544,55.400002,25.1,7,2023-05-24
2023-05-24 12:02:00,35.73,19.85,31.959999,563,55.5,25.400002,7,2023-05-24
2023-05-24 12:32:00,33.879997,21.709999,43.939999,510,55.5,25.6,7,2023-05-24
2023-05-24 13:02:00,36.429996,16.779999,48.619999,574,55.5,25.800001,7,2023-05-24
2023-05-24 13:32:00,36.379997,19.1,34.529999,612,55.600002,26.1,7,2023-05-24
2023-05-24 14:02:00,34.16,21.67,29.82,544,55.700001,26.400002,7,2023-05-24
2023-05-24 14:32:00,33.449997,21.4,17.68,510,55.700001,26.6,7,2023-05-24
2023-05-24 15:02:00,32.689999,21.83,13.91,495,55.799999,27.0,7,2023-05-24
2023-05-24 15:32:00,30.909998,22.789999,11.33,507,55.900002,27.300001,7,2023-05-24
2023-05-24 16:02:00,29.529999,24.119999,9.16,473,55.900002,27.6,7,2023-05-24
2023-05-24 16:32:00,30.039999,18.389999,7.34,484,56.0,27.800001,7,2023-05-24
2023-05-24 17:02:00,31.079998,22.449999,5.23,454,56.0,27.900002,7,2023-05-24
2023-05-24 17:32:00,30.839998,20.309999,3.51,469,56.0,28.0,7,2023-05-24
2023-05-24 18:02:00,29.969999,22.029999,1.87,477,56.100002,28.1,7,2023-05-24
2023-05-24 18:32:00,28.739998,23.769999,1.17,473,56.100002,28.1,7,2023-05-24
2023-05-24 19:02:00,27.719999,26.67,0.14,447,56.100002,28.1,7,2023-05-24
2023-05-24 19:32:00,26.419998,29.09,0.0,436,55.900002,28.1,7,2023-05-24
2023-05-24 20:02:00,25.419998,30.91,0.0,417,55.900002,28.0,7,2023-05-24
2023-05-24 20:32:00,24.639999,33.52,0.0,413,55.900002,28.0,7,2023-05-24
2023-05-24 21:02:00,23.979998,35.43,0.0,413,55.900002,27.900002,7,2023-05-24
2023-05-24 21:32:00,23.519999,37.149998,0.0,413,55.700001,27.800001,7,2023-05-24
2023-05-24 22:02:00,23.019999,39.439999,0.0,413,55.700001,27.700001,7,2023-05-24
2023-05-24 22:32:00,22.509998,40.669998,0.0,413,55.600002,27.6,7,2023-05-24
2023-05-24 23:02:00,22.089998,43.48,0.0,413,55.5,27.5,7,2023-05-24
2023-05-24 23:32:00,21.719999,42.34,0.0,413,55.5,27.300001,7,2023-05-24
2023-05-25 00:03:00,21.519999,42.779999,0.0,413,55.400002,27.1,7,2023-05-25
2023-05-25 00:33:00,21.409998,42.950001,0.0,413,55.400002,27.0,7,2023-05-25
2023-05-25 01:03:00,21.259998,42.619999,0.0,413,55.200001,26.900002,7,2023-05-25
2023-05-25 01:33:00,20.959999,42.649998,0.0,413,55.200001,26.700001,7,2023-05-25
2023-05-25 02:03:00,20.639999,43.43,0.0,413,55.100002,26.6,7,2023-05-25
2023-05-25 02:33:00,20.239998,46.539997,0.0,413,55.0,26.5,7,2023-05-25
2023-05-25 03:03:00,19.779999,46.68,0.0,413,55.0,26.300001,7,2023-05-25
2023-05-25 03:33:00,19.529999,46.039997,0.0,413,54.799999,26.200001,7,2023-05-25
2023-05-25 04:03:00,19.339998,46.110001,0.13,413,54.799999,26.0,7,2023-05-25
2023-05-25 04:33:00,19.269999,46.489998,0.77,413,54.700001,25.900002,7,2023-05-25
2023-05-25 05:03:00,19.509998,45.969997,1.57,413,54.700001,25.800001,7,2023-05-25
2023-05-25 05:33:00,20.049999,44.879997,2.83,413,54.5,25.6,7,2023-05-25
2023-05-25 06:03:00,20.799999,42.849998,5.33,413,54.5,25.5,7,2023-05-25
2023-05-25 06:33:00,21.919998,42.119999,4.69,413,54.299999,25.400002,7,2023-05-25
2023-05-25 07:03:00,22.73,42.279999,5.05,413,54.299999,25.300001,7,2023-05-25
2023-05-25 07:33:00,23.079998,41.959999,7.1,413,54.200001,25.200001,7,2023-05-25
2023-05-25 08:03:00,25.369999,38.189999,10.41,413,54.200001,25.1,7,2023-05-25
2023-05-25 08:33:00,26.629999,32.989998,23.369999,413,54.100002,25.0,7,2023-05-25
2023-05-25 09:03:00,25.929998,34.25,14.46,413,54.0,25.0,7,2023-05-25
2023-05-25 09:33:00,26.209999,36.59,13.91,413,54.0,25.0,7,2023-05-25
2023-05-25 10:03:00,26.179998,37.489998,11.15,421,54.0,25.0,7,2023-05-25
2023-05-25 10:33:00,24.129999,38.439999,5.84,413,54.0,25.0,7,2023-05-25
2023-05-25 11:03:00,22.23,49.91,5.08,413,54.0,25.1,7,2023-05-25
2023-05-25 11:33:00,24.799999,47.079998,13.61,413,54.0,25.200001,7,2023-05-25
2023-05-25 12:03:00,25.629999,35.529999,11.259999,413,54.0,25.300001,7,2023-05-25
2023-05-25 12:33:00,26.199999,35.52,16.59,413,54.0,25.300001,7,2023-05-25
2023-05-25 13:03:00,28.839998,30.719999,36.469997,428,53.900002,25.300001,7,2023-05-25
2023-05-25 13:33:00,30.669998,29.07,34.610001,488,54.0,25.400002,7,2023-05-25
2023-05-25 14:03:00,31.479998,24.16,30.019999,507,53.900002,25.5,7,2023-05-25
2023-05-25 14:33:00,30.609999,25.75,19.299999,488,54.0,25.6,7,2023-05-25
2023-05-25 15:03:00,29.719999,25.209999,17.17,466,54.0,25.800001,7,2023-05-25
2023-05-25 15:33:00,28.379999,26.74,12.099999,466,54.100002,26.1,7,2023-05-25
2023-05-25 16:03:00,26.969999,29.299999,3.68,447,54.100002,26.300001,7,2023-05-25
2023-05-25 16:33:00,25.949999,33.07,6.16,413,54.100002,26.5,7,2023-05-25
2023-05-25 17:03:00,26.629999,32.709999,4.67,413,54.200001,26.6,7,2023-05-25
2023-05-25 17:33:00,26.759998,32.419998,4.75,413,54.200001,26.800001,7,2023-05-25
2023-05-25 18:03:00,27.019999,32.739998,2.72,413,54.200001,26.800001,7,2023-05-25
2023-05-25 18:33:00,25.169998,32.459999,0.45,413,54.200001,26.900002,7,2023-05-25
2023-05-25 19:03:00,23.679998,35.639999,0.06,413,54.299999,26.900002,7,2023-05-25
2023-05-25 19:33:00,22.789999,37.380001,0.0,413,54.200001,26.800001,7,2023-05-25
2023-05-25 20:03:00,22.139999,39.829998,0.0,413,54.200001,26.800001,7,2023-05-25
2023-05-25 20:33:00,21.709999,41.790001,0.0,413,54.100002,26.800001,7,2023-05-25
2023-05-25 21:03:00,21.239998,42.27,0.0,413,54.100002,26.700001,7,2023-05-25
2023-05-25 21:33:00,20.949999,43.009998,0.0,413,54.0,26.6,7,2023-05-25
2023-05-25 22:03:00,20.349998,46.110001,0.0,413,54.0,26.5,7,2023-05-25
2023-05-25 22:33:00,19.959999,45.119999,0.0,413,54.0,26.400002,7,2023-05-25
2023-05-25 23:03:00,19.329998,53.309998,0.0,413,53.900002,26.300001,7,2023-05-25
2023-05-25 23:33:00,18.4,59.349998,0.0,413,53.799999,26.1,7,2023-05-25
2023-05-26 00:02:00,17.279999,65.25,0.0,413,53.600002,25.900002,7,2023-05-26
2023-05-26 00:32:00,16.939999,67.419998,0.0,413,53.600002,25.700001,7,2023-05-26
2023-05-26 01:02:00,16.299999,72.32,0.0,413,53.5,25.6,7,2023-05-26
2023-05-26 01:32:00,16.029999,74.129997,0.0,413,53.5,25.5,7,2023-05-26
2023-05-26 02:02:00,15.979999,75.169998,0.0,413,53.400002,25.300001,7,2023-05-26
2023-05-26 02:32:00,15.989999,75.82,0.0,413,53.299999,25.1,7,2023-05-26
2023-05-26 03:02:00,15.999999,75.150002,0.0,413,53.200001,25.0,7,2023-05-26
2023-05-26 03:32:00,16.019999,74.779999,0.04,413,53.200001,24.800001,7,2023-05-26
2023-05-26 04:02:00,16.07,74.720001,0.3,413,53.100002,24.700001,7,2023-05-26
2023-05-26 04:32:00,16.379999,74.419998,0.57,413,53.0,24.6,7,2023-05-26
2023-05-26 05:02:00,16.679998,74.290001,1.59,413,52.900002,24.5,7,2023-05-26
2023-05-26 05:32:00,17.629999,71.849998,6.45,413,52.900002,24.300001,7,2023-05-26
2023-05-26 06:02:00,19.819998,68.269997,7.05,413,52.799999,24.200001,7,2023-05-26
2023-05-26 06:32:00,23.439999,58.989998,8.059999,413,52.799999,24.1,7,2023-05-26
2023-05-26 07:02:00,28.839998,48.419998,21.459999,413,52.600002,24.0,7,2023-05-26
2023-05-26 07:32:00,34.32,42.369999,34.959999,484,52.600002,23.900002,7,2023-05-26
2023-05-26 08:02:00,29.139999,39.450001,23.76,447,52.5,23.900002,7,2023-05-26
2023-05-26 08:32:00,28.349998,40.689999,43.099998,421,52.600002,23.900002,7,2023-05-26
2023-05-26 09:02:00,29.889999,38.860001,43.079998,466,52.5,24.0,7,2023-05-26
2023-05-26 09:32:00,31.279999,34.25,50.259998,503,52.5,24.1,7,2023-05-26
2023-05-26 10:02:00,32.099998,28.129999,46.099998,495,52.600002,24.300001,7,2023-05-26
2023-05-26 10:32:00,32.039997,27.32,46.689999,503,52.600002,24.6,7,2023-05-26
2023-05-26 11:02:00,32.419998,26.83,56.369999,544,52.700001,24.900002,7,2023-05-26
2023-05-26 11:32:00,34.07,25.18,29.84,526,52.799999,25.200001,7,2023-05-26
2023-05-26 12:02:00,35.0,23.35,52.82,567,52.900002,25.6,7,2023-05-26
2023-05-26 12:32:00,34.779999,23.129999,16.549999,544,53.100002,26.0,7,2023-05-26
2023-05-26 13:02:00,32.75,24.889999,35.469997,511,53.200001,26.400002,7,2023-05-26
2023-05-26 13:32:00,34.23,26.75,42.5,526,53.299999,27.0,7,2023-05-26
2023-05-26 14:02:00,33.669998,29.119999,22.99,499,53.5,27.400002,7,2023-05-26
2023-05-26 14:32:00,33.809998,29.26,29.09,495,53.600002,27.800001,7,2023-05-26
2023-05-26 15:02:00,32.439999,24.82,17.41,511,53.799999,28.200001,7,2023-05-26
2023-05-26 15:32:00,31.019999,31.24,7.81,477,53.900002,28.5,7,2023-05-26
2023-05-26 16:02:00,30.399998,25.709999,10.559999,466,54.0,28.800001,7,2023-05-26
2023-05-26 16:32:00,32.789997,30.41,6.6,436,54.0,28.900002,7,2023-05-26
2023-05-26 17:02:00,33.529999,25.959999,4.33,484,54.0,29.0,7,2023-05-26
2023-05-26 17:32:00,32.289997,30.48,2.23,454,54.100002,29.1,7,2023-05-26
2023-05-26 18:02:00,29.819998,35.73,0.89,450,54.100002,29.1,7,2023-05-26
2023-05-26 18:32:00,27.329998,38.599998,0.18,436,54.0,29.1,7,2023-05-26
2023-05-26 19:02:00,24.959999,42.610001,0.0,421,54.0,29.1,7,2023-05-26
2023-05-26 19:32:00,23.149998,45.739998,0.0,417,54.100002,29.0,7,2023-05-26
2023-05-26 20:02:00,21.769999,49.959999,0.0,413,54.0,29.0,7,2023-05-26
2023-05-26 20:32:00,20.539999,52.219997,0.0,413,53.900002,28.800001,7,2023-05-26
2023-05-26 21:02:00,19.519999,53.59,0.0,413,53.799999,28.6,7,2023-05-26
2023-05-26 21:32:00,18.849998,57.119999,0.0,413,53.799999,28.5,7,2023-05-26
2023-05-26 22:02:00,18.269999,57.110001,0.0,413,53.700001,28.300001,7,2023-05-26
2023-05-26 22:32:00,18.589998,56.869999,0.0,413,53.600002,28.1,7,2023-05-26
2023-05-26 23:02:00,18.48,56.18,0.0,413,53.5,27.900002,7,2023-05-26
2023-05-26 23:32:00,18.189999,56.849998,0.0,413,53.400002,27.6,7,2023-05-26
2023-05-27 00:02:00,18.549999,54.43,0.0,413,53.299999,27.5,7,2023-05-27
2023-05-27 00:32:00,18.799999,51.77,0.0,413,53.200001,27.300001,7,2023-05-27
2023-05-27 01:02:00,18.559999,51.059998,0.0,413,53.100002,27.1,7,2023-05-27
2023-05-27 01:32:00,18.339998,53.919998,0.0,413,53.0,26.900002,7,2023-05-27
2023-05-27 02:02:00,18.429998,55.349998,0.0,413,52.900002,26.700001,7,2023-05-27
2023-05-27 02:32:00,18.499998,53.91,0.0,413,52.799999,26.5,7,2023-05-27
2023-05-27 03:02:00,18.419998,50.009998,0.0,413,52.799999,26.300001,7,2023-05-27
2023-05-27 03:32:00,18.129999,52.279999,0.3,413,52.600002,26.1,7,2023-05-27
2023-05-27 04:02:00,17.869999,56.75,1.08,413,52.600002,26.0,7,2023-05-27
2023-05-27 04:32:00,17.969999,57.119999,2.29,413,52.5,25.800001,7,2023-05-27
2023-05-27 05:02:00,19.469999,52.469997,4.44,413,52.400002,25.700001,7,2023-05-27
2023-05-27 05:32:00,20.899998,51.699997,3.12,413,52.299999,25.6,7,2023-05-27
2023-05-27 06:02:00,21.689999,50.129997,5.61,413,52.299999,25.400002,7,2023-05-27
2023-05-27 06:32:00,23.649998,47.689999,8.65,413,52.200001,25.300001,7,2023-05-27
2023-05-27 07:02:00,27.029999,46.66,15.77,413,52.100002,25.200001,7,2023-05-27
2023-05-27 07:32:00,30.249998,40.34,17.49,413,52.0,25.1,7,2023-05-27
2023-05-27 08:02:00,29.189999,27.92,27.92,436,52.0,25.0,7,2023-05-27
2023-05-27 08:32:00,27.649998,28.529999,24.58,413,52.0,25.0,7,2023-05-27
2023-05-27 09:02:00,27.849998,33.630001,28.43,417,52.0,25.1,7,2023-05-27
2023-05-27 09:32:00,28.799999,33.969997,37.84,417,52.0,25.1,7,2023-05-27
2023-05-27 10:02:00,28.919998,33.07,44.02,450,52.0,25.300001,7,2023-05-27
2023-05-27 10:32:00,30.319998,26.08,41.02,477,51.900002,25.400002,7,2023-05-27
2023-05-27 11:02:00,32.029999,21.85,48.919998,499,52.0,25.6,7,2023-05-27
2023-05-27 11:32:00,33.509998,18.98,30.67,522,52.0,25.800001,7,2023-05-27
2023-05-27 12:02:00,34.619999,18.469999,56.369999,533,52.100002,26.1,7,2023-05-27
2023-05-27 12:32:00,37.379997,14.83,54.57,574,52.200001,26.400002,7,2023-05-27
2023-05-27 13:02:00,37.169998,16.43,46.759998,555,52.299999,26.800001,7,2023-05-27
2023-05-27 13:32:00,35.719997,17.58,29.889999,544,52.400002,27.300001,7,2023-05-27
2023-05-27 14:02:00,34.48,16.719999,20.219999,526,52.600002,27.700001,7,2023-05-27
2023-05-27 14:32:00,32.299999,23.879999,10.73,511,52.799999,28.1,7,2023-05-27
2023-05-27 15:02:00,31.429998,33.809998,19.969999,522,52.799999,28.5,7,2023-05-27
2023-05-27 15:32:00,29.279999,33.549999,9.74,495,52.900002,28.700001,7,2023-05-27
2023-05-27 16:02:00,28.179998,32.790001,9.8,424,52.900002,28.900002,7,2023-05-27
2023-05-27 16:32:00,28.509998,32.790001,5.61,432,53.0,29.0,7,2023-05-27
2023-05-27 17:02:00,27.679998,34.549999,2.5,447,53.100002,29.1,7,2023-05-27
2023-05-27 17:32:00,26.429998,36.239998,2.03,428,53.100002,29.1,7,2023-05-27
2023-05-27 18:02:00,25.779999,37.849998,0.6,413,53.100002,29.1,7,2023-05-27
2023-05-27 18:32:00,24.849998,41.219997,0.15,413,53.0,29.0,7,2023-05-27
2023-05-27 19:02:00,23.869999,45.200001,0.0,413,53.0,29.0,7,2023-05-27
2023-05-27 19:32:00,23.049999,49.049999,0.0,413,53.0,28.800001,7,2023-05-27
2023-05-27 20:02:00,21.989998,54.18,0.0,413,52.900002,28.700001,7,2023-05-27
2023-05-27 20:32:00,21.439999,57.059998,0.0,413,52.799999,28.6,7,2023-05-27
2023-05-27 21:02:00,20.98,58.389999,0.0,413,52.799999,28.400002,7,2023-05-27
2023-05-27 21:32:00,20.099998,60.549999,0.0,413,52.700001,28.300001,7,2023-05-27
2023-05-27 22:02:00,19.429998,64.489998,0.0,413,52.600002,28.1,7,2023-05-27
2023-05-27 22:32:00,19.139999,67.989998,0.0,413,52.400002,27.900002,7,2023-05-27
2023-05-27 23:02:00,19.029999,69.860001,0.0,413,52.400002,27.700001,7,2023-05-27
2023-05-27 23:32:00,19.049999,68.260002,0.0,413,52.400002,27.5,7,2023-05-27
2023-05-28 00:02:00,18.919998,69.049995,0.0,413,52.299999,27.400002,7,2023-05-28
2023-05-28 00:32:00,18.939999,67.82,0.0,413,52.200001,27.200001,7,2023-05-28
2023-05-28 01:02:00,18.619999,69.879997,0.0,413,52.100002,27.0,7,2023-05-28
2023-05-28 01:32:00,18.039999,72.019997,0.0,413,52.0,26.800001,7,2023-05-28
2023-05-28 02:02:00,17.679998,73.790001,0.0,413,51.900002,26.700001,7,2023-05-28
2023-05-28 02:32:00,17.469999,48.379997,0.0,413,51.799999,26.5,7,2023-05-28
2023-05-28 03:02:00,17.389999,44.719997,0.01,413,51.799999,26.300001,7,2023-05-28
2023-05-28 03:32:00,17.179998,43.610001,0.4,413,51.600002,26.200001,7,2023-05-28
2023-05-28 04:02:00,17.139999,42.369999,1.37,413,51.600002,26.0,7,2023-05-28
2023-05-28 04:32:00,17.789999,43.129997,2.45,413,51.5,25.900002,7,2023-05-28
2023-05-28 05:02:00,20.129999,48.23,6.92,413,51.5,25.700001,7,2023-05-28
2023-05-28 05:32:00,24.059999,42.959999,9.99,413,51.299999,25.6,7,2023-05-28
2023-05-28 06:02:00,26.199999,35.290001,9.3,413,51.299999,25.5,7,2023-05-28
2023-05-28 06:32:00,29.119999,31.76,21.73,443,51.200001,25.300001,7,2023-05-28
2023-05-28 07:02:00,32.189999,27.049999,23.32,507,51.100002,25.300001,7,2023-05-28
2023-05-28 07:32:00,33.209999,23.799999,34.939999,488,51.100002,25.200001,7,2023-05-28
2023-05-28 08:02:00,34.119999,25.25,37.799999,477,51.100002,25.200001,7,2023-05-28
2023-05-28 08:32:00,34.23,21.83,31.41,499,51.100002,25.300001,7,2023-05-28
2023-05-28 09:02:00,35.429996,21.32,35.169998,518,51.100002,25.400002,7,2023-05-28
2023-05-28 09:32:00,35.449997,21.82,45.889999,507,51.100002,25.5,7,2023-05-28
2023-05-28 10:02:00,37.09,16.109999,47.059998,533,51.100002,25.6,7,2023-05-28
2023-05-28 10:32:00,38.439999,19.459999,45.77,571,51.200001,25.800001,7,2023-05-28
2023-05-28 11:02:00,39.939999,15.849999,56.149998,585,51.200001,26.0,7,2023-05-28
2023-05-28 11:32:00,40.349998,19.199999,26.4,597,51.299999,26.1,7,2023-05-28
2023-05-28 12:02:00,38.519997,15.679999,56.0,578,51.299999,26.300001,7,2023-05-28
2023-05-28 12:32:00,38.559998,16.73,56.18,548,51.299999,26.5,7,2023-05-28
2023-05-28 13:02:00,38.879997,16.309999,51.889999,574,51.299999,26.700001,7,2023-05-28
2023-05-28 13:32:00,38.879997,15.86,47.139999,552,51.5,26.900002,7,2023-05-28
2023-05-28 14:02:00,36.75,16.719999,25.639999,529,51.5,27.200001,7,2023-05-28
2023-05-28 14:32:00,36.739998,16.52,31.969999,552,51.600002,27.6,7,2023-05-28
2023-05-28 15:02:00,35.889999,17.51,18.24,537,51.799999,28.0,7,2023-05-28
2023-05-28 15:32:00,33.419998,19.709999,5.13,515,51.900002,28.300001,7,2023-05-28
2023-05-28 16:02:00,33.059998,19.68,11.53,496,52.0,28.5,7,2023-05-28
2023-05-28 16:32:00,35.379997,23.059999,7.8,518,52.100002,28.700001,7,2023-05-28
2023-05-28 17:02:00,36.25,23.34,4.13,529,52.100002,28.800001,7,2023-05-28
2023-05-28 17:32:00,33.859997,23.289999,2.04,522,52.100002,29.0,7,2023-05-28
2023-05-28 18:02:00,31.069998,30.959999,1.05,522,52.100002,29.0,7,2023-05-28
2023-05-28 18:32:00,27.709999,35.360001,0.26,454,52.200001,29.0,7,2023-05-28
2023-05-28 19:02:00,25.299999,37.790001,0.0,432,52.100002,29.0,7,2023-05-28
2023-05-28 19:32:00,23.859999,35.5,0.0,413,52.100002,29.0,7,2023-05-28
2023-05-28 20:02:00,22.679998,38.279999,0.0,413,52.100002,28.900002,7,2023-05-28
2023-05-28 20:32:00,21.73,40.43,0.0,413,52.100002,28.800001,7,2023-05-28
2023-05-28 21:02:00,21.049999,42.379997,0.0,413,52.0,28.6,7,2023-05-28
2023-05-28 21:32:00,20.469999,43.959999,0.0,413,52.0,28.5,7,2023-05-28
2023-05-28 22:02:00,20.009998,46.459999,0.0,413,51.799999,28.300001,7,2023-05-28
2023-05-28 22:32:00,19.389999,48.939999,0.0,413,51.799999,28.1,7,2023-05-28
2023-05-28 23:02:00,18.759998,51.57,0.0,413,51.700001,28.0,7,2023-05-28
2023-05-28 23:32:00,17.969999,56.66,0.0,413,51.600002,27.800001,7,2023-05-28
2023-05-29 00:02:00,17.789999,54.399998,0.0,413,51.5,27.6,7,2023-05-29
2023-05-29 00:32:00,17.449999,55.809998,0.0,413,51.5,27.400002,7,2023-05-29
2023-05-29 01:02:00,17.119999,55.879997,0.0,413,51.299999,27.200001,7,2023-05-29
2023-05-29 01:32:00,16.73,55.059998,0.0,413,51.299999,27.1,7,2023-05-29
2023-05-29 02:02:00,16.459999,57.5,0.0,413,51.100002,26.800001,7,2023-05-29
2023-05-29 02:32:00,16.099998,60.649998,0.0,413,51.100002,26.6,7,2023-05-29
2023-05-29 03:02:00,15.349998,63.34,0.01,413,51.0,26.5,7,2023-05-29
2023-05-29 03:32:00,14.779999,66.479996,0.38,413,50.900002,26.300001,7,2023-05-29
2023-05-29 04:02:00,14.879999,65.57,1.25,413,50.799999,26.1,7,2023-05-29
2023-05-29 04:32:00,15.979999,65.989998,2.32,413,50.700001,26.0,7,2023-05-29
2023-05-29 05:02:00,19.269999,65.279999,7.41,413,50.600002,25.800001,7,2023-05-29
2023-05-29 05:32:00,23.879999,49.869999,9.78,413,50.5,25.6,7,2023-05-29
2023-05-29 06:02:00,26.529999,47.759998,9.599999,413,50.5,25.5,7,2023-05-29
2023-05-29 06:32:00,30.829998,36.689999,22.18,447,50.400002,25.300001,7,2023-05-29
2023-05-29 07:02:00,34.869999,25.119999,23.23,507,50.299999,25.200001,7,2023-05-29
2023-05-29 07:32:00,32.809998,30.809999,34.630001,447,50.299999,25.200001,7,2023-05-29
2023-05-29 08:02:00,33.469997,25.68,41.599998,454,50.200001,25.200001,7,2023-05-29
2023-05-29 08:32:00,34.0,26.449999,43.009998,466,50.200001,25.300001,7,2023-05-29
2023-05-29 09:02:00,34.239998,19.32,42.599998,484,50.299999,25.400002,7,2023-05-29
2023-05-29 09:32:00,35.299999,22.76,50.779999,488,50.299999,25.6,7,2023-05-29
2023-05-29 10:02:00,36.629997,18.33,47.899998,526,50.700001,25.700001,7,2023-05-29
2023-05-29 10:32:00,36.709999,18.549999,48.18,555,55.700001,25.800001,7,2023-05-29
2023-05-29 11:02:00,37.84,23.959999,57.07,555,59.299999,25.700001,7,2023-05-29
2023-05-29 11:32:00,39.179996,19.719999,31.58,533,60.200001,25.700001,7,2023-05-29
2023-05-29 12:02:00,39.869999,15.29,60.299999,559,60.5,25.700001,7,2023-05-29
2023-05-29 12:32:00,40.179996,18.09,6.54,529,60.600002,25.800001,7,2023-05-29
2023-05-29 13:02:00,35.609997,21.699999,15.88,518,60.900002,26.0,7,2023-05-29
2023-05-29 13:32:00,37.5,26.769999,49.169998,548,61.200001,26.300001,7,2023-05-29
2023-05-29 14:02:00,32.919998,25.67,34.200001,507,61.400002,26.6,7,2023-05-29
2023-05-29 14:32:00,36.019997,25.869999,35.899998,481,61.5,27.0,7,2023-05-29
2023-05-29 15:02:00,36.34,17.799999,19.26,514,61.5,27.200001,7,2023-05-29
2023-05-29 15:32:00,34.269997,18.549999,6.48,514,61.600002,27.5,7,2023-05-29
2023-05-29 16:02:00,31.169998,21.09,4.88,450,61.600002,27.700001,7,2023-05-29
2023-05-29 16:32:00,30.329998,30.24,1.05,443,61.700001,27.800001,7,2023-05-29
2023-05-29 17:02:00,28.549999,30.51,0.39,473,61.600002,28.0,7,2023-05-29
2023-05-29 17:32:00,25.259998,39.989998,0.23,436,61.600002,28.0,7,2023-05-29
2023-05-29 18:02:00,23.099998,45.939999,0.19,413,61.5,28.1,7,2023-05-29
2023-05-29 18:32:00,22.289999,48.32,0.12,413,61.5,28.0,7,2023-05-29
2023-05-29 19:02:00,21.469999,53.199997,0.0,413,61.5,28.0,7,2023-05-29
2023-05-29 19:32:00,20.389999,57.34,0.0,413,61.400002,27.900002,7,2023-05-29
2023-05-29 20:02:00,19.449999,61.919998,0.0,413,61.299999,27.800001,7,2023-05-29
2023-05-29 20:32:00,18.959999,66.209999,0.0,413,61.299999,27.700001,7,2023-05-29
2023-05-29 21:02:00,18.929998,66.689995,0.0,413,61.100002,27.5,7,2023-05-29
2023-05-29 21:32:00,18.759998,67.769997,0.0,413,61.100002,27.400002,7,2023-05-29
2023-05-29 22:02:00,18.539999,67.599998,0.0,413,61.100002,27.300001,7,2023-05-29
2023-05-29 22:32:00,18.349998,67.629997,0.0,413,60.900002,27.1,7,2023-05-29
2023-05-29 23:02:00,18.289999,66.150002,0.0,413,60.799999,27.0,7,2023-05-29
2023-05-29 23:32:00,17.919998,67.080002,0.0,413,60.700001,26.800001,7,2023-05-29
2023-05-30 00:02:00,17.409998,69.529999,0.0,413,60.600002,26.6,7,2023-05-30
2023-05-30 00:32:00,16.869999,72.010002,0.0,413,60.5,26.5,7,2023-05-30
2023-05-30 01:02:00,16.359999,73.909996,0.0,413,60.5,26.300001,7,2023-05-30
2023-05-30 01:32:00,15.909999,74.739998,0.0,413,60.299999,26.200001,7,2023-05-30
2023-05-30 02:02:00,15.589999,75.739998,0.0,413,60.299999,26.0,7,2023-05-30
2023-05-30 02:32:00,15.129999,75.080002,0.0,413,60.200001,25.900002,7,2023-05-30
2023-05-30 03:02:00,14.769999,76.75,0.01,413,60.100002,25.800001,7,2023-05-30
2023-05-30 03:32:00,14.519999,77.379997,0.33,413,60.0,25.6,7,2023-05-30
2023-05-30 04:02:00,14.539999,78.759995,1.06,413,59.900002,25.5,7,2023-05-30
2023-05-30 04:32:00,15.339999,78.419998,2.33,413,59.900002,25.300001,7,2023-05-30
2023-05-30 05:02:00,18.189999,76.129997,6.82,413,59.799999,25.1,7,2023-05-30
2023-05-30 05:32:00,22.949999,66.720001,9.09,413,59.700001,25.0,7,2023-05-30
2023-05-30 06:02:00,25.719999,56.110001,9.49,413,59.600002,24.900002,7,2023-05-30
2023-05-30 06:32:00,30.469999,47.619999,21.309999,432,59.5,24.800001,7,2023-05-30
2023-05-30 07:02:00,35.709999,44.939999,22.32,481,59.400002,24.6,7,2023-05-30
2023-05-30 07:32:00,33.329998,27.029999,33.739998,447,59.299999,24.6,7,2023-05-30
2023-05-30 08:02:00,33.989998,26.66,41.040001,458,59.299999,24.6,7,2023-05-30
2023-05-30 08:32:00,34.769997,22.609999,45.689999,492,59.299999,24.6,7,2023-05-30
2023-05-30 09:02:00,36.259998,23.949999,44.599998,510,59.299999,24.700001,7,2023-05-30
2023-05-30 09:32:00,36.539997,22.309999,52.860001,481,59.200001,24.800001,7,2023-05-30
2023-05-30 10:02:00,37.379997,23.189999,50.209999,544,59.200001,25.0,7,2023-05-30
2023-05-30 10:32:00,38.899998,16.959999,54.27,526,59.100002,25.1,7,2023-05-30
2023-05-30 11:02:00,38.769997,19.77,62.199997,544,59.200001,25.300001,7,2023-05-30
2023-05-30 11:32:00,39.579998,16.77,39.18,560,60.5,25.5,7,2023-05-30
2023-05-30 12:02:00,40.809998,16.08,65.199997,604,63.600002,25.800001,7,2023-05-30
2023-05-30 12:32:00,40.239998,15.719999,9.49,553,65.200005,26.200001,7,2023-05-30
2023-05-30 13:02:00,34.679996,16.9,56.259998,556,65.200005,26.6,7,2023-05-30
2023-05-30 13:32:00,31.809998,21.699999,48.989998,552,65.400002,27.1,7,2023-05-30
2023-05-30 14:02:00,31.999998,20.109999,36.299999,514,65.400002,27.5,7,2023-05-30
2023-05-30 14:32:00,31.909998,20.869999,33.959999,533,65.300003,28.0,7,2023-05-30
2023-05-30 15:02:00,31.159998,19.41,19.74,450,65.200005,28.300001,7,2023-05-30
2023-05-30 15:32:00,25.289999,37.989998,6.23,473,65.200005,28.6,7,2023-05-30
2023-05-30 16:02:00,23.049999,42.459999,5.47,413,65.099998,28.900002,7,2023-05-30
2023-05-30 16:32:00,31.259998,49.079998,6.24,473,65.099998,29.1,7,2023-05-30
2023-05-30 17:02:00,33.449997,44.5,3.68,511,65.0,29.1,7,2023-05-30
2023-05-30 17:32:00,32.439999,36.59,2.0,488,64.900002,29.200001,7,2023-05-30
2023-05-30 18:02:00,29.839998,47.59,0.98,473,64.800003,29.300001,7,2023-05-30
2023-05-30 18:32:00,26.179998,54.809998,0.25,450,64.700005,29.200001,7,2023-05-30
2023-05-30 19:02:00,23.419998,60.709999,0.0,413,64.599998,29.200001,7,2023-05-30
2023-05-30 19:32:00,21.739998,62.799999,0.0,417,64.5,29.1,7,2023-05-30
2023-05-30 20:02:00,20.569998,64.400002,0.0,413,64.5,29.0,7,2023-05-30
2023-05-30 20:32:00,19.669998,63.82,0.0,413,64.300003,28.900002,7,2023-05-30
2023-05-30 21:02:00,18.859999,64.290001,0.0,413,64.300003,28.800001,7,2023-05-30
2023-05-30 21:32:00,18.259998,65.199997,0.0,413,64.099998,28.6,7,2023-05-30
2023-05-30 22:02:00,17.749998,66.220001,0.0,413,64.0,28.400002,7,2023-05-30
2023-05-30 22:32:00,17.329998,65.459999,0.0,413,63.900002,28.300001,7,2023-05-30
2023-05-30 23:02:00,17.029999,68.549995,0.0,413,63.799999,28.1,7,2023-05-30
2023-05-30 23:32:00,19.679998,74.239998,0.0,413,64.700005,25.800001,7,2023-05-30
2023-05-01 00:02:00,12.329999,85.009995,0.0,413,55.0,18.0,8,2023-05-01
2023-05-01 00:32:00,12.089999,85.519997,0.0,413,55.0,17.900002,8,2023-05-01
2023-05-01 01:02:00,11.929998,86.849998,0.0,413,54.900002,17.700001,8,2023-05-01
2023-05-01 01:32:00,11.889998,87.019997,0.0,413,54.799999,17.6,8,2023-05-01
2023-05-01 02:02:00,11.769999,86.909996,0.0,413,54.799999,17.5,8,2023-05-01
2023-05-01 02:32:00,11.499999,86.189995,0.0,413,54.700001,17.300001,8,2023-05-01
2023-05-01 03:02:00,11.209999,85.049995,0.0,413,54.700001,17.1,8,2023-05-01
2023-05-01 03:32:00,10.919999,85.259995,0.0,413,54.700001,17.0,8,2023-05-01
2023-05-01 04:02:00,10.669999,85.720001,0.0,413,54.600002,16.900002,8,2023-05-01
2023-05-01 04:32:00,10.439999,85.489998,0.12,413,54.5,16.800001,8,2023-05-01
2023-05-01 05:02:00,10.349998,86.279999,0.63,413,54.5,16.6,8,2023-05-01
2023-05-01 05:32:00,10.739999,87.419998,1.46,413,54.400002,16.5,8,2023-05-01
2023-05-01 06:02:00,11.999999,88.439995,2.73,413,54.299999,16.400002,8,2023-05-01
2023-05-01 06:32:00,14.219998,86.709999,4.35,413,54.299999,16.300001,8,2023-05-01
2023-05-01 07:02:00,17.519999,78.509995,7.29,413,55.900002,16.300001,8,2023-05-01
2023-05-01 07:32:00,23.079998,68.559998,23.85,413,55.900002,16.300001,8,2023-05-01
2023-05-01 08:02:00,29.089998,58.52,24.43,413,54.5,16.5,8,2023-05-01
2023-05-01 08:32:00,29.369999,36.459999,12.21,413,54.700001,16.800001,8,2023-05-01
2023-05-01 09:02:00,28.749998,33.439999,16.949999,413,55.0,17.5,8,2023-05-01
2023-05-01 09:32:00,29.789999,32.149998,14.25,413,55.200001,18.200001,8,2023-05-01
2023-05-01 10:02:00,31.479998,28.75,12.469999,413,55.5,19.0,8,2023-05-01
2023-05-01 10:32:00,32.5,26.559999,13.19,413,55.900002,19.800001,8,2023-05-01
2023-05-01 11:02:00,33.699997,22.23,13.79,413,57.200001,20.800001,8,2023-05-01
2023-05-01 11:32:00,33.439999,25.039999,17.16,413,57.400002,21.700001,8,2023-05-01
2023-05-01 12:02:00,33.989998,21.49,20.09,413,56.799999,22.6,8,2023-05-01
2023-05-01 12:32:00,30.969999,24.969999,22.619999,413,57.0,23.5,8,2023-05-01
2023-05-01 13:02:00,29.289999,26.18,23.949999,413,57.100002,24.200001,8,2023-05-01
2023-05-01 13:32:00,28.199999,27.92,6.76,413,57.100002,24.6,8,2023-05-01
2023-05-01 14:02:00,28.819998,25.5,14.87,413,57.100002,24.900002,8,2023-05-01
2023-05-01 14:32:00,28.999998,26.92,14.049999,413,67.300003,26.0,8,2023-05-01
2023-05-01 15:02:00,29.449999,22.75,5.27,413,64.400002,25.700001,8,2023-05-01
2023-05-01 15:32:00,29.539999,21.559999,3.86,413,63.200001,25.5,8,2023-05-01
2023-05-01 16:02:00,28.339998,22.379999,7.28,413,62.600002,25.300001,8,2023-05-01
2023-05-01 16:32:00,29.449999,40.73,2.64,413,62.100002,25.1,8,2023-05-01
2023-05-01 17:02:00,29.969999,46.799999,1.81,413,61.700001,25.1,8,2023-05-01
2023-05-01 17:32:00,28.739998,44.450001,1.0,413,61.5,25.0,8,2023-05-01
2023-05-01 18:02:00,26.589998,49.619999,0.52,413,61.200001,25.0,8,2023-05-01
2023-05-01 18:32:00,24.379999,58.619999,0.08,413,61.0,24.800001,8,2023-05-01
2023-05-01 19:02:00,22.239998,65.119995,0.0,413,61.700001,24.700001,8,2023-05-01
2023-05-01 19:32:00,20.709999,69.580002,0.0,413,61.5,24.5,8,2023-05-01
2023-05-01 20:02:00,19.739998,71.400002,0.0,413,61.299999,24.300001,8,2023-05-01
2023-05-01 20:32:00,18.929998,73.220001,0.0,413,60.100002,24.0,8,2023-05-01
2023-05-01 21:02:00,18.219999,73.299995,0.0,413,61.0,23.800001,8,2023-05-01
2023-05-01 21:32:00,17.539999,74.040001,0.0,413,60.900002,23.5,8,2023-05-01
2023-05-01 22:02:00,16.929998,74.790001,0.0,413,59.600002,23.300001,8,2023-05-01
2023-05-01 22:32:00,16.369999,75.199997,0.0,413,60.600002,23.0,8,2023-05-01
2023-05-01 23:02:00,15.889998,75.259995,0.0,413,60.5,22.800001,8,2023-05-01
2023-05-01 23:32:00,15.429998,75.509995,0.0,413,60.299999,22.5,8,2023-05-01
2023-05-02 00:02:00,14.979999,76.059998,0.0,413,60.200001,22.200001,8,2023-05-02
2023-05-02 00:32:00,14.599998,76.919998,0.0,413,58.799999,22.0,8,2023-05-02
2023-05-02 01:02:00,14.329999,77.619995,0.0,413,58.700001,21.700001,8,2023-05-02
2023-05-02 01:32:00,14.119999,78.540001,0.0,413,58.5,21.5,8,2023-05-02
2023-05-02 02:02:00,13.889998,79.290001,0.0,413,59.900002,21.200001,8,2023-05-02
2023-05-02 02:32:00,13.709999,79.799995,0.0,413,58.299999,21.0,8,2023-05-02
2023-05-02 03:02:00,13.519999,79.860001,0.0,413,59.600002,20.800001,8,2023-05-02
2023-05-02 03:32:00,13.399999,80.729996,0.0,413,58.100002,20.5,8,2023-05-02
2023-05-02 04:02:00,13.299999,80.75,0.0,413,58.0,20.300001,8,2023-05-02
2023-05-02 04:32:00,13.219998,81.439995,0.12,413,57.900002,20.1,8,2023-05-02
2023-05-02 05:02:00,13.369999,82.790001,0.67,413,57.799999,20.0,8,2023-05-02
2023-05-02 05:32:00,14.179998,83.699997,1.66,413,57.700001,19.800001,8,2023-05-02
2023-05-02 06:02:00,15.579999,81.970001,1.99,413,59.100002,19.6,8,2023-05-02
2023-05-02 06:32:00,17.539999,78.540001,3.91,413,59.100002,19.5,8,2023-05-02
2023-05-02 07:02:00,20.459999,67.799995,7.03,413,59.0,19.400002,8,2023-05-02
2023-05-02 07:32:00,26.339998,56.949997,21.389999,413,57.600002,19.400002,8,2023-05-02
2023-05-02 08:02:00,31.669998,49.379997,23.67,413,57.700001,19.5,8,2023-05-02
2023-05-02 08:32:00,33.75,27.029999,19.15,413,59.100002,19.900002,8,2023-05-02
2023-05-02 09:02:00,30.129999,26.139999,19.199999,413,58.100002,20.5,8,2023-05-02
2023-05-02 09:32:00,28.769999,29.439999,18.75,413,58.200001,21.0,8,2023-05-02
2023-05-02 10:02:00,30.409998,25.25,32.369999,413,58.299999,21.5,8,2023-05-02
2023-05-02 10:32:00,36.619999,20.039999,32.239998,413,58.700001,22.6,8,2023-05-02
2023-05-02 11:02:00,36.739998,20.949999,24.809999,428,58.900002,23.300001,8,2023-05-02
2023-05-02 11:32:00,38.809998,30.279999,27.08,432,59.0,24.0,8,2023-05-02
2023-05-02 12:02:00,40.049999,33.619999,14.389999,440,59.100002,24.6,8,2023-05-02
2023-05-02 12:32:00,39.75,31.869999,13.71,416,59.299999,25.200001,8,2023-05-02
2023-05-02 13:02:00,38.329998,24.939999,16.66,413,59.299999,25.6,8,2023-05-02
2023-05-02 13:32:00,31.709999,26.24,2.72,413,59.299999,26.0,8,2023-05-02
2023-05-02 14:02:00,28.199999,31.429998,8.69,413,59.299999,26.200001,8,2023-05-02
2023-05-02 14:32:00,31.309998,27.849998,10.57,413,59.200001,26.300001,8,2023-05-02
2023-05-02 15:02:00,33.349998,21.99,12.55,413,59.200001,26.300001,8,2023-05-02
2023-05-02 15:32:00,34.869999,28.4,6.3,413,59.100002,26.400002,8,2023-05-02
2023-05-02 16:02:00,33.439999,27.699999,1.36,413,59.100002,26.5,8,2023-05-02
2023-05-02 16:32:00,31.359999,31.17,1.36,413,59.100002,26.6,8,2023-05-02
2023-05-02 17:02:00,29.559998,34.959999,0.57,413,59.0,26.5,8,2023-05-02
2023-05-02 17:32:00,27.919998,35.77,0.35,413,58.900002,26.5,8,2023-05-02
2023-05-02 18:02:00,26.499998,44.139999,0.04,413,58.799999,26.300001,8,2023-05-02
2023-05-02 18:32:00,25.139999,46.559998,0.0,413,58.700001,26.200001,8,2023-05-02
2023-05-02 19:02:00,24.039999,47.84,0.0,413,58.600002,26.0,8,2023-05-02
2023-05-02 19:32:00,23.209999,43.239998,0.0,413,58.5,25.800001,8,2023-05-02
2023-05-02 20:02:00,22.199999,48.529999,0.0,413,58.299999,25.5,8,2023-05-02
2023-05-02 20:32:00,21.149998,58.619999,0.0,413,59.299999,25.300001,8,2023-05-02
2023-05-02 21:02:00,20.139999,68.470001,0.0,413,58.100002,25.0,8,2023-05-02
2023-05-02 21:32:00,19.739998,73.439995,0.0,413,59.100002,24.800001,8,2023-05-02
2023-05-02 22:02:00,19.609999,76.089996,0.0,413,57.900002,24.6,8,2023-05-02
2023-05-02 22:32:00,19.419998,77.189995,0.0,413,57.799999,24.300001,8,2023-05-02
2023-05-02 23:02:00,19.079998,78.019997,0.0,413,58.900002,24.1,8,2023-05-02
2023-05-02 23:32:00,18.699999,78.759995,0.0,413,58.799999,23.900002,8,2023-05-02
2023-05-03 00:02:00,18.339998,76.549995,0.0,413,57.5,23.6,8,2023-05-03
2023-05-03 00:32:00,18.019999,76.509995,0.0,413,58.600002,23.5,8,2023-05-03
2023-05-03 01:02:00,17.719999,77.68,0.0,413,57.400002,23.200001,8,2023-05-03
2023-05-03 01:32:00,17.409998,76.959999,0.0,413,57.299999,23.0,8,2023-05-03
2023-05-03 02:02:00,17.239998,75.689995,0.0,413,57.200001,22.800001,8,2023-05-03
2023-05-03 02:32:00,17.089998,76.139999,0.0,413,58.299999,22.6,8,2023-05-03
2023-05-03 03:02:00,17.009998,72.489998,0.0,413,58.299999,22.5,8,2023-05-03
2023-05-03 03:32:00,16.889999,71.169998,0.0,413,58.299999,22.200001,8,2023-05-03
2023-05-03 04:02:00,16.73,71.510002,0.13,413,58.100002,22.0,8,2023-05-03
2023-05-03 04:32:00,16.759998,67.269997,0.61,413,58.100002,21.900002,8,2023-05-03
2023-05-03 05:02:00,17.279999,63.25,1.27,413,56.700001,21.700001,8,2023-05-03
2023-05-03 05:32:00,18.359999,51.079998,2.23,413,56.700001,21.5,8,2023-05-03
2023-05-03 06:02:00,20.089998,47.539997,3.4,413,57.900002,21.5,8,2023-05-03
2023-05-03 06:32:00,22.399998,46.099998,5.17,413,56.600002,21.300001,8,2023-05-03
2023-05-03 07:02:00,25.219999,46.610001,15.94,413,56.600002,21.300001,8,2023-05-03
2023-05-03 07:32:00,28.929998,41.879997,18.029999,413,56.600002,21.400002,8,2023-05-03
2023-05-03 08:02:00,30.269999,29.519999,23.699999,413,56.799999,21.6,8,2023-05-03
2023-05-03 08:32:00,30.669998,27.469999,14.53,413,58.100002,22.0,8,2023-05-03
2023-05-03 09:02:00,31.659998,26.519999,10.48,413,57.200001,22.5,8,2023-05-03
2023-05-03 09:32:00,32.919998,24.059999,11.13,413,57.299999,23.0,8,2023-05-03
2023-05-03 10:02:00,35.84,23.76,12.44,413,57.5,23.6,8,2023-05-03
2023-05-03 10:32:00,38.289997,23.35,13.45,413,57.700001,24.300001,8,2023-05-03
2023-05-03 11:02:00,39.769997,18.939999,14.349999,429,57.900002,25.0,8,2023-05-03
2023-05-03 11:32:00,40.969997,18.07,15.71,448,58.100002,25.800001,8,2023-05-03
2023-05-03 12:02:00,41.48,18.719999,16.66,440,58.299999,26.6,8,2023-05-03
2023-05-03 12:32:00,42.759998,17.49,15.66,437,58.5,27.400002,8,2023-05-03
2023-05-03 13:02:00,42.169998,17.08,14.719999,440,58.600002,28.1,8,2023-05-03
2023-05-03 13:32:00,40.199997,17.59,5.26,420,58.700001,28.6,8,2023-05-03
2023-05-03 14:02:00,33.0,24.019999,6.72,413,58.700001,28.900002,8,2023-05-03
2023-05-03 14:32:00,30.219999,26.309999,3.34,413,58.600002,29.0,8,2023-05-03
2023-05-03 15:02:00,28.059998,30.969999,3.64,413,58.5,29.0,8,2023-05-03
2023-05-03 15:32:00,27.149998,39.48,1.9,413,58.5,28.900002,8,2023-05-03
2023-05-03 16:02:00,27.409998,50.860001,1.6,413,58.200001,28.5,8,2023-05-03
2023-05-03 16:32:00,27.289999,52.25,0.75,413,58.100002,28.300001,8,2023-05-03
2023-05-03 17:02:00,26.349998,56.299999,0.19,413,58.0,28.1,8,2023-05-03
2023-05-03 17:32:00,25.209999,60.239998,0.04,413,57.900002,27.900002,8,2023-05-03
2023-05-03 18:02:00,24.129999,64.519997,0.0,413,57.799999,27.6,8,2023-05-03
2023-05-03 18:32:00,23.289999,67.989998,0.0,413,57.700001,27.400002,8,2023-05-03
2023-05-03 19:02:00,22.559999,70.309998,0.0,413,58.400002,27.1,8,2023-05-03
2023-05-03 19:32:00,22.039999,71.18,0.0,413,57.5,26.900002,8,2023-05-03
2023-05-03 20:02:00,21.639999,72.879997,0.0,413,57.400002,26.6,8,2023-05-03
2023-05-03 20:32:00,21.169998,72.720001,0.0,413,57.299999,26.300001,8,2023-05-03
2023-05-03 21:02:00,20.759998,73.919998,0.0,413,57.200001,26.1,8,2023-05-03
2023-05-03 21:32:00,20.399998,75.290001,0.0,413,57.100002,25.800001,8,2023-05-03
2023-05-03 22:02:00,20.139999,75.779999,0.0,413,58.0,25.6,8,2023-05-03
2023-05-03 22:32:00,19.909998,76.509995,0.0,413,56.900002,25.300001,8,2023-05-03
2023-05-03 23:02:00,19.739998,77.209999,0.0,413,57.900002,25.1,8,2023-05-03
2023-05-03 23:32:00,19.629999,78.529999,0.0,413,57.799999,24.800001,8,2023-05-03
2023-05-04 00:02:00,19.419998,78.470001,0.0,413,56.600002,24.6,8,2023-05-04
2023-05-04 00:32:00,19.269999,79.150002,0.0,413,57.700001,24.5,8,2023-05-04
2023-05-04 01:02:00,19.039999,79.739998,0.0,413,57.700001,24.300001,8,2023-05-04
2023-05-04 01:32:00,18.889999,81.199997,0.0,413,57.600002,24.0,8,2023-05-04
2023-05-04 02:02:00,18.629999,80.32,0.0,413,56.400002,23.800001,8,2023-05-04
2023-05-04 02:32:00,18.289999,80.220001,0.0,413,57.5,23.6,8,2023-05-04
2023-05-04 03:02:00,18.109999,81.290001,0.0,413,57.5,23.5,8,2023-05-04
2023-05-04 03:32:00,17.959999,81.830002,0.06,413,57.400002,23.300001,8,2023-05-04
2023-05-04 04:02:00,17.949999,82.57,0.27,413,57.400002,23.1,8,2023-05-04
2023-05-04 04:32:00,18.169998,82.68,0.63,413,57.299999,23.0,8,2023-05-04
2023-05-04 05:02:00,18.609999,82.779999,1.23,413,56.0,22.800001,8,2023-05-04
2023-05-04 05:32:00,19.269999,82.049995,1.12,413,57.200001,22.700001,8,2023-05-04
2023-05-04 06:02:00,19.519999,81.68,1.5,413,57.200001,22.6,8,2023-05-04
2023-05-04 06:32:00,19.65,80.290001,0.63,413,55.900002,22.5,8,2023-05-04
2023-05-04 07:02:00,19.379999,80.18,2.11,413,55.799999,22.400002,8,2023-05-04
2023-05-04 07:32:00,19.169998,79.669998,4.59,413,55.799999,22.300001,8,2023-05-04
2023-05-04 08:02:00,19.349998,80.360001,3.95,413,55.799999,22.200001,8,2023-05-04
2023-05-04 08:32:00,20.199999,79.540001,9.21,413,57.0,22.1,8,2023-05-04
2023-05-04 09:02:00,22.469999,71.909996,6.2,413,57.0,22.1,8,2023-05-04
2023-05-04 09:32:00,20.689999,56.879997,5.33,413,57.100002,22.200001,8,2023-05-04
2023-05-04 10:02:00,20.859999,59.52,11.16,413,57.100002,22.200001,8,2023-05-04
2023-05-04 10:32:00,22.73,54.039997,9.44,413,57.100002,22.200001,8,2023-05-04
2023-05-04 11:02:00,23.899998,52.98,8.73,413,57.0,22.300001,8,2023-05-04
2023-05-04 11:32:00,24.849998,51.469997,13.59,413,55.900002,22.400002,8,2023-05-04
2023-05-04 12:02:00,26.789999,42.009998,12.219999,413,55.900002,22.5,8,2023-05-04
2023-05-04 12:32:00,27.289999,37.399998,12.559999,413,56.0,22.700001,8,2023-05-04
2023-05-04 13:02:00,27.229998,39.619999,10.639999,413,56.100002,22.900002,8,2023-05-04
2023-05-04 13:32:00,27.409998,35.119999,10.719999,413,56.100002,23.1,8,2023-05-04
2023-05-04 14:02:00,27.629999,34.75,11.24,413,56.200001,23.300001,8,2023-05-04
2023-05-04 14:32:00,27.649998,29.66,9.03,413,56.299999,23.5,8,2023-05-04
2023-05-04 15:02:00,24.789999,35.899998,2.02,413,56.299999,23.900002,8,2023-05-04
2023-05-04 15:32:00,24.479998,39.879997,0.87,413,56.299999,24.0,8,2023-05-04
2023-05-04 16:02:00,23.679998,46.07,0.62,413,56.299999,24.0,8,2023-05-04
2023-05-04 16:32:00,22.569998,50.75,0.11,413,57.400002,24.0,8,2023-05-04
2023-05-04 17:02:00,21.109999,58.25,0.0,413,56.200001,23.900002,8,2023-05-04
2023-05-04 17:32:00,19.519999,63.43,0.0,413,56.100002,23.800001,8,2023-05-04
2023-05-04 18:02:00,18.65,68.019997,0.0,413,56.100002,23.6,8,2023-05-04
2023-05-04 18:32:00,18.329998,69.549995,0.0,413,56.0,23.5,8,2023-05-04
2023-05-04 19:02:00,17.959999,69.839996,0.0,413,57.100002,23.300001,8,2023-05-04
2023-05-04 19:32:00,17.589998,71.909996,0.0,413,57.100002,23.1,8,2023-05-04
2023-05-04 20:02:00,17.219999,71.309998,0.0,413,57.0,23.0,8,2023-05-04
2023-05-04 20:32:00,16.679998,72.939995,0.0,413,57.0,22.800001,8,2023-05-04
2023-05-04 21:02:00,16.279999,73.330002,0.0,413,55.600002,22.6,8,2023-05-04
2023-05-04 21:32:00,16.199999,74.360001,0.0,413,56.799999,22.400002,8,2023-05-04
2023-05-04 22:02:00,16.279999,75.229996,0.0,413,56.799999,22.200001,8,2023-05-04
2023-05-04 22:32:00,16.329998,73.619995,0.0,413,55.400002,22.0,8,2023-05-04
2023-05-04 23:02:00,16.259998,74.419998,0.0,413,56.600002,21.900002,8,2023-05-04
2023-05-04 23:32:00,16.199999,74.099998,0.0,413,55.299999,21.700001,8,2023-05-04
2023-05-05 00:02:00,16.089998,72.619995,0.0,413,55.200001,21.6,8,2023-05-05
2023-05-05 00:32:00,15.989999,72.32,0.0,413,56.5,21.400002,8,2023-05-05
2023-05-05 01:02:00,15.919999,73.389999,0.0,413,55.100002,21.300001,8,2023-05-05
2023-05-05 01:32:00,15.779999,73.119995,0.0,413,55.100002,21.1,8,2023-05-05
2023-05-05 02:02:00,15.679998,74.019997,0.0,413,55.0,21.0,8,2023-05-05
2023-05-05 02:32:00,15.559999,74.479996,0.07,413,56.400002,20.900002,8,2023-05-05
2023-05-05 03:02:00,15.469998,75.540001,0.19,413,56.299999,20.800001,8,2023-05-05
2023-05-05 03:32:00,15.559999,75.900002,0.67,413,56.299999,20.6,8,2023-05-05
2023-05-05 04:02:00,16.029999,75.639999,1.52,413,54.799999,20.5,8,2023-05-05
2023-05-05 04:32:00,17.019999,74.019997,3.03,413,56.299999,20.5,8,2023-05-05
2023-05-05 05:02:00,19.309999,72.309998,13.44,413,54.799999,20.300001,8,2023-05-05
2023-05-05 05:32:00,20.379999,35.23,11.17,413,56.299999,20.300001,8,2023-05-05
2023-05-05 06:02:00,20.939999,32.139999,12.48,413,54.900002,20.400002,8,2023-05-05
2023-05-05 06:32:00,21.079998,34.509998,21.32,413,55.0,20.5,8,2023-05-05
2023-05-05 07:02:00,21.149998,30.039999,15.4,413,55.0,20.800001,8,2023-05-05
2023-05-05 07:32:00,22.129999,27.34,32.0,413,55.200001,21.1,8,2023-05-05
2023-05-05 08:02:00,23.729998,26.139999,23.379999,413,55.299999,21.400002,8,2023-05-05
2023-05-05 08:32:00,26.309999,22.039999,30.809999,413,55.700001,22.5,8,2023-05-05
2023-05-05 09:02:00,27.189999,21.83,35.969997,413,56.0,23.1,8,2023-05-05
2023-05-05 09:32:00,27.749998,19.17,34.200001,413,56.200001,23.800001,8,2023-05-05
2023-05-05 10:02:00,28.359999,18.67,35.84,413,57.200001,24.6,8,2023-05-05
2023-05-05 10:32:00,26.349998,20.85,24.389999,413,56.600002,25.200001,8,2023-05-05
2023-05-05 11:02:00,27.279999,19.26,21.709999,413,56.600002,25.700001,8,2023-05-05
2023-05-05 11:32:00,27.159998,18.609999,13.19,413,56.600002,26.1,8,2023-05-05
2023-05-05 12:02:00,26.249998,22.48,11.96,413,56.700001,26.300001,8,2023-05-05
2023-05-05 12:32:00,26.209999,19.289999,9.33,413,56.600002,26.5,8,2023-05-05
2023-05-05 13:02:00,26.339998,20.73,14.889999,413,56.600002,26.5,8,2023-05-05
2023-05-05 13:32:00,25.539999,20.26,8.57,413,56.600002,26.5,8,2023-05-05
2023-05-05 14:02:00,23.959999,21.25,6.08,413,56.600002,26.5,8,2023-05-05
2023-05-05 14:32:00,23.009998,21.129999,5.01,413,56.5,26.5,8,2023-05-05
2023-05-05 15:02:00,24.179998,25.039999,2.42,413,56.400002,26.5,8,2023-05-05
2023-05-05 15:32:00,24.279999,32.209999,1.26,413,56.400002,26.300001,8,2023-05-05
2023-05-05 16:02:00,22.589998,39.25,0.27,413,56.299999,26.200001,8,2023-05-05
2023-05-05 16:32:00,20.829998,45.689999,0.0,413,57.200001,26.0,8,2023-05-05
2023-05-05 17:02:00,19.389999,51.18,0.0,413,57.100002,25.800001,8,2023-05-05
2023-05-05 17:32:00,18.449999,54.619999,0.0,413,56.0,25.6,8,2023-05-05
2023-05-05 18:02:00,17.659998,58.489998,0.0,413,57.0,25.300001,8,2023-05-05
2023-05-05 18:32:00,16.949999,61.25,0.0,413,55.799999,25.0,8,2023-05-05
2023-05-05 19:02:00,16.329998,63.09,0.0,413,55.700001,24.800001,8,2023-05-05
2023-05-05 19:32:00,15.799998,65.57,0.0,413,55.5,24.5,8,2023-05-05
2023-05-05 20:02:00,15.299999,67.519997,0.0,413,55.5,24.200001,8,2023-05-05
2023-05-05 20:32:00,15.019999,67.489998,0.0,413,55.400002,23.900002,8,2023-05-05
2023-05-05 21:02:00,14.719998,68.729996,0.0,413,55.200001,23.6,8,2023-05-05
2023-05-05 21:32:00,14.469998,69.659996,0.0,413,55.200001,23.300001,8,2023-05-05
2023-05-05 22:02:00,14.239999,69.739998,0.0,413,55.0,23.1,8,2023-05-05
2023-05-05 22:32:00,13.999999,70.849998,0.0,413,55.0,22.800001,8,2023-05-05
2023-05-05 23:02:00,13.729999,72.360001,0.0,413,54.799999,22.6,8,2023-05-05
2023-05-05 23:32:00,13.439999,73.619995,0.0,413,54.799999,22.300001,8,2023-05-05
2023-05-06 00:02:00,13.079999,75.07,0.0,413,54.700001,22.1,8,2023-05-06
2023-05-06 00:32:00,12.709999,75.979996,0.0,413,54.600002,21.900002,8,2023-05-06
2023-05-06 01:02:00,12.289999,76.729996,0.0,413,54.5,21.6,8,2023-05-06
2023-05-06 01:32:00,11.839999,77.229996,0.02,413,54.5,21.400002,8,2023-05-06
2023-05-06 02:02:00,11.589999,78.409996,0.49,413,54.299999,21.200001,8,2023-05-06
2023-05-06 02:32:00,11.839999,78.900002,1.69,413,54.299999,21.0,8,2023-05-06
2023-05-06 03:02:00,12.949999,78.369995,4.44,413,54.200001,20.800001,8,2023-05-06
2023-05-06 03:32:00,15.839999,74.809998,6.82,413,55.700001,20.6,8,2023-05-06
2023-05-06 04:02:00,19.129999,69.549995,10.46,413,55.600002,20.5,8,2023-05-06
2023-05-06 04:32:00,24.839998,54.369999,20.85,413,55.600002,20.5,8,2023-05-06
2023-05-06 05:02:00,30.379999,33.139999,18.279999,413,54.299999,20.6,8,2023-05-06
2023-05-06 05:32:00,29.129999,22.199999,23.789999,413,54.5,20.900002,8,2023-05-06
2023-05-06 06:02:00,30.709999,17.57,16.559999,413,54.700001,21.400002,8,2023-05-06
2023-05-06 06:32:00,32.59,18.879999,38.57,413,55.0,22.1,8,2023-05-06
2023-05-06 07:02:00,33.34,19.699999,32.09,413,55.200001,22.800001,8,2023-05-06
2023-05-06 07:32:00,34.279999,13.45,40.27,413,55.5,23.6,8,2023-05-06
2023-05-06 08:02:00,35.279999,15.929999,39.0,413,55.799999,24.5,8,2023-05-06
2023-05-06 08:32:00,35.849998,15.45,35.84,417,56.100002,25.300001,8,2023-05-06
2023-05-06 09:02:00,36.789997,14.7,40.919998,440,56.400002,26.300001,8,2023-05-06
2023-05-06 09:32:00,36.879997,13.4,52.41,417,56.600002,27.200001,8,2023-05-06
2023-05-06 10:02:00,37.179996,13.37,50.969997,424,56.900002,28.200001,8,2023-05-06
2023-05-06 10:32:00,38.779999,14.52,46.399998,415,57.100002,29.1,8,2023-05-06
2023-05-06 11:02:00,39.959999,13.92,22.639999,427,57.200001,29.800001,8,2023-05-06
2023-05-06 11:32:00,40.32,11.7,2.9,434,57.200001,30.1,8,2023-05-06
2023-05-06 12:02:00,40.099998,12.4,2.57,441,57.200001,30.5,8,2023-05-06
2023-05-06 12:32:00,33.66,11.849999,9.59,413,57.200001,30.6,8,2023-05-06
2023-05-06 13:02:00,33.189999,12.13,14.19,413,57.200001,30.6,8,2023-05-06
2023-05-06 13:32:00,32.16,14.38,9.599999,413,57.100002,30.700001,8,2023-05-06
2023-05-06 14:02:00,30.179998,17.209999,6.14,413,57.100002,30.700001,8,2023-05-06
2023-05-06 14:32:00,29.939999,17.67,5.29,413,57.0,30.6,8,2023-05-06
2023-05-06 15:02:00,29.739998,24.18,2.46,413,56.900002,30.5,8,2023-05-06
2023-05-06 15:32:00,28.699999,31.559999,1.31,413,56.799999,30.300001,8,2023-05-06
2023-05-06 16:02:00,26.399998,38.34,0.35,413,56.700001,30.1,8,2023-05-06
2023-05-06 16:32:00,23.799999,45.439999,0.0,413,56.600002,29.800001,8,2023-05-06
2023-05-06 17:02:00,21.669998,50.799999,0.0,413,57.200001,29.5,8,2023-05-06
2023-05-06 17:32:00,20.239998,54.34,0.0,413,56.299999,29.1,8,2023-05-06
2023-05-06 18:02:00,18.949999,59.43,0.0,413,56.200001,28.800001,8,2023-05-06
2023-05-06 18:32:00,17.919998,61.549999,0.0,413,56.0,28.300001,8,2023-05-06
2023-05-06 19:02:00,17.009998,64.119995,0.0,413,55.900002,28.0,8,2023-05-06
2023-05-06 19:32:00,16.349998,65.150002,0.0,413,56.600002,27.5,8,2023-05-06
2023-05-06 20:02:00,15.649999,67.040001,0.0,413,55.600002,27.1,8,2023-05-06
2023-05-06 20:32:00,15.089999,68.339996,0.0,413,56.5,26.700001,8,2023-05-06
2023-05-06 21:02:00,14.609999,69.449997,0.0,413,55.299999,26.300001,8,2023-05-06
2023-05-06 21:32:00,14.299999,72.0,0.0,413,56.400002,26.0,8,2023-05-06
2023-05-06 22:02:00,14.039999,72.659996,0.0,413,56.200001,25.6,8,2023-05-06
2023-05-06 22:32:00,13.659999,73.449997,0.0,413,54.900002,25.200001,8,2023-05-06
2023-05-06 23:02:00,13.319999,74.599998,0.0,413,54.799999,24.900002,8,2023-05-06
2023-05-06 23:32:00,13.019999,75.029999,0.0,413,54.700001,24.5,8,2023-05-06
2023-05-07 00:02:00,12.669999,75.900002,0.0,413,54.600002,24.200001,8,2023-05-07
2023-05-07 00:32:00,12.339999,75.540001,0.0,413,54.5,23.900002,8,2023-05-07
2023-05-07 01:02:00,11.929998,76.290001,0.0,413,54.400002,23.6,8,2023-05-07
2023-05-07 01:32:00,11.599998,76.189995,0.02,413,54.299999,23.300001,8,2023-05-07
2023-05-07 02:02:00,11.309999,76.639999,0.49,413,54.100002,23.0,8,2023-05-07
2023-05-07 02:32:00,11.519999,77.269997,1.58,413,54.100002,22.700001,8,2023-05-07
2023-05-07 03:02:00,12.889998,77.369995,4.7,413,54.0,22.5,8,2023-05-07
2023-05-07 03:32:00,16.369999,73.220001,6.22,413,55.299999,22.200001,8,2023-05-07
2023-05-07 04:02:00,19.599998,65.159996,10.719999,413,55.200001,22.1,8,2023-05-07
2023-05-07 04:32:00,25.399998,52.279999,21.23,413,55.200001,22.0,8,2023-05-07
2023-05-07 05:02:00,31.399998,40.59,19.9,413,54.0,22.200001,8,2023-05-07
2023-05-07 05:32:00,30.789999,20.379999,25.35,413,55.400002,22.5,8,2023-05-07
2023-05-07 06:02:00,31.219999,15.52,27.539999,413,54.5,23.0,8,2023-05-07
2023-05-07 06:32:00,31.569998,14.95,41.700001,413,54.700001,23.700001,8,2023-05-07
2023-05-07 07:02:00,32.379997,13.09,32.41,413,55.900002,24.5,8,2023-05-07
2023-05-07 07:32:00,33.899998,14.62,40.52,413,55.299999,25.200001,8,2023-05-07
2023-05-07 08:02:00,33.869999,12.88,40.299999,413,55.5,26.0,8,2023-05-07
2023-05-07 08:32:00,36.239998,14.02,35.09,428,55.799999,26.900002,8,2023-05-07
2023-05-07 09:02:00,35.929996,11.59,49.799999,429,56.100002,27.800001,8,2023-05-07
2023-05-07 09:32:00,36.789997,10.889999,56.709999,415,56.299999,28.6,8,2023-05-07
2023-05-07 10:02:00,37.73,9.719999,53.779999,413,56.600002,29.5,8,2023-05-07
2023-05-07 10:32:00,37.32,11.12,46.700001,415,56.799999,30.400002,8,2023-05-07
2023-05-07 11:02:00,38.009998,10.88,25.709999,417,56.900002,31.0,8,2023-05-07
2023-05-07 11:32:00,34.91,12.55,12.889999,413,56.900002,31.400002,8,2023-05-07
2023-05-07 12:02:00,35.34,11.32,13.75,413,56.799999,31.6,8,2023-05-07
2023-05-07 12:32:00,34.84,11.179999,9.51,417,56.799999,31.700001,8,2023-05-07
2023-05-07 13:02:00,35.309998,13.29,13.299999,413,57.400002,31.800001,8,2023-05-07
2023-05-07 13:32:00,33.48,13.95,9.44,413,57.400002,32.0,8,2023-05-07
2023-05-07 14:02:00,32.219997,14.7,6.64,413,56.799999,32.0,8,2023-05-07
2023-05-07 14:32:00,34.329998,18.529999,5.98,413,57.299999,32.0,8,2023-05-07
2023-05-07 15:02:00,34.169998,22.48,2.33,413,56.600002,31.900002,8,2023-05-07
2023-05-07 15:32:00,31.499998,24.73,1.15,413,56.5,31.800001,8,2023-05-07
2023-05-07 16:02:00,28.079998,28.539999,0.36,413,56.400002,31.5,8,2023-05-07
2023-05-07 16:32:00,24.539999,35.079998,0.01,413,56.299999,31.200001,8,2023-05-07
2023-05-07 17:02:00,21.959999,41.099998,0.0,413,56.799999,30.800001,8,2023-05-07
2023-05-07 17:32:00,20.119999,44.91,0.0,413,56.600002,30.5,8,2023-05-07
2023-05-07 18:02:00,18.839998,48.57,0.0,413,56.400002,30.0,8,2023-05-07
2023-05-07 18:32:00,17.969999,50.789997,0.0,413,56.299999,29.6,8,2023-05-07
2023-05-07 19:02:00,17.439999,52.209999,0.0,413,56.200001,29.1,8,2023-05-07
2023-05-07 19:32:00,16.769999,54.529999,0.0,413,55.299999,28.6,8,2023-05-07
2023-05-07 20:02:00,16.029999,55.610001,0.0,413,55.200001,28.200001,8,2023-05-07
2023-05-07 20:32:00,15.329999,58.57,0.0,413,55.0,27.800001,8,2023-05-07
2023-05-07 21:02:00,14.839999,59.709999,0.0,413,55.900002,27.400002,8,2023-05-07
2023-05-07 21:32:00,14.489999,60.43,0.0,413,54.700001,27.0,8,2023-05-07
2023-05-07 22:02:00,14.129999,61.52,0.0,413,54.5,26.6,8,2023-05-07
2023-05-07 22:32:00,13.809999,63.57,0.0,413,54.400002,26.200001,8,2023-05-07
2023-05-07 23:02:00,13.649999,63.419998,0.0,413,55.600002,25.800001,8,2023-05-07
2023-05-07 23:32:00,13.539999,65.68,0.0,413,54.200001,25.5,8,2023-05-07
2023-05-08 00:02:00,13.479999,66.529999,0.0,413,54.100002,25.1,8,2023-05-08
2023-05-08 00:32:00,13.609999,66.209999,0.0,413,54.0,24.800001,8,2023-05-08
2023-05-08 01:02:00,13.589999,65.68,0.0,413,53.799999,24.5,8,2023-05-08
2023-05-08 01:32:00,13.419999,65.279999,0.03,413,53.799999,24.200001,8,2023-05-08
2023-05-08 02:02:00,13.159999,64.059998,0.53,413,53.600002,24.0,8,2023-05-08
2023-05-08 02:32:00,13.389998,62.18,1.56,413,53.600002,23.700001,8,2023-05-08
2023-05-08 03:02:00,14.919999,60.649998,4.82,413,53.5,23.5,8,2023-05-08
2023-05-08 03:32:00,18.619999,46.709999,5.67,413,54.700001,23.300001,8,2023-05-08
2023-05-08 04:02:00,20.949999,41.169998,14.67,413,53.400002,23.1,8,2023-05-08
2023-05-08 04:32:00,22.099998,37.700001,4.5,413,54.700001,23.0,8,2023-05-08
2023-05-08 05:02:00,24.479998,35.349998,8.58,413,53.5,23.1,8,2023-05-08
2023-05-08 05:32:00,26.379999,31.16,6.82,413,53.5,23.1,8,2023-05-08
2023-05-08 06:02:00,29.009998,19.279999,11.57,413,53.600002,23.300001,8,2023-05-08
2023-05-08 06:32:00,29.739998,21.219999,39.959999,413,54.799999,23.700001,8,2023-05-08
2023-05-08 07:02:00,29.349998,19.029999,13.7,413,54.100002,24.300001,8,2023-05-08
2023-05-08 07:32:00,30.079998,19.879999,34.369999,413,54.200001,24.800001,8,2023-05-08
2023-05-08 08:02:00,31.449999,18.789999,36.82,413,55.200001,25.300001,8,2023-05-08
2023-05-08 08:32:00,33.429996,17.539999,31.91,413,54.700001,25.900002,8,2023-05-08
2023-05-08 09:02:00,34.259998,13.639999,48.59,413,55.0,26.700001,8,2023-05-08
2023-05-08 09:32:00,35.119999,12.21,54.360001,413,55.200001,27.5,8,2023-05-08
2023-05-08 10:02:00,35.099998,15.02,53.75,413,55.5,28.300001,8,2023-05-08
2023-05-08 10:32:00,35.459999,13.65,5.21,413,55.700001,29.1,8,2023-05-08
2023-05-08 11:02:00,36.039997,14.13,26.549999,413,55.700001,29.700001,8,2023-05-08
2023-05-08 11:32:00,33.289997,14.7,14.309999,413,55.799999,30.0,8,2023-05-08
2023-05-08 12:02:00,33.079998,14.88,13.52,413,55.700001,30.1,8,2023-05-08
2023-05-08 12:32:00,31.089998,14.139999,8.679999,413,55.700001,30.300001,8,2023-05-08
2023-05-08 13:02:00,31.109999,13.98,14.16,413,55.700001,30.400002,8,2023-05-08
2023-05-08 13:32:00,30.149998,16.01,9.65,413,55.700001,30.5,8,2023-05-08
2023-05-08 14:02:00,28.959999,15.23,6.08,413,55.700001,30.6,8,2023-05-08
2023-05-08 14:32:00,29.939999,16.82,5.92,413,55.700001,30.6,8,2023-05-08
2023-05-08 15:02:00,29.189999,18.289999,1.53,413,55.600002,30.5,8,2023-05-08
2023-05-08 15:32:00,27.159998,23.48,1.12,413,55.5,30.300001,8,2023-05-08
2023-05-08 16:02:00,24.709999,27.699999,0.38,413,55.400002,30.0,8,2023-05-08
2023-05-08 16:32:00,22.419998,33.079998,0.01,413,55.200001,29.700001,8,2023-05-08
2023-05-08 17:02:00,20.439999,38.669998,0.0,413,55.100002,29.300001,8,2023-05-08
2023-05-08 17:32:00,19.009998,42.329998,0.0,413,55.700001,29.0,8,2023-05-08
2023-05-08 18:02:00,17.73,45.169998,0.0,413,55.5,28.6,8,2023-05-08
2023-05-08 18:32:00,16.419998,49.25,0.0,413,55.400002,28.200001,8,2023-05-08
2023-05-08 19:02:00,15.389998,51.379997,0.0,413,55.400002,27.800001,8,2023-05-08
2023-05-08 19:32:00,14.539999,54.34,0.0,413,55.400002,27.400002,8,2023-05-08
2023-05-08 20:02:00,13.879999,55.110001,0.0,413,54.100002,27.0,8,2023-05-08
2023-05-08 20:32:00,13.779999,57.549999,0.0,413,55.299999,26.6,8,2023-05-08
2023-05-08 21:02:00,13.809999,56.469997,0.0,413,53.900002,26.200001,8,2023-05-08
2023-05-08 21:32:00,13.299999,53.049999,0.0,413,53.799999,25.800001,8,2023-05-08
2023-05-08 22:02:00,12.549999,57.489998,0.0,413,53.600002,25.5,8,2023-05-08
2023-05-08 22:32:00,11.959999,60.459999,0.0,413,53.5,25.1,8,2023-05-08
2023-05-08 23:02:00,11.409999,61.91,0.0,413,53.400002,24.800001,8,2023-05-08
2023-05-08 23:32:00,11.059999,63.719997,0.0,413,53.299999,24.400002,8,2023-05-08
2023-05-09 00:02:00,10.969999,64.619995,0.0,413,53.100002,24.1,8,2023-05-09
2023-05-09 00:32:00,11.329999,63.039997,0.0,413,53.100002,23.800001,8,2023-05-09
2023-05-09 01:02:00,11.329999,61.399998,0.0,413,52.900002,23.5,8,2023-05-09
2023-05-09 01:32:00,11.409999,59.039997,0.03,413,52.900002,23.1,8,2023-05-09
2023-05-09 02:02:00,11.399999,58.0,0.6,413,52.799999,22.900002,8,2023-05-09
2023-05-09 02:32:00,11.879999,57.219997,1.49,413,52.600002,22.6,8,2023-05-09
2023-05-09 03:02:00,13.329999,54.98,5.18,413,52.600002,22.400002,8,2023-05-09
2023-05-09 03:32:00,17.65,46.419998,5.32,413,54.0,22.200001,8,2023-05-09
2023-05-09 04:02:00,20.609999,41.549999,12.469999,413,53.799999,22.1,8,2023-05-09
2023-05-09 04:32:00,26.299999,32.739998,21.77,413,52.600002,22.1,8,2023-05-09
2023-05-09 05:02:00,31.789999,26.449999,22.299999,413,52.700001,22.300001,8,2023-05-09
2023-05-09 05:32:00,33.84,18.57,26.849998,413,52.900002,22.6,8,2023-05-09
2023-05-09 06:02:00,29.099998,13.639999,24.9,413,53.200001,23.1,8,2023-05-09
2023-05-09 06:32:00,27.589998,14.009999,17.76,413,53.5,23.900002,8,2023-05-09
2023-05-09 07:02:00,26.299999,24.51,15.219999,413,53.799999,24.6,8,2023-05-09
2023-05-09 07:32:00,26.529999,21.539999,7.67,413,54.0,25.300001,8,2023-05-09
2023-05-09 08:02:00,25.709999,21.83,10.59,413,54.900002,25.900002,8,2023-05-09
2023-05-09 08:32:00,27.769999,17.190001,9.99,413,55.100002,26.400002,8,2023-05-09
2023-05-09 09:02:00,28.419998,14.549999,13.759999,413,54.5,27.0,8,2023-05-09
2023-05-09 09:32:00,29.419998,13.09,15.78,413,54.600002,27.400002,8,2023-05-09
2023-05-09 10:02:00,30.699999,12.28,55.809998,413,55.400002,27.800001,8,2023-05-09
2023-05-09 10:32:00,28.759998,13.62,45.25,413,54.799999,28.200001,8,2023-05-09
2023-05-09 11:02:00,25.009998,14.28,22.969999,413,55.5,28.5,8,2023-05-09
2023-05-09 11:32:00,25.009998,15.91,16.48,413,54.799999,28.6,8,2023-05-09
2023-05-09 12:02:00,27.959999,13.57,16.27,413,55.5,28.6,8,2023-05-09
2023-05-09 12:32:00,27.639999,13.429999,8.52,413,54.700001,28.700001,8,2023-05-09
2023-05-09 13:02:00,23.899998,14.79,7.28,413,54.700001,28.800001,8,2023-05-09
2023-05-09 13:32:00,24.059999,16.459999,6.8,413,54.700001,28.700001,8,2023-05-09
2023-05-09 14:02:00,23.099998,16.779999,6.47,413,54.600002,28.6,8,2023-05-09
2023-05-09 14:32:00,24.699999,18.219999,2.29,413,54.5,28.5,8,2023-05-09
2023-05-09 15:02:00,23.929998,23.059999,1.62,413,54.5,28.300001,8,2023-05-09
2023-05-09 15:32:00,22.059999,30.24,0.92,413,55.100002,28.1,8,2023-05-09
2023-05-09 16:02:00,20.159998,36.029999,0.3,413,55.0,27.900002,8,2023-05-09
2023-05-09 16:32:00,18.299999,39.829998,0.01,413,54.100002,27.6,8,2023-05-09
2023-05-09 17:02:00,16.559999,47.029999,0.0,413,54.900002,27.300001,8,2023-05-09
2023-05-09 17:32:00,15.249999,51.73,0.0,413,54.900002,26.900002,8,2023-05-09
2023-05-09 18:02:00,14.289999,54.07,0.0,413,53.600002,26.5,8,2023-05-09
2023-05-09 18:32:00,13.389998,57.559998,0.0,413,54.799999,26.1,8,2023-05-09
2023-05-09 19:02:00,12.659999,60.77,0.0,413,53.400002,25.800001,8,2023-05-09
2023-05-09 19:32:00,12.289999,62.639999,0.0,413,53.299999,25.400002,8,2023-05-09
2023-05-09 20:02:00,11.729999,64.360001,0.0,413,53.100002,25.0,8,2023-05-09
2023-05-09 20:32:00,11.409999,66.389999,0.0,413,52.900002,24.700001,8,2023-05-09
2023-05-09 21:02:00,11.149999,67.889999,0.0,413,52.799999,24.300001,8,2023-05-09
2023-05-09 21:32:00,11.269999,67.229996,0.0,413,52.700001,24.0,8,2023-05-09
2023-05-09 22:02:00,11.379999,65.089996,0.0,413,52.600002,23.6,8,2023-05-09
2023-05-09 22:32:00,11.369999,63.699997,0.0,413,52.400002,23.400002,8,2023-05-09
2023-05-09 23:02:00,11.199999,65.309998,0.0,413,52.400002,23.1,8,2023-05-09
2023-05-09 23:32:00,10.879999,66.57,0.0,413,52.299999,22.800001,8,2023-05-09
2023-05-10 00:02:00,10.369999,68.5,0.0,413,52.200001,22.5,8,2023-05-10
2023-05-10 00:32:00,9.919999,68.409996,0.0,413,52.100002,22.300001,8,2023-05-10
2023-05-10 01:02:00,9.669999,70.849998,0.0,413,52.0,22.0,8,2023-05-10
2023-05-10 01:32:00,9.569999,71.580002,0.04,413,51.900002,21.800001,8,2023-05-10
2023-05-10 02:02:00,9.579999,70.949997,0.52,413,51.799999,21.5,8,2023-05-10
2023-05-10 02:32:00,9.949999,69.119995,1.47,413,51.799999,21.300001,8,2023-05-10
2023-05-10 03:02:00,11.529999,65.540001,4.13,413,51.700001,21.1,8,2023-05-10
2023-05-10 03:32:00,14.939999,56.869999,4.91,413,51.600002,20.900002,8,2023-05-10
2023-05-10 04:02:00,17.909998,49.739998,10.92,413,53.100002,20.800001,8,2023-05-10
2023-05-10 04:32:00,23.099998,36.959999,18.879999,413,53.100002,20.800001,8,2023-05-10
2023-05-10 05:02:00,27.959999,30.26,20.949999,413,51.799999,20.900002,8,2023-05-10
2023-05-10 05:32:00,31.739998,25.369999,24.779999,413,51.900002,21.1,8,2023-05-10
2023-05-10 06:02:00,24.689999,21.639999,22.639999,413,52.100002,21.6,8,2023-05-10
2023-05-10 06:32:00,24.569998,22.93,40.009998,413,52.5,22.300001,8,2023-05-10
2023-05-10 07:02:00,26.369999,22.359999,30.83,413,68.599998,23.5,8,2023-05-10
2023-05-10 07:32:00,26.799999,21.33,38.279999,413,69.599998,25.0,8,2023-05-10
2023-05-10 08:02:00,30.189999,19.379999,35.040001,413,66.200005,25.0,8,2023-05-10
2023-05-10 08:32:00,32.66,19.0,30.199999,413,68.400002,25.1,8,2023-05-10
2023-05-10 09:02:00,33.869999,16.190001,46.369999,413,67.300003,26.0,8,2023-05-10
2023-05-10 09:32:00,35.48,16.67,48.669998,413,65.300003,26.0,8,2023-05-10
2023-05-10 10:02:00,36.329998,15.11,46.27,413,65.200005,26.300001,8,2023-05-10
2023-05-10 10:32:00,37.699997,12.53,40.579998,413,63.700001,26.800001,8,2023-05-10
2023-05-10 11:02:00,36.579998,17.039999,27.49,413,63.200001,27.200001,8,2023-05-10
2023-05-10 11:32:00,34.829998,17.92,11.8,413,62.700001,27.5,8,2023-05-10
2023-05-10 12:02:00,34.16,15.82,12.74,413,62.299999,27.700001,8,2023-05-10
2023-05-10 12:32:00,33.109997,16.379999,8.5,413,62.0,27.800001,8,2023-05-10
2023-05-10 13:02:00,33.049999,17.049999,12.79,413,61.700001,28.0,8,2023-05-10
2023-05-10 13:32:00,32.269997,16.719999,7.65,413,61.5,28.0,8,2023-05-10
2023-05-10 14:02:00,30.069998,17.48,4.39,413,62.299999,28.1,8,2023-05-10
2023-05-10 14:32:00,29.369999,20.43,4.31,413,61.0,28.1,8,2023-05-10
2023-05-10 15:02:00,29.829998,21.869999,2.02,413,60.799999,28.1,8,2023-05-10
2023-05-10 15:32:00,27.909998,28.32,1.12,413,60.600002,28.1,8,2023-05-10
2023-05-10 16:02:00,25.539999,34.209999,0.36,413,61.5,28.0,8,2023-05-10
2023-05-10 16:32:00,22.049999,43.049999,0.01,413,61.200001,27.800001,8,2023-05-10
2023-05-10 17:02:00,19.509998,51.32,0.0,413,61.100002,27.6,8,2023-05-10
2023-05-10 17:32:00,17.849998,55.889999,0.0,413,59.700001,27.300001,8,2023-05-10
2023-05-10 18:02:00,16.73,60.369999,0.0,413,60.799999,27.0,8,2023-05-10
2023-05-10 18:32:00,16.129999,63.579998,0.0,413,59.299999,26.800001,8,2023-05-10
2023-05-10 19:02:00,15.339999,64.57,0.0,413,60.5,26.5,8,2023-05-10
2023-05-10 19:32:00,14.619999,67.5,0.0,413,60.400002,26.1,8,2023-05-10
2023-05-10 20:02:00,13.969998,69.139999,0.0,413,58.700001,25.800001,8,2023-05-10
2023-05-10 20:32:00,13.429998,70.029999,0.0,413,58.600002,25.5,8,2023-05-10
2023-05-10 21:02:00,12.919999,70.629997,0.0,413,58.5,25.1,8,2023-05-10
2023-05-10 21:32:00,12.439999,72.099998,0.0,413,58.299999,24.800001,8,2023-05-10
2023-05-10 22:02:00,11.979999,72.080002,0.0,413,58.100002,24.5,8,2023-05-10
2023-05-10 22:32:00,11.669999,73.919998,0.0,413,58.0,24.1,8,2023-05-10
2023-05-10 23:02:00,11.449999,75.339996,0.0,413,57.799999,23.900002,8,2023-05-10
2023-05-10 23:32:00,11.139998,75.189995,0.0,413,57.700001,23.6,8,2023-05-10
2023-05-11 00:02:00,10.769999,76.229996,0.0,413,57.600002,23.300001,8,2023-05-11
2023-05-11 00:32:00,10.499999,76.839996,0.0,413,57.400002,23.0,8,2023-05-11
2023-05-11 01:02:00,10.319999,77.799995,0.0,413,57.299999,22.800001,8,2023-05-11
2023-05-11 01:32:00,10.069999,78.269997,0.04,413,57.200001,22.5,8,2023-05-11
2023-05-11 02:02:00,9.909999,78.049995,0.52,413,57.100002,22.200001,8,2023-05-11
2023-05-11 02:32:00,10.509999,79.659996,1.59,413,57.0,22.0,8,2023-05-11
2023-05-11 03:02:00,12.539999,77.189995,3.54,413,56.900002,21.700001,8,2023-05-11
2023-05-11 03:32:00,16.079998,69.650002,4.35,413,56.799999,21.5,8,2023-05-11
2023-05-11 04:02:00,19.279999,45.079998,10.33,413,56.700001,21.400002,8,2023-05-11
2023-05-11 04:32:00,22.549999,31.08,16.67,413,58.5,21.400002,8,2023-05-11
2023-05-11 05:02:00,26.059999,25.289999,20.369999,413,58.5,21.5,8,2023-05-11
2023-05-11 05:32:00,28.489998,18.52,23.91,413,56.799999,21.700001,8,2023-05-11
2023-05-11 06:02:00,31.549999,18.59,19.719999,413,57.0,22.1,8,2023-05-11
2023-05-11 06:32:00,32.529999,19.59,38.299999,413,57.100002,22.700001,8,2023-05-11
2023-05-11 07:02:00,33.09,17.699999,11.46,413,57.299999,23.5,8,2023-05-11
2023-05-11 07:32:00,33.09,20.24,12.37,413,58.700001,24.1,8,2023-05-11
2023-05-11 08:02:00,34.73,17.619999,12.28,413,57.600002,24.900002,8,2023-05-11
2023-05-11 08:32:00,35.939999,15.009999,12.309999,413,57.700001,25.6,8,2023-05-11
2023-05-11 09:02:00,36.989998,16.49,15.33,413,59.900002,26.300001,8,2023-05-11
2023-05-11 09:32:00,37.259998,13.5,11.41,413,60.100002,26.6,8,2023-05-11
2023-05-11 10:02:00,38.299999,13.719999,11.12,413,60.299999,27.300001,8,2023-05-11
2023-05-11 10:32:00,38.469997,13.219999,10.32,413,60.600002,28.1,8,2023-05-11
2023-05-11 11:02:00,37.449997,11.759999,9.9,413,60.700001,28.800001,8,2023-05-11
2023-05-11 11:32:00,37.109997,11.86,8.27,413,60.900002,29.300001,8,2023-05-11
2023-05-11 12:02:00,36.73,12.28,7.73,413,60.900002,29.5,8,2023-05-11
2023-05-11 12:32:00,35.559998,12.99,6.86,413,62.5,29.800001,8,2023-05-11
2023-05-11 13:02:00,33.889999,13.5,5.76,413,64.700005,30.200001,8,2023-05-11
2023-05-11 13:32:00,32.709999,13.66,3.82,413,63.900002,30.1,8,2023-05-11
2023-05-11 14:02:00,31.069998,16.190001,3.73,413,63.5,29.800001,8,2023-05-11
2023-05-11 14:32:00,31.519999,19.309999,4.02,413,63.200001,29.6,8,2023-05-11
2023-05-11 15:02:00,31.009998,24.119999,2.93,413,62.799999,29.300001,8,2023-05-11
2023-05-11 15:32:00,29.419998,29.23,1.42,413,62.600002,29.1,8,2023-05-11
2023-05-11 16:02:00,27.279999,34.779999,0.33,413,62.299999,29.0,8,2023-05-11
2023-05-11 16:32:00,24.799999,41.48,0.01,413,62.100002,28.700001,8,2023-05-11
2023-05-11 17:02:00,22.799999,46.899998,0.0,413,61.900002,28.5,8,2023-05-11
2023-05-11 17:32:00,21.359999,50.860001,0.0,413,62.799999,28.200001,8,2023-05-11
2023-05-11 18:02:00,20.379999,53.759998,0.0,413,62.700001,28.0,8,2023-05-11
2023-05-11 18:32:00,19.639999,55.610001,0.0,413,62.5,27.700001,8,2023-05-11
2023-05-11 19:02:00,18.98,55.549999,0.0,413,62.400002,27.400002,8,2023-05-11
2023-05-11 19:32:00,18.449999,55.939999,0.0,413,61.100002,27.1,8,2023-05-11
2023-05-11 20:02:00,18.009998,58.189999,0.0,413,60.900002,26.800001,8,2023-05-11
2023-05-11 20:32:00,17.589998,61.16,0.0,413,60.799999,26.6,8,2023-05-11
2023-05-11 21:02:00,17.329998,64.169998,0.0,413,62.0,26.300001,8,2023-05-11
2023-05-11 21:32:00,17.049999,63.68,0.0,413,61.900002,26.0,8,2023-05-11
2023-05-11 22:02:00,16.739998,66.220001,0.0,413,60.5,25.800001,8,2023-05-11
2023-05-11 22:32:00,16.459999,66.949997,0.0,413,61.700001,25.5,8,2023-05-11
2023-05-11 23:02:00,16.169998,67.07,0.0,413,61.700001,25.300001,8,2023-05-11
2023-05-11 23:32:00,15.839999,67.629997,0.0,413,61.600002,25.0,8,2023-05-11
2023-05-12 00:02:00,15.749999,67.979996,0.0,413,60.100002,24.800001,8,2023-05-12
2023-05-12 00:32:00,15.699999,68.239998,0.0,413,61.5,24.5,8,2023-05-12
2023-05-12 01:02:00,15.809999,68.559998,0.0,413,61.299999,24.300001,8,2023-05-12
2023-05-12 01:32:00,15.669999,69.099998,0.04,413,61.299999,24.1,8,2023-05-12
2023-05-12 02:02:00,15.559999,68.939995,0.45,413,59.600002,23.900002,8,2023-05-12
2023-05-12 02:32:00,15.879999,68.059998,1.54,413,61.200001,23.700001,8,2023-05-12
2023-05-12 03:02:00,16.759998,67.32,2.75,413,61.100002,23.5,8,2023-05-12
2023-05-12 03:32:00,18.089998,64.110001,4.9,413,59.400002,23.400002,8,2023-05-12
2023-05-12 04:02:00,21.279999,55.59,10.309999,413,60.900002,23.300001,8,2023-05-12
2023-05-12 04:32:00,26.169998,45.369999,12.62,413,59.299999,23.200001,8,2023-05-12
2023-05-12 05:02:00,29.709999,37.879997,12.92,413,59.299999,23.300001,8,2023-05-12
2023-05-12 05:32:00,31.589998,24.269999,15.36,413,59.299999,23.5,8,2023-05-12
2023-05-12 06:02:00,26.439999,22.379999,12.52,413,59.299999,23.700001,8,2023-05-12
2023-05-12 06:32:00,25.529999,24.389999,23.719999,413,59.400002,24.0,8,2023-05-12
2023-05-12 07:02:00,27.539999,22.859999,23.299999,413,60.700001,24.300001,8,2023-05-12
2023-05-12 07:32:00,29.379999,20.189999,22.93,413,59.5,24.6,8,2023-05-12
2023-05-12 08:02:00,29.939999,21.15,10.37,413,60.799999,25.0,8,2023-05-12
2023-05-12 08:32:00,30.699999,22.25,23.439999,413,60.799999,25.5,8,2023-05-12
2023-05-12 09:02:00,29.219999,22.809999,10.05,413,59.700001,25.900002,8,2023-05-12
2023-05-12 09:32:00,27.649998,24.08,10.26,413,59.700001,26.200001,8,2023-05-12
2023-05-12 10:02:00,27.039999,25.049999,13.59,413,59.600002,26.5,8,2023-05-12
2023-05-12 10:32:00,27.319998,25.84,12.99,413,59.5,26.6,8,2023-05-12
2023-05-12 11:02:00,25.459999,29.719999,10.24,413,59.5,26.800001,8,2023-05-12
2023-05-12 11:32:00,25.129999,31.67,9.13,413,59.5,26.800001,8,2023-05-12
2023-05-12 12:02:00,24.429998,34.93,6.63,413,59.400002,26.900002,8,2023-05-12
2023-05-12 12:32:00,25.279999,32.399998,9.78,413,59.400002,27.0,8,2023-05-12
2023-05-12 13:02:00,27.019999,29.199999,13.29,413,59.299999,27.0,8,2023-05-12
2023-05-12 13:32:00,27.649998,28.07,5.6,413,59.299999,27.0,8,2023-05-12
2023-05-12 14:02:00,26.629999,30.629999,5.17,413,59.299999,27.1,8,2023-05-12
2023-05-12 14:32:00,28.499998,30.299999,4.4,413,59.200001,27.1,8,2023-05-12
2023-05-12 15:02:00,29.039999,30.679998,2.58,413,59.100002,27.200001,8,2023-05-12
2023-05-12 15:32:00,27.739998,33.489998,1.17,413,60.299999,27.1,8,2023-05-12
2023-05-12 16:02:00,25.709999,38.559998,0.08,413,59.0,27.1,8,2023-05-12
2023-05-12 16:32:00,23.509998,44.91,0.0,413,60.100002,27.0,8,2023-05-12
2023-05-12 17:02:00,21.249998,53.029999,0.0,413,58.900002,26.800001,8,2023-05-12
2023-05-12 17:32:00,19.98,61.369999,0.0,413,58.700001,26.6,8,2023-05-12
2023-05-12 18:02:00,19.139999,65.43,0.0,413,58.700001,26.5,8,2023-05-12
2023-05-12 18:32:00,18.449999,71.260002,0.0,413,58.600002,26.200001,8,2023-05-12
2023-05-12 19:02:00,18.089998,74.43,0.0,413,58.5,26.0,8,2023-05-12
2023-05-12 19:32:00,17.809999,76.18,0.0,413,59.900002,25.700001,8,2023-05-12
2023-05-12 20:02:00,17.599998,78.029999,0.0,413,59.799999,25.5,8,2023-05-12
2023-05-12 20:32:00,17.48,80.0,0.0,413,59.700001,25.300001,8,2023-05-12
2023-05-12 21:02:00,17.249998,79.839996,0.0,413,59.700001,25.0,8,2023-05-12
2023-05-12 21:32:00,16.959999,80.949997,0.0,413,59.600002,24.800001,8,2023-05-12
2023-05-12 22:02:00,16.699999,81.32,0.0,413,59.600002,24.6,8,2023-05-12
2023-05-12 22:32:00,16.439999,80.93,0.0,413,57.900002,24.400002,8,2023-05-12
2023-05-12 23:02:00,16.199999,80.769997,0.0,413,57.900002,24.1,8,2023-05-12
2023-05-12 23:32:00,15.789999,80.479996,0.0,413,59.5,24.0,8,2023-05-12
2023-05-13 00:02:00,15.549998,80.949997,0.0,413,59.400002,23.800001,8,2023-05-13
2023-05-13 00:32:00,15.299999,81.269997,0.0,413,57.700001,23.5,8,2023-05-13
2023-05-13 01:02:00,15.149999,81.909996,0.0,413,59.299999,23.300001,8,2023-05-13
2023-05-13 01:32:00,14.939999,81.580002,0.06,413,57.600002,23.200001,8,2023-05-13
2023-05-13 02:02:00,14.879999,82.619995,0.68,413,57.400002,23.0,8,2023-05-13
2023-05-13 02:32:00,15.299999,82.739998,1.74,413,57.400002,22.800001,8,2023-05-13
2023-05-13 03:02:00,16.949999,81.549995,4.7,413,59.100002,22.6,8,2023-05-13
2023-05-13 03:32:00,20.319998,66.169998,4.97,413,59.0,22.5,8,2023-05-13
2023-05-13 04:02:00,22.98,60.189999,12.2,413,58.900002,22.5,8,2023-05-13
2023-05-13 04:32:00,27.649998,48.289997,17.98,413,58.900002,22.5,8,2023-05-13
2023-05-13 05:02:00,32.169998,40.439999,22.17,413,57.400002,22.6,8,2023-05-13
2023-05-13 05:32:00,33.09,30.49,21.779999,413,57.400002,22.900002,8,2023-05-13
2023-05-13 06:02:00,28.309998,35.77,20.33,413,57.600002,23.300001,8,2023-05-13
2023-05-13 06:32:00,29.779999,34.669998,46.77,413,57.600002,23.900002,8,2023-05-13
2023-05-13 07:02:00,31.339998,32.509998,20.299999,413,57.700001,24.5,8,2023-05-13
2023-05-13 07:32:00,30.339998,32.329998,30.799999,413,57.799999,25.0,8,2023-05-13
2023-05-13 08:02:00,30.489998,32.68,9.65,413,57.799999,25.5,8,2023-05-13
2023-05-13 08:32:00,29.289999,35.130001,19.15,413,57.900002,26.0,8,2023-05-13
2023-05-13 09:02:00,32.669998,28.019999,19.73,413,59.100002,26.300001,8,2023-05-13
2023-05-13 09:32:00,35.469997,25.369999,11.15,413,58.0,26.800001,8,2023-05-13
2023-05-13 10:02:00,34.369999,25.76,19.969999,413,58.100002,27.300001,8,2023-05-13
2023-05-13 10:32:00,33.109997,27.75,28.539999,413,58.100002,27.700001,8,2023-05-13
2023-05-13 11:02:00,33.269997,26.309999,45.25,413,58.100002,28.1,8,2023-05-13
2023-05-13 11:32:00,31.429998,28.51,13.11,413,58.100002,28.300001,8,2023-05-13
2023-05-13 12:02:00,30.779999,28.689999,8.24,413,58.0,28.5,8,2023-05-13
2023-05-13 12:32:00,27.489998,32.52,6.74,413,57.900002,28.5,8,2023-05-13
2023-05-13 13:02:00,26.539999,36.829998,2.5,413,57.900002,28.5,8,2023-05-13
2023-05-13 13:32:00,25.739998,46.719997,6.74,413,57.799999,28.5,8,2023-05-13
2023-05-13 14:02:00,26.979998,46.489998,4.03,413,57.700001,28.300001,8,2023-05-13
2023-05-13 14:32:00,26.899998,48.48,1.08,413,57.600002,28.200001,8,2023-05-13
2023-05-13 15:02:00,25.219999,52.989998,0.81,413,57.600002,28.0,8,2023-05-13
2023-05-13 15:32:00,23.909998,60.079998,1.35,413,57.5,27.800001,8,2023-05-13
2023-05-13 16:02:00,23.239998,65.32,0.28,413,57.400002,27.6,8,2023-05-13
2023-05-13 16:32:00,22.159998,69.419998,0.02,413,57.400002,27.400002,8,2023-05-13
2023-05-13 17:02:00,21.359999,72.559998,0.0,413,57.200001,27.200001,8,2023-05-13
2023-05-13 17:32:00,20.48,68.510002,0.0,413,58.5,27.0,8,2023-05-13
2023-05-13 18:02:00,19.73,70.610001,0.0,413,58.5,26.700001,8,2023-05-13
2023-05-13 18:32:00,19.009998,73.360001,0.0,413,58.400002,26.5,8,2023-05-13
2023-05-13 19:02:00,18.389999,74.739998,0.0,413,57.0,26.200001,8,2023-05-13
2023-05-13 19:32:00,17.809999,77.25,0.0,413,58.299999,26.0,8,2023-05-13
2023-05-13 20:02:00,17.279999,78.029999,0.0,413,56.700001,25.700001,8,2023-05-13
2023-05-13 20:32:00,16.869999,78.209999,0.0,413,58.100002,25.5,8,2023-05-13
2023-05-13 21:02:00,16.499998,79.779999,0.0,413,58.100002,25.200001,8,2023-05-13
2023-05-13 21:32:00,16.199999,79.540001,0.0,413,58.100002,25.0,8,2023-05-13
2023-05-13 22:02:00,15.899999,80.830002,0.0,413,56.400002,24.700001,8,2023-05-13
2023-05-13 22:32:00,15.559999,81.150002,0.0,413,58.0,24.5,8,2023-05-13
2023-05-13 23:02:00,15.279999,82.220001,0.0,413,56.299999,24.300001,8,2023-05-13
2023-05-13 23:32:00,15.059999,83.459999,0.0,413,56.299999,24.0,8,2023-05-13
2023-05-14 00:02:00,14.849998,83.369995,0.0,413,56.200001,23.800001,8,2023-05-14
2023-05-14 00:32:00,14.599998,83.709999,0.0,413,57.900002,23.6,8,2023-05-14
2023-05-14 01:02:00,14.349998,83.299995,0.0,413,57.799999,23.400002,8,2023-05-14
2023-05-14 01:32:00,14.169999,84.519997,0.07,413,57.700001,23.200001,8,2023-05-14
2023-05-14 02:02:00,14.169999,84.979996,0.74,413,57.700001,23.0,8,2023-05-14
2023-05-14 02:32:00,14.839999,84.82,2.74,413,57.600002,22.800001,8,2023-05-14
2023-05-14 03:02:00,16.339998,81.849998,3.68,413,57.600002,22.6,8,2023-05-14
2023-05-14 03:32:00,18.329998,78.32,5.65,413,57.5,22.5,8,2023-05-14
2023-05-14 04:02:00,21.059999,68.809998,10.74,413,57.5,22.400002,8,2023-05-14
2023-05-14 04:32:00,25.119999,58.539997,14.79,413,55.799999,22.400002,8,2023-05-14
2023-05-14 05:02:00,29.949999,47.27,21.75,413,55.799999,22.5,8,2023-05-14
2023-05-14 05:32:00,26.319998,39.309998,22.26,413,55.900002,22.700001,8,2023-05-14
2023-05-14 06:02:00,26.779999,39.669998,21.18,413,56.0,23.1,8,2023-05-14
2023-05-14 06:32:00,28.449999,36.860001,40.629997,413,56.100002,23.6,8,2023-05-14
2023-05-14 07:02:00,29.799999,34.439999,30.859999,413,56.299999,24.200001,8,2023-05-14
2023-05-14 07:32:00,31.519999,31.4,41.489998,413,56.400002,24.800001,8,2023-05-14
2023-05-14 08:02:00,33.09,28.629999,31.92,413,56.600002,25.5,8,2023-05-14
2023-05-14 08:32:00,35.049999,24.57,35.77,413,56.700001,26.300001,8,2023-05-14
2023-05-14 09:02:00,35.279999,21.959999,43.099998,413,56.799999,27.1,8,2023-05-14
2023-05-14 09:32:00,37.029999,19.549999,51.539997,413,57.0,27.900002,8,2023-05-14
2023-05-14 10:02:00,37.469997,15.849999,48.719997,413,57.100002,28.6,8,2023-05-14
2023-05-14 10:32:00,38.16,15.44,43.57,413,57.200001,29.400002,8,2023-05-14
2023-05-14 11:02:00,34.73,14.349999,36.049999,413,57.200001,30.0,8,2023-05-14
2023-05-14 11:32:00,32.879997,15.23,9.86,413,57.200001,30.300001,8,2023-05-14
2023-05-14 12:02:00,33.009998,14.75,13.139999,413,57.200001,30.400002,8,2023-05-14
2023-05-14 12:32:00,32.219997,14.78,5.72,413,57.0,30.5,8,2023-05-14
2023-05-14 13:02:00,31.349998,15.12,11.219999,413,57.0,30.5,8,2023-05-14
2023-05-14 13:32:00,32.639999,14.45,4.4,413,56.900002,30.5,8,2023-05-14
2023-05-14 14:02:00,35.099998,20.119999,2.75,413,56.900002,30.400002,8,2023-05-14
2023-05-14 14:32:00,35.879997,20.109999,2.08,413,56.799999,30.300001,8,2023-05-14
2023-05-14 15:02:00,34.82,21.4,1.43,413,56.799999,30.200001,8,2023-05-14
2023-05-14 15:32:00,32.199997,23.51,1.37,413,56.600002,30.1,8,2023-05-14
2023-05-14 16:02:00,29.659998,27.49,0.38,413,56.600002,30.0,8,2023-05-14
2023-05-14 16:32:00,26.789999,35.189999,0.02,413,56.5,29.800001,8,2023-05-14
2023-05-14 17:02:00,24.499998,39.879997,0.0,413,56.400002,29.5,8,2023-05-14
2023-05-14 17:32:00,22.879999,44.52,0.0,413,56.299999,29.300001,8,2023-05-14
2023-05-14 18:02:00,21.73,46.369999,0.0,413,56.200001,29.0,8,2023-05-14
2023-05-14 18:32:00,20.909998,48.059998,0.0,413,57.299999,28.700001,8,2023-05-14
2023-05-14 19:02:00,20.289999,47.629997,0.0,413,56.0,28.400002,8,2023-05-14
2023-05-14 19:32:00,20.089998,47.509998,0.0,413,55.900002,28.1,8,2023-05-14
2023-05-14 20:02:00,19.849998,47.439999,0.0,413,57.100002,27.800001,8,2023-05-14
2023-05-14 20:32:00,19.579998,47.09,0.0,413,55.700001,27.5,8,2023-05-14
2023-05-14 21:02:00,19.329998,48.129997,0.0,413,57.0,27.300001,8,2023-05-14
2023-05-14 21:32:00,19.179998,49.059998,0.0,413,57.0,27.0,8,2023-05-14
2023-05-14 22:02:00,18.999998,51.059998,0.0,413,56.900002,26.700001,8,2023-05-14
2023-05-14 22:32:00,18.9,50.799999,0.0,413,56.900002,26.5,8,2023-05-14
2023-05-14 23:02:00,18.689999,51.889999,0.0,413,55.400002,26.200001,8,2023-05-14
2023-05-14 23:32:00,18.439999,53.73,0.0,413,55.299999,26.0,8,2023-05-14
2023-05-15 00:02:00,17.909998,56.869999,0.0,413,55.200001,25.800001,8,2023-05-15
2023-05-15 00:32:00,17.449999,58.719997,0.0,413,56.600002,25.5,8,2023-05-15
2023-05-15 01:02:00,17.089998,62.939999,0.0,413,55.0,25.300001,8,2023-05-15
2023-05-15 01:32:00,16.839998,65.760002,0.05,413,55.0,25.1,8,2023-05-15
2023-05-15 02:02:00,16.929998,67.049995,0.68,413,54.900002,24.900002,8,2023-05-15
2023-05-15 02:32:00,17.73,63.16,1.3,413,54.799999,24.700001,8,2023-05-15
2023-05-15 03:02:00,18.65,59.899998,1.86,413,56.400002,24.5,8,2023-05-15
2023-05-15 03:32:00,19.509998,58.299999,2.4,413,56.400002,24.300001,8,2023-05-15
2023-05-15 04:02:00,20.829998,55.349998,3.22,413,56.299999,24.200001,8,2023-05-15
2023-05-15 04:32:00,21.529999,52.309998,2.14,413,56.299999,24.1,8,2023-05-15
2023-05-15 05:02:00,21.349998,55.289997,2.23,413,54.700001,24.0,8,2023-05-15
2023-05-15 05:32:00,21.159998,58.099998,1.88,413,56.299999,24.0,8,2023-05-15
2023-05-15 06:02:00,20.439999,61.279999,1.79,413,56.200001,23.900002,8,2023-05-15
2023-05-15 06:32:00,20.109999,64.639999,2.96,413,56.200001,23.800001,8,2023-05-15
2023-05-15 07:02:00,22.039999,62.199997,13.309999,413,54.5,23.800001,8,2023-05-15
2023-05-15 07:32:00,26.409998,57.949997,13.32,413,54.5,23.700001,8,2023-05-15
2023-05-15 08:02:00,27.589998,37.540001,13.32,413,54.600002,23.800001,8,2023-05-15
2023-05-15 08:32:00,31.929998,33.669998,16.469999,413,54.700001,24.0,8,2023-05-15
2023-05-15 09:02:00,34.98,26.349998,15.02,413,54.799999,24.300001,8,2023-05-15
2023-05-15 09:32:00,35.289997,24.18,38.139999,413,54.900002,24.800001,8,2023-05-15
2023-05-15 10:02:00,37.099998,20.65,42.91,413,55.0,25.400002,8,2023-05-15
2023-05-15 10:32:00,37.809998,20.869999,32.91,413,55.200001,26.0,8,2023-05-15
2023-05-15 11:02:00,38.779999,17.449999,18.67,413,55.200001,26.6,8,2023-05-15
2023-05-15 11:32:00,37.139999,17.559999,13.99,413,55.299999,27.0,8,2023-05-15
2023-05-15 12:02:00,34.829998,19.26,14.95,413,55.700001,27.5,8,2023-05-15
2023-05-15 12:32:00,33.779999,17.48,9.26,413,57.900002,27.800001,8,2023-05-15
2023-05-15 13:02:00,32.529999,16.969999,12.92,413,59.100002,28.0,8,2023-05-15
2023-05-15 13:32:00,31.299999,16.279999,6.95,413,61.700001,28.0,8,2023-05-15
2023-05-15 14:02:00,29.539999,19.4,4.62,413,61.400002,28.0,8,2023-05-15
2023-05-15 14:32:00,32.079998,22.629999,5.3,413,61.100002,27.800001,8,2023-05-15
2023-05-15 15:02:00,31.919998,25.219999,2.4,413,61.0,27.700001,8,2023-05-15
2023-05-15 15:32:00,29.549999,28.609999,1.36,413,60.799999,27.6,8,2023-05-15
2023-05-15 16:02:00,27.039999,31.619999,0.55,413,60.700001,27.5,8,2023-05-15
2023-05-15 16:32:00,24.399998,37.849998,0.04,413,60.5,27.300001,8,2023-05-15
2023-05-15 17:02:00,22.019999,44.5,0.0,413,61.5,27.1,8,2023-05-15
2023-05-15 17:32:00,20.73,50.200001,0.0,413,61.5,27.0,8,2023-05-15
2023-05-15 18:02:00,19.779999,54.25,0.0,413,60.200001,26.800001,8,2023-05-15
2023-05-15 18:32:00,18.679998,55.899998,0.0,413,61.299999,26.5,8,2023-05-15
2023-05-15 19:02:00,17.509998,60.93,0.0,413,61.299999,26.300001,8,2023-05-15
2023-05-15 19:32:00,16.559999,64.900002,0.0,413,59.900002,26.1,8,2023-05-15
2023-05-15 20:02:00,16.239998,66.459999,0.0,413,61.299999,25.800001,8,2023-05-15
2023-05-15 20:32:00,15.669999,67.82,0.0,413,61.100002,25.5,8,2023-05-15
2023-05-15 21:02:00,15.149999,69.68,0.0,413,59.600002,25.300001,8,2023-05-15
2023-05-15 21:32:00,14.579999,70.57,0.0,413,59.5,25.0,8,2023-05-15
2023-05-15 22:02:00,14.149999,71.699997,0.0,413,59.400002,24.800001,8,2023-05-15
2023-05-15 22:32:00,14.179998,71.220001,0.0,413,59.299999,24.5,8,2023-05-15
2023-05-15 23:02:00,14.059999,72.769997,0.0,413,59.200001,24.300001,8,2023-05-15
2023-05-15 23:32:00,13.729999,73.580002,0.0,413,59.100002,24.0,8,2023-05-15
2023-05-16 00:02:00,13.279999,73.510002,0.0,413,59.100002,23.800001,8,2023-05-16
2023-05-16 00:32:00,13.159999,74.540001,0.0,413,59.0,23.5,8,2023-05-16
2023-05-16 01:02:00,13.599998,76.019997,0.0,413,58.900002,23.300001,8,2023-05-16
2023-05-16 01:32:00,14.029999,74.869995,0.01,413,58.799999,23.1,8,2023-05-16
2023-05-16 02:02:00,14.179998,75.689995,0.32,413,58.700001,22.900002,8,2023-05-16
2023-05-16 02:32:00,14.309999,76.82,0.2,413,58.700001,22.700001,8,2023-05-16
2023-05-16 03:02:00,14.799999,76.610001,1.05,413,58.600002,22.5,8,2023-05-16
2023-05-16 03:32:00,15.239999,73.389999,0.96,413,58.5,22.400002,8,2023-05-16
2023-05-16 04:02:00,15.889998,72.720001,1.12,413,60.200001,22.200001,8,2023-05-16
2023-05-16 04:32:00,16.829998,70.110001,7.94,413,58.400002,22.1,8,2023-05-16
2023-05-16 05:02:00,17.609999,66.760002,1.21,413,58.400002,22.0,8,2023-05-16
2023-05-16 05:32:00,17.379999,66.900002,1.36,413,60.0,22.0,8,2023-05-16
2023-05-16 06:02:00,17.309999,66.979996,1.82,413,58.299999,21.900002,8,2023-05-16
2023-05-16 06:32:00,17.73,66.669998,5.08,413,59.900002,21.800001,8,2023-05-16
2023-05-16 07:02:00,18.369999,63.16,1.04,413,58.299999,21.800001,8,2023-05-16
2023-05-16 07:32:00,17.869999,60.259998,2.02,413,59.799999,21.700001,8,2023-05-16
2023-05-16 08:02:00,17.449999,60.18,1.23,413,58.100002,21.6,8,2023-05-16
2023-05-16 08:32:00,18.239998,59.329998,9.44,413,58.100002,21.6,8,2023-05-16
2023-05-16 09:02:00,19.509998,56.369999,5.02,413,58.100002,21.6,8,2023-05-16
2023-05-16 09:32:00,19.519999,55.32,3.76,413,58.0,21.6,8,2023-05-16
2023-05-16 10:02:00,18.98,54.539997,1.25,413,59.700001,21.6,8,2023-05-16
2023-05-16 10:32:00,17.869999,56.07,1.44,413,58.0,21.6,8,2023-05-16
2023-05-16 11:02:00,16.959999,47.649998,2.38,413,59.600002,21.5,8,2023-05-16
2023-05-16 11:32:00,15.629999,47.329998,1.38,413,57.900002,21.5,8,2023-05-16
2023-05-16 12:02:00,15.189999,52.959999,0.84,413,57.900002,21.400002,8,2023-05-16
2023-05-16 12:32:00,15.449999,60.98,0.64,413,57.900002,21.300001,8,2023-05-16
2023-05-16 13:02:00,15.369999,62.779999,3.28,413,57.799999,21.200001,8,2023-05-16
2023-05-16 13:32:00,17.499998,60.869999,3.57,413,59.5,21.1,8,2023-05-16
2023-05-16 14:02:00,18.749998,57.279999,3.28,413,59.400002,21.1,8,2023-05-16
2023-05-16 14:32:00,18.829998,55.18,3.56,413,57.700001,21.1,8,2023-05-16
2023-05-16 15:02:00,19.109999,55.66,2.9,413,59.299999,21.1,8,2023-05-16
2023-05-16 15:32:00,18.939999,56.469997,1.56,413,59.299999,21.0,8,2023-05-16
2023-05-16 16:02:00,17.629999,62.07,0.72,413,59.299999,21.0,8,2023-05-16
2023-05-16 16:32:00,15.969998,67.439995,0.04,413,57.600002,21.0,8,2023-05-16
2023-05-16 17:02:00,14.269999,72.32,0.0,413,57.600002,21.0,8,2023-05-16
2023-05-16 17:32:00,13.209999,75.549995,0.0,413,57.5,20.800001,8,2023-05-16
2023-05-16 18:02:00,12.479999,78.239998,0.0,413,57.5,20.700001,8,2023-05-16
2023-05-16 18:32:00,11.979999,78.919998,0.0,413,57.400002,20.6,8,2023-05-16
2023-05-16 19:02:00,11.579999,79.839996,0.0,413,57.400002,20.5,8,2023-05-16
2023-05-16 19:32:00,11.109999,79.989998,0.0,413,57.299999,20.300001,8,2023-05-16
2023-05-16 20:02:00,10.649999,80.75,0.0,413,57.200001,20.1,8,2023-05-16
2023-05-16 20:32:00,10.329999,81.389999,0.0,413,57.200001,20.0,8,2023-05-16
2023-05-16 21:02:00,10.399999,82.75,0.0,413,57.200001,19.900002,8,2023-05-16
2023-05-16 21:32:00,10.509999,83.93,0.0,413,57.100002,19.700001,8,2023-05-16
2023-05-16 22:02:00,10.429998,82.909996,0.0,413,57.0,19.6,8,2023-05-16
2023-05-16 22:32:00,10.139998,82.639999,0.0,413,57.0,19.400002,8,2023-05-16
2023-05-16 23:02:00,9.719999,81.979996,0.0,413,57.0,19.300001,8,2023-05-16
2023-05-16 23:32:00,9.309999,83.43,0.0,413,56.799999,19.1,8,2023-05-16
2023-05-17 00:02:00,9.189999,83.409996,0.0,413,56.799999,19.0,8,2023-05-17
2023-05-17 00:32:00,8.899999,82.879997,0.0,413,56.799999,18.800001,8,2023-05-17
2023-05-17 01:02:00,8.659999,84.229996,0.0,413,56.700001,18.700001,8,2023-05-17
2023-05-17 01:32:00,8.769999,84.919998,0.1,413,56.600002,18.5,8,2023-05-17
2023-05-17 02:02:00,9.119999,85.639999,0.65,413,56.600002,18.400002,8,2023-05-17
2023-05-17 02:32:00,9.809999,85.110001,1.76,413,56.600002,18.300001,8,2023-05-17
2023-05-17 03:02:00,10.889998,81.790001,3.23,413,56.5,18.1,8,2023-05-17
2023-05-17 03:32:00,13.899999,78.5,4.93,413,56.5,18.0,8,2023-05-17
2023-05-17 04:02:00,17.259998,68.540001,5.21,413,56.5,18.0,8,2023-05-17
2023-05-17 04:32:00,20.179998,63.25,8.41,413,58.299999,18.0,8,2023-05-17
2023-05-17 05:02:00,22.879999,55.289997,10.52,413,58.299999,18.200001,8,2023-05-17
2023-05-17 05:32:00,24.969999,51.969997,10.639999,413,58.299999,18.400002,8,2023-05-17
2023-05-17 06:02:00,26.519999,47.549999,10.5,413,56.600002,18.6,8,2023-05-17
2023-05-17 06:32:00,30.079998,44.559998,37.34,413,58.400002,18.900002,8,2023-05-17
2023-05-17 07:02:00,32.799999,23.119999,29.879999,413,56.799999,19.300001,8,2023-05-17
2023-05-17 07:32:00,34.309998,17.07,38.799999,413,56.900002,19.800001,8,2023-05-17
2023-05-17 08:02:00,36.179996,15.38,35.07,413,57.0,20.5,8,2023-05-17
2023-05-17 08:32:00,36.639999,15.219999,39.969997,413,57.200001,21.200001,8,2023-05-17
2023-05-17 09:02:00,38.609997,13.63,46.459999,413,57.400002,22.0,8,2023-05-17
2023-05-17 09:32:00,38.379997,12.69,49.18,413,57.5,22.800001,8,2023-05-17
2023-05-17 10:02:00,40.309998,15.65,48.919998,413,57.600002,23.6,8,2023-05-17
2023-05-17 10:32:00,40.899998,12.53,46.52,413,57.700001,24.5,8,2023-05-17
2023-05-17 11:02:00,41.109997,12.66,33.189999,413,57.799999,25.300001,8,2023-05-17
2023-05-17 11:32:00,38.369999,15.5,13.719999,413,57.799999,25.800001,8,2023-05-17
2023-05-17 12:02:00,37.489998,16.129999,14.69,413,57.799999,26.300001,8,2023-05-17
2023-05-17 12:32:00,36.669998,15.91,10.82,413,59.0,26.6,8,2023-05-17
2023-05-17 13:02:00,35.91,14.4,10.91,413,57.799999,27.0,8,2023-05-17
2023-05-17 13:32:00,35.689999,15.16,10.349999,413,57.799999,27.200001,8,2023-05-17
2023-05-17 14:02:00,34.16,19.369999,9.08,413,57.700001,27.5,8,2023-05-17
2023-05-17 14:32:00,35.34,21.689999,7.12,413,57.700001,27.6,8,2023-05-17
2023-05-17 15:02:00,35.129997,23.68,3.24,413,57.700001,27.800001,8,2023-05-17
2023-05-17 15:32:00,32.329998,30.879999,1.33,413,57.600002,27.800001,8,2023-05-17
2023-05-17 16:02:00,29.089998,35.739998,0.52,413,57.600002,27.800001,8,2023-05-17
2023-05-17 16:32:00,25.929998,40.309998,0.05,413,57.5,27.700001,8,2023-05-17
2023-05-17 17:02:00,23.649998,44.189999,0.0,413,57.400002,27.6,8,2023-05-17
2023-05-17 17:32:00,22.249998,43.93,0.0,413,58.5,27.300001,8,2023-05-17
2023-05-17 18:02:00,21.179998,47.849998,0.0,413,58.5,27.1,8,2023-05-17
2023-05-17 18:32:00,20.399998,50.379997,0.0,413,57.100002,26.800001,8,2023-05-17
2023-05-17 19:02:00,19.73,54.169998,0.0,413,58.299999,26.6,8,2023-05-17
2023-05-17 19:32:00,19.099998,57.16,0.0,413,56.900002,26.300001,8,2023-05-17
2023-05-17 20:02:00,18.509998,62.029999,0.0,413,56.799999,26.0,8,2023-05-17
2023-05-17 20:32:00,17.859999,65.400002,0.0,413,58.100002,25.800001,8,2023-05-17
2023-05-17 21:02:00,16.989998,68.510002,0.0,413,58.100002,25.5,8,2023-05-17
2023-05-17 21:32:00,16.119999,71.760002,0.0,413,58.100002,25.200001,8,2023-05-17
2023-05-17 22:02:00,15.349998,73.019997,0.0,413,58.100002,24.900002,8,2023-05-17
2023-05-17 22:32:00,14.869999,74.82,0.0,413,56.400002,24.6,8,2023-05-17
2023-05-17 23:02:00,14.359999,76.610001,0.0,413,56.299999,24.400002,8,2023-05-17
2023-05-17 23:32:00,13.999999,77.32,0.0,413,56.299999,24.1,8,2023-05-17
2023-05-18 00:02:00,13.619999,78.509995,0.0,413,56.100002,23.800001,8,2023-05-18
2023-05-18 00:32:00,13.259999,78.979996,0.0,413,57.799999,23.6,8,2023-05-18
2023-05-18 01:02:00,13.009999,80.019997,0.0,413,56.0,23.300001,8,2023-05-18
2023-05-18 01:32:00,12.719998,80.759995,0.11,413,55.900002,23.1,8,2023-05-18
2023-05-18 02:02:00,12.719998,80.949997,1.01,413,55.900002,22.800001,8,2023-05-18
2023-05-18 02:32:00,13.179998,81.040001,1.69,413,55.799999,22.6,8,2023-05-18
2023-05-18 03:02:00,14.179998,80.5,3.46,413,55.700001,22.400002,8,2023-05-18
2023-05-18 03:32:00,15.829999,79.159996,6.49,413,57.400002,22.200001,8,2023-05-18
2023-05-18 04:02:00,18.199999,73.809998,6.08,413,57.299999,22.0,8,2023-05-18
2023-05-18 04:32:00,21.299999,64.57,8.929999,413,57.299999,22.0,8,2023-05-18
2023-05-18 05:02:00,25.959999,51.449997,21.01,413,57.299999,22.0,8,2023-05-18
2023-05-18 05:32:00,31.759998,40.629997,25.629999,413,55.600002,22.1,8,2023-05-18
2023-05-18 06:02:00,31.659998,28.719999,19.91,413,55.700001,22.400002,8,2023-05-18
2023-05-18 06:32:00,30.539999,28.389999,43.66,413,55.900002,22.900002,8,2023-05-18
2023-05-18 07:02:00,31.529999,26.539999,31.689999,413,55.900002,23.5,8,2023-05-18
2023-05-18 07:32:00,31.449999,26.629999,39.209999,413,56.100002,24.1,8,2023-05-18
2023-05-18 08:02:00,32.599998,22.26,35.25,413,56.200001,24.700001,8,2023-05-18
2023-05-18 08:32:00,33.25,18.85,5.6,413,56.299999,25.300001,8,2023-05-18
2023-05-18 09:02:00,35.899998,17.52,6.71,413,56.299999,25.900002,8,2023-05-18
2023-05-18 09:32:00,35.969997,14.49,6.66,413,56.400002,26.400002,8,2023-05-18
2023-05-18 10:02:00,35.5,14.299999,6.42,413,56.400002,26.900002,8,2023-05-18
2023-05-18 10:32:00,36.769997,10.849999,6.4,413,56.5,27.400002,8,2023-05-18
2023-05-18 11:02:00,35.5,11.65,5.23,413,56.5,27.800001,8,2023-05-18
2023-05-18 11:32:00,32.029999,12.759999,5.92,413,57.600002,28.1,8,2023-05-18
2023-05-18 12:02:00,33.989998,11.87,2.38,413,56.400002,28.300001,8,2023-05-18
2023-05-18 12:32:00,32.639999,12.139999,4.28,413,56.400002,28.400002,8,2023-05-18
2023-05-18 13:02:00,34.699997,11.91,6.55,413,56.299999,28.400002,8,2023-05-18
2023-05-18 13:32:00,34.09,12.37,2.08,413,56.299999,28.5,8,2023-05-18
2023-05-18 14:02:00,31.509998,16.459999,7.53,413,56.200001,28.5,8,2023-05-18
2023-05-18 14:32:00,31.649998,23.139999,5.55,413,56.100002,28.5,8,2023-05-18
2023-05-18 15:02:00,32.34,25.66,3.32,413,56.100002,28.400002,8,2023-05-18
2023-05-18 15:32:00,30.709999,28.76,1.6,413,56.0,28.300001,8,2023-05-18
2023-05-18 16:02:00,28.389999,32.719997,0.63,413,56.0,28.200001,8,2023-05-18
2023-05-18 16:32:00,25.669998,38.629997,0.06,413,55.900002,28.1,8,2023-05-18
2023-05-18 17:02:00,22.73,46.52,0.0,413,57.0,27.900002,8,2023-05-18
2023-05-18 17:32:00,20.829998,53.009998,0.0,413,57.0,27.700001,8,2023-05-18
2023-05-18 18:02:00,19.73,58.23,0.0,413,56.900002,27.5,8,2023-05-18
2023-05-18 18:32:00,18.689999,59.93,0.0,413,56.900002,27.1,8,2023-05-18
2023-05-18 19:02:00,17.829998,63.009998,0.0,413,56.799999,26.900002,8,2023-05-18
2023-05-18 19:32:00,17.409998,65.849998,0.0,413,56.799999,26.6,8,2023-05-18
2023-05-18 20:02:00,16.999998,68.459999,0.0,413,55.299999,26.300001,8,2023-05-18
2023-05-18 20:32:00,16.569998,69.409996,0.0,413,55.200001,26.0,8,2023-05-18
2023-05-18 21:02:00,16.07,71.650002,0.0,413,56.700001,25.700001,8,2023-05-18
2023-05-18 21:32:00,15.489999,72.220001,0.0,413,56.600002,25.5,8,2023-05-18
2023-05-18 22:02:00,15.099998,73.470001,0.0,413,56.600002,25.1,8,2023-05-18
2023-05-18 22:32:00,14.609999,73.529999,0.0,413,56.5,24.900002,8,2023-05-18
2023-05-18 23:02:00,14.289999,75.389999,0.0,413,54.799999,24.6,8,2023-05-18
2023-05-18 23:32:00,13.979999,75.159996,0.0,413,54.700001,24.300001,8,2023-05-18
2023-05-19 00:02:00,13.699999,76.82,0.0,413,54.700001,24.1,8,2023-05-19
2023-05-19 00:32:00,13.649999,78.409996,0.0,413,54.600002,23.800001,8,2023-05-19
2023-05-19 01:02:00,13.419999,78.389999,0.0,413,54.5,23.6,8,2023-05-19
2023-05-19 01:32:00,13.299999,79.639999,0.11,413,54.5,23.300001,8,2023-05-19
2023-05-19 02:02:00,13.499999,79.790001,0.85,413,54.400002,23.1,8,2023-05-19
2023-05-19 02:32:00,14.189999,79.389999,2.08,413,54.299999,22.900002,8,2023-05-19
2023-05-19 03:02:00,15.839999,75.580002,4.06,413,54.299999,22.700001,8,2023-05-19
2023-05-19 03:32:00,18.449999,71.82,5.37,413,54.299999,22.5,8,2023-05-19
2023-05-19 04:02:00,21.689999,62.719997,8.69,413,55.900002,22.5,8,2023-05-19
2023-05-19 04:32:00,26.369999,50.77,13.33,413,54.200001,22.5,8,2023-05-19
2023-05-19 05:02:00,31.339998,40.290001,19.49,413,54.200001,22.5,8,2023-05-19
2023-05-19 05:32:00,32.039997,23.41,27.949999,413,54.299999,22.800001,8,2023-05-19
2023-05-19 06:02:00,33.439999,19.869999,20.219999,413,54.299999,23.200001,8,2023-05-19
2023-05-19 06:32:00,33.799999,20.189999,25.1,413,54.5,23.800001,8,2023-05-19
2023-05-19 07:02:00,33.989998,16.559999,23.799999,413,54.600002,24.400002,8,2023-05-19
2023-05-19 07:32:00,34.099998,16.85,11.24,413,54.600002,25.0,8,2023-05-19
2023-05-19 08:02:00,34.149998,16.82,7.37,413,54.700001,25.5,8,2023-05-19
2023-05-19 08:32:00,35.739998,11.82,5.98,413,54.700001,25.900002,8,2023-05-19
2023-05-19 09:02:00,36.029999,12.23,6.47,413,54.700001,26.200001,8,2023-05-19
2023-05-19 09:32:00,35.509998,12.99,6.65,413,54.700001,26.6,8,2023-05-19
2023-05-19 10:02:00,34.099998,15.429999,6.39,413,54.700001,26.800001,8,2023-05-19
2023-05-19 10:32:00,34.389999,13.219999,6.2,413,54.700001,27.1,8,2023-05-19
2023-05-19 11:02:00,33.439999,14.4,5.46,413,54.600002,27.400002,8,2023-05-19
2023-05-19 11:32:00,34.609997,11.55,3.56,413,54.5,27.6,8,2023-05-19
2023-05-19 12:02:00,33.399998,14.299999,3.6,413,55.700001,27.800001,8,2023-05-19
2023-05-19 12:32:00,32.079998,14.9,2.88,413,54.5,27.900002,8,2023-05-19
2023-05-19 13:02:00,31.299999,18.289999,11.12,413,55.600002,28.0,8,2023-05-19
2023-05-19 13:32:00,31.189999,18.32,7.94,413,55.5,28.1,8,2023-05-19
2023-05-19 14:02:00,30.149998,23.049999,4.54,413,55.5,28.1,8,2023-05-19
2023-05-19 14:32:00,31.029999,24.049999,5.01,413,54.299999,28.200001,8,2023-05-19
2023-05-19 15:02:00,31.119999,26.469999,2.78,413,54.200001,28.200001,8,2023-05-19
2023-05-19 15:32:00,29.799999,31.59,1.34,413,55.400002,28.1,8,2023-05-19
2023-05-19 16:02:00,27.909998,35.439999,0.42,413,54.100002,28.1,8,2023-05-19
2023-05-19 16:32:00,25.949999,40.879997,0.04,413,54.100002,28.0,8,2023-05-19
2023-05-19 17:02:00,24.629999,44.989998,0.0,413,54.100002,27.800001,8,2023-05-19
2023-05-19 17:32:00,23.749998,48.129997,0.0,413,54.0,27.6,8,2023-05-19
2023-05-19 18:02:00,23.069998,50.66,0.0,413,55.200001,27.400002,8,2023-05-19
2023-05-19 18:32:00,22.539999,51.369999,0.0,413,55.200001,27.200001,8,2023-05-19
2023-05-19 19:02:00,21.559999,53.82,0.0,413,55.200001,27.0,8,2023-05-19
2023-05-19 19:32:00,20.559999,58.239998,0.0,413,53.799999,26.800001,8,2023-05-19
2023-05-19 20:02:00,19.819998,63.48,0.0,413,55.100002,26.5,8,2023-05-19
2023-05-19 20:32:00,19.499998,67.869995,0.0,413,55.100002,26.300001,8,2023-05-19
2023-05-19 21:02:00,19.319998,69.790001,0.0,413,55.100002,26.1,8,2023-05-19
2023-05-19 21:32:00,18.919998,72.949997,0.0,413,55.0,25.800001,8,2023-05-19
2023-05-19 22:02:00,18.629999,75.389999,0.0,413,55.0,25.6,8,2023-05-19
2023-05-19 22:32:00,18.339998,77.119995,0.0,413,55.0,25.400002,8,2023-05-19
2023-05-19 23:02:00,17.98,78.349998,0.0,413,54.900002,25.200001,8,2023-05-19
2023-05-19 23:32:00,17.73,80.279999,0.0,413,54.900002,25.0,8,2023-05-19
2023-05-20 00:02:00,17.559999,80.540001,0.0,413,54.799999,24.800001,8,2023-05-20
2023-05-20 00:32:00,17.409998,81.779999,0.0,413,54.799999,24.6,8,2023-05-20
2023-05-20 01:02:00,17.179998,81.629997,0.0,413,54.799999,24.400002,8,2023-05-20
2023-05-20 01:32:00,17.019999,82.25,0.04,413,54.700001,24.200001,8,2023-05-20
2023-05-20 02:02:00,17.009998,82.529999,0.2,413,54.700001,24.0,8,2023-05-20
2023-05-20 02:32:00,17.169998,80.970001,0.57,413,52.900002,23.800001,8,2023-05-20
2023-05-20 03:02:00,17.48,79.720001,1.02,413,54.600002,23.6,8,2023-05-20
2023-05-20 03:32:00,18.009998,78.979996,2.14,413,54.5,23.5,8,2023-05-20
2023-05-20 04:02:00,18.859999,76.029999,2.04,413,54.5,23.300001,8,2023-05-20
2023-05-20 04:32:00,19.739998,72.709999,4.18,413,54.5,23.200001,8,2023-05-20
2023-05-20 05:02:00,21.099998,68.760002,5.51,413,54.400002,23.1,8,2023-05-20
2023-05-20 05:32:00,23.129999,61.639999,7.04,413,54.299999,23.1,8,2023-05-20
2023-05-20 06:02:00,24.269999,58.789997,2.92,413,52.600002,23.1,8,2023-05-20
2023-05-20 06:32:00,23.899998,59.779999,7.49,413,52.600002,23.1,8,2023-05-20
2023-05-20 07:02:00,25.949999,52.309998,9.62,413,52.600002,23.1,8,2023-05-20
2023-05-20 07:32:00,27.449999,42.849998,6.81,413,52.5,23.200001,8,2023-05-20
2023-05-20 08:02:00,26.169998,43.07,6.25,413,52.5,23.300001,8,2023-05-20
2023-05-20 08:32:00,25.669998,42.899998,5.58,413,52.5,23.5,8,2023-05-20
2023-05-20 09:02:00,26.419998,40.469997,11.2,413,52.400002,23.6,8,2023-05-20
2023-05-20 09:32:00,28.759998,36.439999,12.49,413,52.400002,23.6,8,2023-05-20
2023-05-20 10:02:00,29.659998,31.129999,12.21,413,53.799999,23.800001,8,2023-05-20
2023-05-20 10:32:00,30.939999,28.82,11.509999,413,52.299999,24.0,8,2023-05-20
2023-05-20 11:02:00,30.609999,29.389999,8.52,413,52.299999,24.200001,8,2023-05-20
2023-05-20 11:32:00,28.079998,29.219999,10.73,413,53.700001,24.5,8,2023-05-20
2023-05-20 12:02:00,27.039999,30.109999,9.98,413,52.299999,24.6,8,2023-05-20
2023-05-20 12:32:00,27.219999,32.040001,4.48,413,52.200001,24.700001,8,2023-05-20
2023-05-20 13:02:00,27.569998,35.739998,5.86,413,53.600002,24.800001,8,2023-05-20
2023-05-20 13:32:00,28.079998,36.77,4.63,413,53.5,24.900002,8,2023-05-20
2023-05-20 14:02:00,27.429998,40.129997,3.65,413,53.5,25.0,8,2023-05-20
2023-05-20 14:32:00,25.959999,45.039997,2.05,413,53.700001,25.0,8,2023-05-20
2023-05-20 15:02:00,24.309999,49.559998,1.5,413,52.200001,25.0,8,2023-05-20
2023-05-20 15:32:00,22.879999,53.629997,1.04,413,53.600002,24.900002,8,2023-05-20
2023-05-20 16:02:00,21.799999,56.889999,0.41,413,53.700001,24.800001,8,2023-05-20
2023-05-20 16:32:00,20.779999,59.719997,0.04,413,53.600002,24.800001,8,2023-05-20
2023-05-20 17:02:00,19.609999,64.699997,0.0,413,53.600002,24.6,8,2023-05-20
2023-05-20 17:32:00,18.839998,67.189995,0.0,413,53.600002,24.5,8,2023-05-20
2023-05-20 18:02:00,18.249998,70.849998,0.0,413,53.600002,24.300001,8,2023-05-20
2023-05-20 18:32:00,17.869999,72.400002,0.0,413,52.0,24.1,8,2023-05-20
2023-05-20 19:02:00,17.629999,73.449997,0.0,413,53.600002,24.0,8,2023-05-20
2023-05-20 19:32:00,17.349998,74.619995,0.0,413,53.600002,23.800001,8,2023-05-20
2023-05-20 20:02:00,17.009998,75.869995,0.0,413,53.5,23.6,8,2023-05-20
2023-05-20 20:32:00,16.4,78.669998,0.0,413,53.600002,23.400002,8,2023-05-20
2023-05-20 21:02:00,16.269999,79.830002,0.0,413,53.5,23.200001,8,2023-05-20
2023-05-20 21:32:00,16.169998,80.470001,0.0,413,51.799999,23.1,8,2023-05-20
2023-05-20 22:02:00,15.979999,80.729996,0.0,413,51.700001,22.900002,8,2023-05-20
2023-05-20 22:32:00,15.549998,80.18,0.0,413,53.5,22.700001,8,2023-05-20
2023-05-20 23:02:00,14.959999,81.339996,0.0,413,51.600002,22.6,8,2023-05-20
2023-05-20 23:32:00,14.429998,81.68,0.0,413,51.600002,22.400002,8,2023-05-20
2023-05-21 00:02:00,14.079999,82.669998,0.0,413,51.5,22.200001,8,2023-05-21
2023-05-21 00:32:00,13.809999,82.860001,0.0,413,51.5,22.1,8,2023-05-21
2023-05-21 01:02:00,13.519999,83.18,0.0,413,51.5,21.900002,8,2023-05-21
2023-05-21 01:32:00,13.299999,83.049995,0.09,413,51.299999,21.700001,8,2023-05-21
2023-05-21 02:02:00,13.379999,84.659996,0.53,413,51.299999,21.5,8,2023-05-21
2023-05-21 02:32:00,13.759998,84.519997,1.26,413,51.299999,21.400002,8,2023-05-21
2023-05-21 03:02:00,14.609999,83.689995,2.26,413,51.200001,21.300001,8,2023-05-21
2023-05-21 03:32:00,15.949999,82.349998,3.25,413,53.0,21.1,8,2023-05-21
2023-05-21 04:02:00,17.449999,78.07,5.01,413,53.0,21.0,8,2023-05-21
2023-05-21 04:32:00,19.619999,71.529999,7.55,413,52.900002,21.0,8,2023-05-21
2023-05-21 05:02:00,22.559999,59.919998,9.849999,413,52.900002,21.0,8,2023-05-21
2023-05-21 05:32:00,25.749998,52.869999,13.04,413,51.0,21.1,8,2023-05-21
2023-05-21 06:02:00,28.959999,46.649998,15.089999,413,51.0,21.200001,8,2023-05-21
2023-05-21 06:32:00,31.179998,36.009998,11.599999,413,51.0,21.5,8,2023-05-21
2023-05-21 07:02:00,24.189999,45.099998,11.55,413,51.0,21.800001,8,2023-05-21
2023-05-21 07:32:00,24.859999,54.02,14.049999,413,52.700001,22.0,8,2023-05-21
2023-05-21 08:02:00,26.209999,50.18,37.489998,413,50.900002,22.200001,8,2023-05-21
2023-05-21 08:32:00,27.429998,49.950001,41.509998,413,50.900002,22.5,8,2023-05-21
2023-05-21 09:02:00,30.709999,42.09,12.82,413,50.900002,22.700001,8,2023-05-21
2023-05-21 09:32:00,30.829998,43.169998,15.78,413,50.900002,23.0,8,2023-05-21
2023-05-21 10:02:00,29.209999,34.349998,3.35,413,52.299999,23.300001,8,2023-05-21
2023-05-21 10:32:00,30.479998,42.309998,18.449999,413,50.799999,23.6,8,2023-05-21
2023-05-21 11:02:00,35.66,36.25,47.98,413,50.700001,23.800001,8,2023-05-21
2023-05-21 11:32:00,36.829998,31.33,10.82,413,52.100002,24.1,8,2023-05-21
2023-05-21 12:02:00,36.349998,31.609999,15.23,413,52.0,24.5,8,2023-05-21
2023-05-21 12:32:00,39.309998,32.040001,14.349999,413,51.900002,24.700001,8,2023-05-21
2023-05-21 13:02:00,34.369999,24.75,9.76,413,50.5,25.0,8,2023-05-21
2023-05-21 13:32:00,30.699999,27.5,8.54,413,50.400002,25.400002,8,2023-05-21
2023-05-21 14:02:00,30.139997,29.82,7.3,413,50.400002,25.6,8,2023-05-21
2023-05-21 14:32:00,33.389999,31.75,7.27,413,50.299999,25.900002,8,2023-05-21
2023-05-21 15:02:00,31.069998,34.02,0.14,413,50.400002,26.0,8,2023-05-21
2023-05-21 15:32:00,25.079998,47.099998,0.13,413,51.799999,26.1,8,2023-05-21
2023-05-21 16:02:00,22.349998,56.860001,0.38,413,50.5,26.1,8,2023-05-21
2023-05-21 16:32:00,20.839998,63.049999,0.0,413,51.900002,26.0,8,2023-05-21
2023-05-21 17:02:00,19.739998,66.729996,0.0,413,50.5,25.800001,8,2023-05-21
2023-05-21 17:32:00,18.98,70.489998,0.0,413,52.0,25.5,8,2023-05-21
2023-05-21 18:02:00,18.319998,73.330002,0.0,413,52.0,25.300001,8,2023-05-21
2023-05-21 18:32:00,17.759998,74.900002,0.0,413,51.900002,25.1,8,2023-05-21
2023-05-21 19:02:00,17.099998,75.839996,0.0,413,51.900002,24.800001,8,2023-05-21
2023-05-21 19:32:00,16.359999,77.32,0.0,413,51.900002,24.6,8,2023-05-21
2023-05-21 20:02:00,15.749999,77.639999,0.0,413,51.900002,24.300001,8,2023-05-21
2023-05-21 20:32:00,15.149999,78.119995,0.0,413,50.100002,24.1,8,2023-05-21
2023-05-21 21:02:00,14.609999,79.110001,0.0,413,51.799999,23.800001,8,2023-05-21
2023-05-21 21:32:00,14.179998,80.119995,0.0,413,50.0,23.6,8,2023-05-21
2023-05-21 22:02:00,13.719998,80.119995,0.0,413,49.900002,23.300001,8,2023-05-21
2023-05-21 22:32:00,13.549999,82.360001,0.0,413,49.900002,23.1,8,2023-05-21
2023-05-21 23:02:00,13.549999,82.659996,0.0,413,49.799999,22.900002,8,2023-05-21
2023-05-21 23:32:00,13.359999,82.379997,0.0,413,49.700001,22.6,8,2023-05-21
2023-05-22 00:02:00,12.999999,82.189995,0.0,413,49.700001,22.400002,8,2023-05-22
2023-05-22 00:32:00,12.629999,82.849998,0.0,413,49.700001,22.200001,8,2023-05-22
2023-05-22 01:02:00,12.329999,82.900002,0.0,413,49.600002,22.0,8,2023-05-22
2023-05-22 01:32:00,12.009999,83.309998,0.17,413,49.600002,21.800001,8,2023-05-22
2023-05-22 02:02:00,11.969999,84.119995,0.92,413,49.5,21.6,8,2023-05-22
2023-05-22 02:32:00,12.809999,84.589996,2.08,413,49.400002,21.400002,8,2023-05-22
2023-05-22 03:02:00,15.489999,80.18,5.88,413,49.400002,21.200001,8,2023-05-22
2023-05-22 03:32:00,19.619999,70.639999,4.67,413,51.100002,21.1,8,2023-05-22
2023-05-22 04:02:00,23.329998,63.109997,11.33,413,51.100002,21.0,8,2023-05-22
2023-05-22 04:32:00,28.939999,52.079998,19.029999,413,49.200001,21.0,8,2023-05-22
2023-05-22 05:02:00,32.23,44.689999,23.58,413,49.200001,21.200001,8,2023-05-22
2023-05-22 05:32:00,30.559998,37.23,32.389999,413,49.100002,21.5,8,2023-05-22
2023-05-22 06:02:00,31.889997,32.82,19.01,413,49.100002,22.0,8,2023-05-22
2023-05-22 06:32:00,33.579998,29.4,49.509998,413,49.100002,22.6,8,2023-05-22
2023-05-22 07:02:00,34.41,32.23,33.939999,413,49.5,23.400002,8,2023-05-22
2023-05-22 07:32:00,34.709999,27.449999,6.51,413,50.200001,24.0,8,2023-05-22
2023-05-22 08:02:00,33.519997,28.43,9.91,413,50.799999,24.5,8,2023-05-22
2023-05-22 08:32:00,34.16,22.84,9.34,413,51.100002,25.0,8,2023-05-22
2023-05-22 09:02:00,35.739998,19.32,11.599999,413,51.400002,25.5,8,2023-05-22
2023-05-22 09:32:00,35.639999,16.109999,12.219999,413,51.600002,26.1,8,2023-05-22
2023-05-22 10:02:00,33.73,18.639999,15.78,413,51.900002,26.700001,8,2023-05-22
2023-05-22 10:32:00,23.129999,38.719997,5.5,413,52.200001,27.400002,8,2023-05-22
2023-05-22 11:02:00,26.599998,23.699999,3.99,413,52.400002,27.800001,8,2023-05-22
2023-05-22 11:32:00,24.979998,25.139999,3.43,413,53.600002,28.0,8,2023-05-22
2023-05-22 12:02:00,26.009998,22.529999,5.52,413,52.400002,28.0,8,2023-05-22
2023-05-22 12:32:00,28.379999,22.1,5.2,413,52.400002,28.0,8,2023-05-22
2023-05-22 13:02:00,30.509998,19.359999,6.51,413,52.299999,28.0,8,2023-05-22
2023-05-22 13:32:00,31.869999,18.129999,10.76,413,52.299999,28.0,8,2023-05-22
2023-05-22 14:02:00,33.289997,17.93,8.25,413,52.100002,28.0,8,2023-05-22
2023-05-22 14:32:00,36.09,25.789999,5.52,413,52.200001,28.1,8,2023-05-22
2023-05-22 15:02:00,34.879997,21.24,2.71,413,52.200001,28.1,8,2023-05-22
2023-05-22 15:32:00,32.269997,28.43,1.7,413,52.200001,28.1,8,2023-05-22
2023-05-22 16:02:00,29.839998,32.200001,0.76,413,52.200001,28.1,8,2023-05-22
2023-05-22 16:32:00,26.329998,37.709999,0.12,413,52.200001,28.0,8,2023-05-22
2023-05-22 17:02:00,23.599998,43.09,0.0,413,53.299999,27.800001,8,2023-05-22
2023-05-22 17:32:00,21.559999,48.16,0.0,413,53.299999,27.6,8,2023-05-22
2023-05-22 18:02:00,19.939999,52.329998,0.0,413,53.299999,27.400002,8,2023-05-22
2023-05-22 18:32:00,18.739998,54.77,0.0,413,53.299999,27.1,8,2023-05-22
2023-05-22 19:02:00,17.809999,58.91,0.0,413,53.400002,26.800001,8,2023-05-22
2023-05-22 19:32:00,17.079998,61.93,0.0,413,53.400002,26.5,8,2023-05-22
2023-05-22 20:02:00,16.379999,64.209999,0.0,413,51.799999,26.1,8,2023-05-22
2023-05-22 20:32:00,15.849998,66.080002,0.0,413,51.700001,25.800001,8,2023-05-22
2023-05-22 21:02:00,15.339999,68.689995,0.0,413,53.299999,25.5,8,2023-05-22
2023-05-22 21:32:00,14.929998,70.400002,0.0,413,51.600002,25.200001,8,2023-05-22
2023-05-22 22:02:00,14.559999,71.559998,0.0,413,51.5,25.0,8,2023-05-22
2023-05-22 22:32:00,14.179998,72.18,0.0,413,51.5,24.6,8,2023-05-22
2023-05-22 23:02:00,13.839999,72.889999,0.0,413,51.400002,24.300001,8,2023-05-22
2023-05-22 23:32:00,13.519999,73.07,0.0,413,51.299999,24.1,8,2023-05-22
2023-05-23 00:02:00,13.269999,74.519997,0.0,413,51.200001,23.800001,8,2023-05-23
2023-05-23 00:32:00,12.979999,75.089996,0.0,413,51.100002,23.5,8,2023-05-23
2023-05-23 01:02:00,12.739999,76.0,0.0,413,51.100002,23.300001,8,2023-05-23
2023-05-23 01:32:00,12.509999,76.259995,0.2,413,51.0,23.0,8,2023-05-23
2023-05-23 02:02:00,12.499999,77.269997,0.97,413,50.900002,22.800001,8,2023-05-23
2023-05-23 02:32:00,13.189999,77.349998,1.64,413,50.799999,22.5,8,2023-05-23
2023-05-23 03:02:00,15.609999,72.199997,5.96,413,50.799999,22.300001,8,2023-05-23
2023-05-23 03:32:00,20.089998,59.23,4.78,413,52.400002,22.1,8,2023-05-23
2023-05-23 04:02:00,24.229998,54.18,12.009999,413,52.299999,22.1,8,2023-05-23
2023-05-23 04:32:00,30.199999,39.52,20.02,413,52.100002,22.1,8,2023-05-23
2023-05-23 05:02:00,34.239998,31.719999,20.389999,413,52.0,22.200001,8,2023-05-23
2023-05-23 05:32:00,32.939999,22.379999,32.919998,413,50.299999,22.5,8,2023-05-23
2023-05-23 06:02:00,28.699999,26.559999,6.45,413,50.200001,23.1,8,2023-05-23
2023-05-23 06:32:00,27.999998,26.66,9.21,413,50.299999,23.6,8,2023-05-23
2023-05-23 07:02:00,28.959999,23.139999,7.47,413,50.200001,24.200001,8,2023-05-23
2023-05-23 07:32:00,29.429998,22.629999,6.92,413,50.0,24.700001,8,2023-05-23
2023-05-23 08:02:00,29.639999,20.879999,7.69,413,49.900002,25.1,8,2023-05-23
2023-05-23 08:32:00,29.569998,18.76,7.82,413,49.799999,25.6,8,2023-05-23
2023-05-23 09:02:00,30.029999,18.440001,8.88,413,49.600002,26.1,8,2023-05-23
2023-05-23 09:32:00,29.399998,18.26,9.389999,413,49.400002,26.6,8,2023-05-23
2023-05-23 10:02:00,30.169998,18.85,8.63,413,49.200001,27.300001,8,2023-05-23
2023-05-23 10:32:00,30.699999,18.9,8.7,413,49.0,27.900002,8,2023-05-23
2023-05-23 11:02:00,30.559998,19.6,7.77,413,48.900002,28.400002,8,2023-05-23
2023-05-23 11:32:00,30.679998,17.27,6.22,413,48.700001,28.700001,8,2023-05-23
2023-05-23 12:02:00,31.039999,16.190001,8.8,413,48.5,28.900002,8,2023-05-23
2023-05-23 12:32:00,30.529999,16.109999,6.29,413,48.400002,29.0,8,2023-05-23
2023-05-23 13:02:00,31.439999,17.299999,4.97,413,48.200001,29.1,8,2023-05-23
2023-05-23 13:32:00,31.169998,15.83,5.01,413,48.100002,29.1,8,2023-05-23
2023-05-23 14:02:00,30.439999,16.59,6.03,413,47.900002,29.1,8,2023-05-23
2023-05-23 14:32:00,34.219997,19.289999,5.26,413,47.600002,29.1,8,2023-05-23
2023-05-23 15:02:00,35.309998,18.129999,2.69,413,47.5,29.1,8,2023-05-23
2023-05-23 15:32:00,33.529999,21.41,1.7,413,47.5,29.1,8,2023-05-23
2023-05-23 16:02:00,30.869999,26.109999,0.68,413,47.600002,29.0,8,2023-05-23
2023-05-23 16:32:00,27.609999,31.519999,0.13,413,48.799999,28.900002,8,2023-05-23
2023-05-23 17:02:00,25.209999,35.829998,0.0,413,47.799999,28.700001,8,2023-05-23
2023-05-23 17:32:00,23.079998,42.099998,0.0,413,49.0,28.5,8,2023-05-23
2023-05-23 18:02:00,21.899998,47.779999,0.0,413,49.0,28.300001,8,2023-05-23
2023-05-23 18:32:00,21.059999,51.639999,0.0,413,47.799999,28.0,8,2023-05-23
2023-05-23 19:02:00,20.389999,48.09,0.0,413,49.100002,27.700001,8,2023-05-23
2023-05-23 19:32:00,20.089998,45.110001,0.0,413,49.100002,27.400002,8,2023-05-23
2023-05-23 20:02:00,19.739998,43.489998,0.0,413,47.700001,27.1,8,2023-05-23
2023-05-23 20:32:00,19.429998,42.079998,0.0,413,47.700001,26.800001,8,2023-05-23
2023-05-23 21:02:00,19.129999,44.049999,0.0,413,49.100002,26.6,8,2023-05-23
2023-05-23 21:32:00,18.759998,44.469997,0.0,413,49.100002,26.300001,8,2023-05-23
2023-05-23 22:02:00,18.349998,48.889999,0.0,413,49.100002,26.1,8,2023-05-23
2023-05-23 22:32:00,18.039999,46.52,0.0,413,49.0,25.800001,8,2023-05-23
2023-05-23 23:02:00,17.809999,47.75,0.0,413,49.0,25.6,8,2023-05-23
2023-05-23 23:32:00,17.48,48.950001,0.0,413,47.400002,25.300001,8,2023-05-23
2023-05-24 00:02:00,17.099998,53.41,0.0,413,49.0,25.1,8,2023-05-24
2023-05-24 00:32:00,16.809999,53.119999,0.0,413,47.299999,24.900002,8,2023-05-24
2023-05-24 01:02:00,16.579998,52.539997,0.0,413,49.0,24.700001,8,2023-05-24
2023-05-24 01:32:00,16.4,53.34,0.17,413,48.900002,24.5,8,2023-05-24
2023-05-24 02:02:00,16.609999,53.309998,1.09,413,48.799999,24.300001,8,2023-05-24
2023-05-24 02:32:00,17.599998,50.799999,2.42,413,48.700001,24.1,8,2023-05-24
2023-05-24 03:02:00,18.889999,45.93,3.25,413,46.900002,23.900002,8,2023-05-24
2023-05-24 03:32:00,20.409998,43.91,4.66,413,48.400002,23.800001,8,2023-05-24
2023-05-24 04:02:00,24.089998,39.599998,12.34,413,48.200001,23.700001,8,2023-05-24
2023-05-24 04:32:00,30.099998,31.82,21.27,413,46.299999,23.6,8,2023-05-24
2023-05-24 05:02:00,34.419998,27.539999,19.219999,413,47.299999,23.800001,8,2023-05-24
2023-05-24 05:32:00,31.019999,19.99,31.59,413,45.5,24.1,8,2023-05-24
2023-05-24 06:02:00,28.409998,22.859999,19.77,413,45.100002,24.5,8,2023-05-24
2023-05-24 06:32:00,30.139997,21.889999,28.389999,413,44.600002,25.1,8,2023-05-24
2023-05-24 07:02:00,30.429998,21.309999,23.51,413,44.100002,25.6,8,2023-05-24
2023-05-24 07:32:00,32.039997,19.59,29.67,413,43.600002,26.1,8,2023-05-24
2023-05-24 08:02:00,33.07,19.68,26.24,413,42.900002,26.6,8,2023-05-24
2023-05-24 08:32:00,34.059998,20.93,39.459999,413,42.100002,27.1,8,2023-05-24
2023-05-24 09:02:00,32.769997,23.689999,33.169998,413,41.5,27.800001,8,2023-05-24
2023-05-24 09:32:00,33.969997,21.689999,20.24,413,40.900002,28.400002,8,2023-05-24
2023-05-24 10:02:00,32.23,23.59,37.799999,413,40.5,29.0,8,2023-05-24
2023-05-24 10:32:00,34.84,19.459999,43.59,413,39.799999,29.5,8,2023-05-24
2023-05-24 11:02:00,34.75,20.01,7.79,413,39.200001,30.0,8,2023-05-24
2023-05-24 11:32:00,31.999998,21.199999,11.099999,413,38.799999,30.300001,8,2023-05-24
2023-05-24 12:02:00,31.479998,23.689999,12.98,413,38.5,30.400002,8,2023-05-24
2023-05-24 12:32:00,30.839998,23.67,7.75,413,38.200001,30.5,8,2023-05-24
2023-05-24 13:02:00,29.579998,24.639999,7.7,413,38.0,30.5,8,2023-05-24
2023-05-24 13:32:00,28.499998,24.07,7.67,413,37.900002,30.400002,8,2023-05-24
2023-05-24 14:02:00,29.339998,18.309999,6.1,413,37.700001,30.300001,8,2023-05-24
2023-05-24 14:32:00,30.669998,20.25,4.33,413,37.600002,30.1,8,2023-05-24
2023-05-24 15:02:00,30.579998,19.48,2.91,413,37.600002,30.0,8,2023-05-24
2023-05-24 15:32:00,29.749998,21.09,1.61,413,37.700001,29.900002,8,2023-05-24
2023-05-24 16:02:00,28.609999,21.709999,0.95,413,37.799999,29.800001,8,2023-05-24
2023-05-24 16:32:00,27.599998,25.889999,0.12,413,37.799999,29.6,8,2023-05-24
2023-05-24 17:02:00,26.149998,27.16,0.0,413,37.900002,29.400002,8,2023-05-24
2023-05-24 17:32:00,25.039999,29.959999,0.0,413,38.0,29.1,8,2023-05-24
2023-05-24 18:02:00,24.189999,31.689999,0.0,413,38.0,28.900002,8,2023-05-24
2023-05-24 18:32:00,23.509998,34.099998,0.0,413,39.299999,28.6,8,2023-05-24
2023-05-24 19:02:00,23.039999,36.829998,0.0,413,38.100002,28.400002,8,2023-05-24
2023-05-24 19:32:00,22.549999,38.619999,0.0,413,38.200001,28.1,8,2023-05-24
2023-05-24 20:02:00,22.089998,40.34,0.0,413,39.5,27.900002,8,2023-05-24
2023-05-24 20:32:00,21.659998,40.93,0.0,413,39.5,27.6,8,2023-05-24
2023-05-24 21:02:00,21.349998,42.329998,0.0,413,39.600002,27.5,8,2023-05-24
2023-05-24 21:32:00,21.23,42.509998,0.0,413,38.299999,27.200001,8,2023-05-24
2023-05-24 22:02:00,21.109999,42.110001,0.0,413,38.299999,27.0,8,2023-05-24
2023-05-24 22:32:00,20.919998,42.75,0.0,413,38.299999,26.800001,8,2023-05-24
2023-05-24 23:02:00,20.579998,43.099998,0.0,413,38.299999,26.5,8,2023-05-24
2023-05-24 23:32:00,20.259998,42.099998,0.0,413,38.299999,26.300001,8,2023-05-24
2023-05-25 00:03:00,19.909998,45.259998,0.0,413,39.799999,26.1,8,2023-05-25
2023-05-25 00:33:00,19.489998,45.129997,0.0,413,38.299999,26.0,8,2023-05-25
2023-05-25 01:03:00,19.249998,45.41,0.0,413,39.799999,25.800001,8,2023-05-25
2023-05-25 01:33:00,19.059999,45.619999,0.09,413,39.799999,25.6,8,2023-05-25
2023-05-25 02:03:00,19.019999,45.23,0.62,413,39.799999,25.400002,8,2023-05-25
2023-05-25 02:33:00,19.269999,44.879997,1.39,413,39.700001,25.200001,8,2023-05-25
2023-05-25 03:03:00,19.739998,44.48,2.47,413,39.600002,25.1,8,2023-05-25
2023-05-25 03:33:00,20.48,42.619999,4.33,413,39.5,24.900002,8,2023-05-25
2023-05-25 04:03:00,21.589998,42.029999,4.19,413,39.299999,24.800001,8,2023-05-25
2023-05-25 04:33:00,22.279999,40.82,5.33,413,39.100002,24.700001,8,2023-05-25
2023-05-25 05:03:00,22.679998,40.189999,6.19,413,39.0,24.6,8,2023-05-25
2023-05-25 05:33:00,24.859999,35.849998,9.55,413,38.700001,24.6,8,2023-05-25
2023-05-25 06:03:00,25.879999,32.369999,12.87,413,36.900002,24.6,8,2023-05-25
2023-05-25 06:33:00,24.629999,35.540001,13.66,413,36.600002,24.800001,8,2023-05-25
2023-05-25 07:03:00,24.929998,35.290001,11.969999,413,37.700001,25.0,8,2023-05-25
2023-05-25 07:33:00,24.859999,34.880001,9.88,413,36.100002,25.1,8,2023-05-25
2023-05-25 08:03:00,23.049999,39.41,5.22,413,37.5,25.400002,8,2023-05-25
2023-05-25 08:33:00,21.179998,51.119999,4.04,413,37.5,25.5,8,2023-05-25
2023-05-25 09:03:00,24.049999,47.379997,12.4,413,37.600002,25.6,8,2023-05-25
2023-05-25 09:33:00,24.549999,34.779999,8.86,413,37.5,25.6,8,2023-05-25
2023-05-25 10:03:00,25.119999,34.669998,12.679999,413,35.799999,25.6,8,2023-05-25
2023-05-25 10:33:00,27.129999,30.4,36.450001,413,35.600002,25.800001,8,2023-05-25
2023-05-25 11:03:00,28.859999,26.66,26.849998,413,35.299999,25.900002,8,2023-05-25
2023-05-25 11:33:00,28.909998,25.26,15.549999,413,35.0,26.1,8,2023-05-25
2023-05-25 12:03:00,28.019999,25.939999,13.11,413,34.799999,26.300001,8,2023-05-25
2023-05-25 12:33:00,27.349998,26.76,10.29,413,34.700001,26.6,8,2023-05-25
2023-05-25 13:03:00,26.589998,28.08,8.61,413,35.900002,26.800001,8,2023-05-25
2023-05-25 13:33:00,25.599998,29.57,2.74,413,35.900002,26.900002,8,2023-05-25
2023-05-25 14:03:00,24.729998,32.299999,5.03,413,34.700001,27.0,8,2023-05-25
2023-05-25 14:33:00,25.909998,32.349998,3.9,413,34.700001,27.0,8,2023-05-25
2023-05-25 15:03:00,26.019999,32.469997,3.73,413,34.700001,27.0,8,2023-05-25
2023-05-25 15:33:00,26.269999,32.669998,2.42,413,34.700001,26.900002,8,2023-05-25
2023-05-25 16:03:00,24.509998,32.309998,0.38,413,36.100002,26.800001,8,2023-05-25
2023-05-25 16:33:00,23.129999,36.130001,0.06,413,36.200001,26.700001,8,2023-05-25
2023-05-25 17:03:00,22.319998,36.75,0.0,413,36.299999,26.6,8,2023-05-25
2023-05-25 17:33:00,21.699999,38.849998,0.0,413,36.400002,26.400002,8,2023-05-25
2023-05-25 18:03:00,21.269999,41.469997,0.0,413,36.5,26.200001,8,2023-05-25
2023-05-25 18:33:00,20.809999,41.91,0.0,413,35.100002,26.0,8,2023-05-25
2023-05-25 19:03:00,20.519999,43.27,0.0,413,36.600002,25.800001,8,2023-05-25
2023-05-25 19:33:00,19.909998,46.799999,0.0,413,36.600002,25.6,8,2023-05-25
2023-05-25 20:03:00,19.609999,45.389999,0.0,413,36.700001,25.5,8,2023-05-25
2023-05-25 20:33:00,18.829998,53.68,0.0,413,36.700001,25.300001,8,2023-05-25
2023-05-25 21:03:00,17.909998,60.709999,0.0,413,36.700001,25.1,8,2023-05-25
2023-05-25 21:33:00,17.289999,65.529999,0.0,413,36.799999,24.900002,8,2023-05-25
2023-05-25 22:03:00,16.779999,67.139999,0.0,413,36.799999,24.700001,8,2023-05-25
2023-05-25 22:33:00,16.469999,70.029999,0.0,413,36.900002,24.5,8,2023-05-25
2023-05-25 23:03:00,15.739999,74.989998,0.0,413,35.100002,24.300001,8,2023-05-25
2023-05-25 23:33:00,15.509998,76.959999,0.0,413,35.100002,24.1,8,2023-05-25
2023-05-26 00:02:00,15.549998,78.709999,0.0,413,35.100002,23.700001,8,2023-05-26
2023-05-26 00:32:00,15.589999,78.229996,0.0,413,35.100002,23.5,8,2023-05-26
2023-05-26 01:02:00,15.609999,77.709999,0.04,413,35.100002,23.300001,8,2023-05-26
2023-05-26 01:32:00,15.689999,77.769997,0.24,413,35.100002,23.1,8,2023-05-26
2023-05-26 02:02:00,16.029999,76.150002,0.44,413,35.100002,23.0,8,2023-05-26
2023-05-26 02:32:00,16.329998,76.409996,1.35,413,36.900002,22.800001,8,2023-05-26
2023-05-26 03:02:00,17.279999,74.239998,4.85,413,36.799999,22.700001,8,2023-05-26
2023-05-26 03:32:00,19.509998,69.439995,6.42,413,36.700001,22.6,8,2023-05-26
2023-05-26 04:02:00,23.579998,57.77,7.69,413,36.5,22.6,8,2023-05-26
2023-05-26 04:32:00,28.409998,50.709999,16.859999,413,34.5,22.6,8,2023-05-26
2023-05-26 05:02:00,33.309998,41.939999,32.5,413,34.299999,22.800001,8,2023-05-26
2023-05-26 05:32:00,26.969999,42.879997,11.54,413,34.200001,23.300001,8,2023-05-26
2023-05-26 06:02:00,26.789999,42.219997,45.360001,413,34.100002,23.700001,8,2023-05-26
2023-05-26 06:32:00,27.459999,38.959999,34.099998,413,35.299999,24.200001,8,2023-05-26
2023-05-26 07:02:00,28.949999,34.880001,42.02,413,33.700001,24.6,8,2023-05-26
2023-05-26 07:32:00,29.549999,29.289999,32.349998,413,33.400002,25.1,8,2023-05-26
2023-05-26 08:02:00,30.119999,27.18,45.629997,413,33.100002,25.5,8,2023-05-26
2023-05-26 08:32:00,30.919998,28.299999,52.579998,413,32.900002,26.1,8,2023-05-26
2023-05-26 09:02:00,32.16,25.48,54.439999,413,32.700001,26.700001,8,2023-05-26
2023-05-26 09:32:00,32.769997,24.66,35.630001,413,33.700001,27.400002,8,2023-05-26
2023-05-26 10:02:00,32.769997,24.82,13.63,413,33.5,28.0,8,2023-05-26
2023-05-26 10:32:00,31.349998,25.92,12.259999,413,33.400002,28.5,8,2023-05-26
2023-05-26 11:02:00,31.699999,27.599998,16.52,413,32.0,28.800001,8,2023-05-26
2023-05-26 11:32:00,31.079998,30.719999,16.15,413,31.800001,29.0,8,2023-05-26
2023-05-26 12:02:00,30.889997,30.619999,6.87,413,31.700001,29.1,8,2023-05-26
2023-05-26 12:32:00,29.639999,25.57,7.96,413,31.5,29.200001,8,2023-05-26
2023-05-26 13:02:00,29.359999,30.15,7.9,413,31.5,29.400002,8,2023-05-26
2023-05-26 13:32:00,28.359999,25.459999,6.36,413,31.4,29.5,8,2023-05-26
2023-05-26 14:02:00,31.119999,30.92,4.93,413,32.600002,29.5,8,2023-05-26
2023-05-26 14:32:00,32.639999,27.139999,3.09,413,31.4,29.400002,8,2023-05-26
2023-05-26 15:02:00,31.709999,31.099998,1.84,413,31.4,29.300001,8,2023-05-26
2023-05-26 15:32:00,29.449999,35.32,0.69,413,31.4,29.200001,8,2023-05-26
2023-05-26 16:02:00,26.529999,39.129997,0.15,413,31.300001,29.1,8,2023-05-26
2023-05-26 16:32:00,24.539999,43.23,0.0,413,31.300001,28.800001,8,2023-05-26
2023-05-26 17:02:00,22.98,43.629997,0.0,413,32.5,28.6,8,2023-05-26
2023-05-26 17:32:00,21.619999,49.18,0.0,413,32.5,28.300001,8,2023-05-26
2023-05-26 18:02:00,20.459999,51.939999,0.0,413,31.1,28.0,8,2023-05-26
2023-05-26 18:32:00,19.419998,53.399998,0.0,413,32.400002,27.700001,8,2023-05-26
2023-05-26 19:02:00,18.569998,57.139999,0.0,413,32.400002,27.400002,8,2023-05-26
2023-05-26 19:32:00,18.009998,56.809998,0.0,413,30.9,27.1,8,2023-05-26
2023-05-26 20:02:00,18.239998,57.349998,0.0,413,32.400002,26.800001,8,2023-05-26
2023-05-26 20:32:00,18.209999,56.919998,0.0,413,32.400002,26.5,8,2023-05-26
2023-05-26 21:02:00,17.869999,57.099998,0.0,413,32.299999,26.200001,8,2023-05-26
2023-05-26 21:32:00,18.239998,55.169998,0.0,413,32.299999,26.0,8,2023-05-26
2023-05-26 22:02:00,18.459999,53.469997,0.0,413,32.200001,25.6,8,2023-05-26
2023-05-26 22:32:00,18.249998,49.939999,0.0,413,32.200001,25.5,8,2023-05-26
2023-05-26 23:02:00,17.989998,54.509998,0.0,413,32.200001,25.200001,8,2023-05-26
2023-05-26 23:32:00,18.109999,55.689999,0.0,413,32.200001,25.0,8,2023-05-26
2023-05-27 00:02:00,18.189999,54.27,0.0,413,32.100002,24.800001,8,2023-05-27
2023-05-27 00:32:00,18.109999,51.84,0.0,413,32.100002,24.6,8,2023-05-27
2023-05-27 01:02:00,17.869999,52.879997,0.24,413,32.100002,24.5,8,2023-05-27
2023-05-27 01:32:00,17.619999,56.27,0.88,413,30.4,24.300001,8,2023-05-27
2023-05-27 02:02:00,17.699999,56.709999,2.11,413,32.0,24.1,8,2023-05-27
2023-05-27 02:32:00,19.209999,53.98,3.68,413,32.0,24.0,8,2023-05-27
2023-05-27 03:02:00,20.609999,51.41,2.62,413,31.9,23.800001,8,2023-05-27
2023-05-27 03:32:00,21.369999,50.09,4.49,413,31.9,23.800001,8,2023-05-27
2023-05-27 04:02:00,23.389999,52.629997,6.92,413,31.9,23.800001,8,2023-05-27
2023-05-27 04:32:00,26.689999,43.43,13.27,413,30.1,23.700001,8,2023-05-27
2023-05-27 05:02:00,29.729998,40.0,15.799999,413,31.5,23.800001,8,2023-05-27
2023-05-27 05:32:00,27.139999,28.969999,19.82,413,30.0,24.0,8,2023-05-27
2023-05-27 06:02:00,26.149998,29.779999,23.449999,413,31.4,24.300001,8,2023-05-27
2023-05-27 06:32:00,26.179998,31.369999,23.17,413,29.800001,24.6,8,2023-05-27
2023-05-27 07:02:00,26.799999,35.389999,30.59,413,29.800001,24.900002,8,2023-05-27
2023-05-27 07:32:00,26.589998,34.27,31.949999,413,29.700001,25.300001,8,2023-05-27
2023-05-27 08:02:00,28.089998,27.019999,38.939999,413,29.6,25.700001,8,2023-05-27
2023-05-27 08:32:00,29.839998,21.75,43.829998,413,29.6,26.200001,8,2023-05-27
2023-05-27 09:02:00,31.189999,18.719999,44.59,413,30.9,26.700001,8,2023-05-27
2023-05-27 09:32:00,31.819998,18.74,34.23,413,30.800001,27.300001,8,2023-05-27
2023-05-27 10:02:00,33.779999,15.82,54.32,413,30.700001,27.800001,8,2023-05-27
2023-05-27 10:32:00,33.179996,17.309999,42.700001,413,29.4,28.300001,8,2023-05-27
2023-05-27 11:02:00,31.789999,17.08,17.02,413,29.4,28.700001,8,2023-05-27
2023-05-27 11:32:00,30.859999,17.01,12.45,413,29.300001,28.900002,8,2023-05-27
2023-05-27 12:02:00,30.039999,22.049999,8.25,413,29.300001,29.0,8,2023-05-27
2023-05-27 12:32:00,29.569998,34.82,12.07,413,29.300001,29.0,8,2023-05-27
2023-05-27 13:02:00,27.889999,34.669998,8.91,413,29.200001,29.0,8,2023-05-27
2023-05-27 13:32:00,26.859999,32.279999,7.1,413,29.200001,29.0,8,2023-05-27
2023-05-27 14:02:00,27.149998,32.48,4.27,413,29.200001,29.0,8,2023-05-27
2023-05-27 14:32:00,26.539999,35.349998,2.07,413,29.200001,28.900002,8,2023-05-27
2023-05-27 15:02:00,25.349998,36.889999,1.8,413,30.5,28.800001,8,2023-05-27
2023-05-27 15:32:00,24.899998,38.84,0.55,413,29.200001,28.6,8,2023-05-27
2023-05-27 16:02:00,24.159998,42.689999,0.13,413,30.4,28.400002,8,2023-05-27
2023-05-27 16:32:00,23.299999,46.789997,0.0,413,29.1,28.1,8,2023-05-27
2023-05-27 17:02:00,22.639999,50.689999,0.0,413,30.300001,27.900002,8,2023-05-27
2023-05-27 17:32:00,21.789999,53.98,0.0,413,30.300001,27.6,8,2023-05-27
2023-05-27 18:02:00,21.209999,56.16,0.0,413,30.300001,27.400002,8,2023-05-27
2023-05-27 18:32:00,20.809999,58.07,0.0,413,28.800001,27.1,8,2023-05-27
2023-05-27 19:02:00,19.829998,61.09,0.0,413,30.200001,26.900002,8,2023-05-27
2023-05-27 19:32:00,19.209999,64.639999,0.0,413,30.200001,26.6,8,2023-05-27
2023-05-27 20:02:00,18.769999,68.689995,0.0,413,30.200001,26.400002,8,2023-05-27
2023-05-27 20:32:00,18.609999,71.18,0.0,413,30.200001,26.1,8,2023-05-27
2023-05-27 21:02:00,18.639999,70.129997,0.0,413,30.1,25.900002,8,2023-05-27
2023-05-27 21:32:00,18.499998,70.260002,0.0,413,30.1,25.700001,8,2023-05-27
2023-05-27 22:02:00,18.539999,69.610001,0.0,413,30.1,25.5,8,2023-05-27
2023-05-27 22:32:00,18.279999,71.720001,0.0,413,30.0,25.300001,8,2023-05-27
2023-05-27 23:02:00,17.629999,74.099998,0.0,413,30.1,25.1,8,2023-05-27
2023-05-27 23:32:00,17.289999,75.479996,0.0,413,30.0,24.900002,8,2023-05-27
2023-05-28 00:02:00,17.15,52.049999,0.0,413,30.0,24.6,8,2023-05-28
2023-05-28 00:32:00,17.139999,49.139999,0.0,413,30.0,24.5,8,2023-05-28
2023-05-28 01:02:00,17.029999,48.239998,0.3,413,29.9,24.300001,8,2023-05-28
2023-05-28 01:32:00,17.049999,45.619999,1.15,413,29.800001,24.1,8,2023-05-28
2023-05-28 02:02:00,17.599998,48.099998,2.24,413,29.800001,24.0,8,2023-05-28
2023-05-28 02:32:00,20.219999,46.18,6.06,413,27.9,23.800001,8,2023-05-28
2023-05-28 03:02:00,23.159998,42.349998,4.42,413,29.700001,23.700001,8,2023-05-28
2023-05-28 03:32:00,26.249998,33.66,15.929999,413,27.9,23.6,8,2023-05-28
2023-05-28 04:02:00,30.709999,31.809999,20.33,413,27.9,23.700001,8,2023-05-28
2023-05-28 04:32:00,32.66,29.51,15.179999,413,27.9,23.900002,8,2023-05-28
2023-05-28 05:02:00,31.769999,27.209999,34.489998,413,27.9,24.200001,8,2023-05-28
2023-05-28 05:32:00,33.299999,23.73,15.82,413,27.9,24.6,8,2023-05-28
2023-05-28 06:02:00,32.439999,19.799999,18.559999,413,27.9,25.1,8,2023-05-28
2023-05-28 06:32:00,33.219997,22.51,15.299999,413,27.9,25.5,8,2023-05-28
2023-05-28 07:02:00,31.649998,21.049999,18.59,413,29.300001,26.0,8,2023-05-28
2023-05-28 07:32:00,32.699997,18.0,23.66,413,27.9,26.400002,8,2023-05-28
2023-05-28 08:02:00,34.889999,21.16,42.75,413,27.9,26.800001,8,2023-05-28
2023-05-28 08:32:00,35.359997,16.139999,50.419998,413,28.0,27.400002,8,2023-05-28
2023-05-28 09:02:00,39.519997,13.32,53.809998,413,28.1,28.1,8,2023-05-28
2023-05-28 09:32:00,34.559998,16.08,30.309999,413,28.200001,28.800001,8,2023-05-28
2023-05-28 10:02:00,33.289997,18.289999,50.279999,413,28.300001,29.400002,8,2023-05-28
2023-05-28 10:32:00,34.029999,16.039999,38.41,413,28.300001,29.800001,8,2023-05-28
2023-05-28 11:02:00,32.59,17.15,10.719999,413,29.6,30.0,8,2023-05-28
2023-05-28 11:32:00,30.939999,18.42,11.719999,413,29.5,30.1,8,2023-05-28
2023-05-28 12:02:00,30.859999,18.129999,8.47,413,28.200001,30.1,8,2023-05-28
2023-05-28 12:32:00,30.129999,19.609999,5.89,413,29.5,30.0,8,2023-05-28
2023-05-28 13:02:00,30.159998,19.859999,6.07,413,29.4,30.0,8,2023-05-28
2023-05-28 13:32:00,29.509998,19.559999,6.29,413,29.4,29.900002,8,2023-05-28
2023-05-28 14:02:00,33.349998,23.809999,5.82,413,28.1,29.800001,8,2023-05-28
2023-05-28 14:32:00,35.079998,20.4,2.79,413,29.4,29.800001,8,2023-05-28
2023-05-28 15:02:00,33.309998,24.779999,1.81,413,28.1,29.800001,8,2023-05-28
2023-05-28 15:32:00,30.779999,28.719999,0.85,413,29.300001,29.6,8,2023-05-28
2023-05-28 16:02:00,27.229998,33.799999,0.22,413,28.0,29.5,8,2023-05-28
2023-05-28 16:32:00,24.639999,37.77,0.0,413,29.200001,29.300001,8,2023-05-28
2023-05-28 17:02:00,23.499998,35.759998,0.0,413,29.200001,29.0,8,2023-05-28
2023-05-28 17:32:00,22.719999,37.09,0.0,413,29.1,28.800001,8,2023-05-28
2023-05-28 18:02:00,21.889999,38.309998,0.0,413,29.0,28.5,8,2023-05-28
2023-05-28 18:32:00,21.179998,40.82,0.0,413,28.9,28.1,8,2023-05-28
2023-05-28 19:02:00,20.529999,43.040001,0.0,413,28.9,27.900002,8,2023-05-28
2023-05-28 19:32:00,19.629999,46.399998,0.0,413,28.800001,27.6,8,2023-05-28
2023-05-28 20:02:00,18.919998,48.75,0.0,413,28.800001,27.300001,8,2023-05-28
2023-05-28 20:32:00,18.109999,52.699997,0.0,413,28.800001,27.0,8,2023-05-28
2023-05-28 21:02:00,17.349998,56.719997,0.0,413,28.700001,26.800001,8,2023-05-28
2023-05-28 21:32:00,17.139999,56.889999,0.0,413,28.700001,26.5,8,2023-05-28
2023-05-28 22:02:00,17.019999,55.119999,0.0,413,28.6,26.200001,8,2023-05-28
2023-05-28 22:32:00,16.659998,57.169998,0.0,413,28.6,26.0,8,2023-05-28
2023-05-28 23:02:00,16.499998,56.369999,0.0,413,26.800001,25.700001,8,2023-05-28
2023-05-28 23:32:00,16.039999,58.949997,0.0,413,28.5,25.400002,8,2023-05-28
2023-05-29 00:02:00,15.469998,61.299999,0.0,413,28.5,25.200001,8,2023-05-29
2023-05-29 00:32:00,14.709999,66.389999,0.01,413,28.4,25.0,8,2023-05-29
2023-05-29 01:02:00,14.179998,69.199997,0.3,413,26.5,24.700001,8,2023-05-29
2023-05-29 01:32:00,14.269999,69.049995,1.05,413,26.4,24.5,8,2023-05-29
2023-05-29 02:02:00,15.519999,67.040001,2.2,413,26.300001,24.200001,8,2023-05-29
2023-05-29 02:32:00,19.23,60.379997,6.29,413,28.1,24.0,8,2023-05-29
2023-05-29 03:02:00,22.949999,60.619999,4.26,413,28.0,23.900002,8,2023-05-29
2023-05-29 03:32:00,26.729998,49.719997,16.559999,413,26.300001,23.800001,8,2023-05-29
2023-05-29 04:02:00,32.239998,38.619999,20.559999,413,26.300001,24.0,8,2023-05-29
2023-05-29 04:32:00,34.829998,36.540001,14.69,413,27.9,24.1,8,2023-05-29
2023-05-29 05:02:00,32.189999,26.559999,34.540001,413,26.4,24.5,8,2023-05-29
2023-05-29 05:32:00,33.59,25.16,20.32,413,27.9,24.800001,8,2023-05-29
2023-05-29 06:02:00,34.169998,24.779999,45.599998,413,27.9,25.300001,8,2023-05-29
2023-05-29 06:32:00,34.179996,20.26,32.77,413,28.0,25.800001,8,2023-05-29
2023-05-29 07:02:00,35.079998,19.92,39.299999,413,26.800001,26.300001,8,2023-05-29
2023-05-29 07:32:00,35.209999,18.68,30.939999,413,27.200001,26.6,8,2023-05-29
2023-05-29 08:02:00,35.84,14.79,48.789997,413,31.0,26.900002,8,2023-05-29
2023-05-29 08:32:00,35.519997,21.42,52.759998,413,34.5,27.0,8,2023-05-29
2023-05-29 09:02:00,37.799999,18.309999,54.509998,413,34.0,27.300001,8,2023-05-29
2023-05-29 09:32:00,35.5,14.94,32.93,413,35.799999,27.5,8,2023-05-29
2023-05-29 10:02:00,34.98,17.049999,5.13,413,36.100002,27.900002,8,2023-05-29
2023-05-29 10:32:00,33.709999,20.049999,15.32,413,35.100002,28.1,8,2023-05-29
2023-05-29 11:02:00,32.769997,23.209999,14.599999,413,35.400002,28.300001,8,2023-05-29
2023-05-29 11:32:00,28.339998,31.769999,13.04,413,35.799999,28.5,8,2023-05-29
2023-05-29 12:02:00,29.709999,33.469997,12.62,413,36.200001,28.6,8,2023-05-29
2023-05-29 12:32:00,29.429998,21.699999,7.28,413,37.700001,28.6,8,2023-05-29
2023-05-29 13:02:00,29.969999,19.99,6.99,413,37.900002,28.6,8,2023-05-29
2023-05-29 13:32:00,26.839998,23.68,4.32,413,36.900002,28.800001,8,2023-05-29
2023-05-29 14:02:00,28.419998,23.459999,1.01,413,37.200001,28.800001,8,2023-05-29
2023-05-29 14:32:00,27.599998,30.519999,0.34,413,37.5,28.800001,8,2023-05-29
2023-05-29 15:02:00,24.709999,38.66,0.18,413,39.0,28.700001,8,2023-05-29
2023-05-29 15:32:00,22.459999,46.639999,0.18,413,39.200001,28.5,8,2023-05-29
2023-05-29 16:02:00,21.659998,50.200001,0.1,413,39.400002,28.300001,8,2023-05-29
2023-05-29 16:32:00,20.949999,53.93,0.0,413,39.600002,28.1,8,2023-05-29
2023-05-29 17:02:00,19.949999,58.169998,0.0,413,39.799999,27.900002,8,2023-05-29
2023-05-29 17:32:00,19.139999,62.109997,0.0,413,40.0,27.6,8,2023-05-29
2023-05-29 18:02:00,18.559999,65.889999,0.0,413,40.200001,27.400002,8,2023-05-29
2023-05-29 18:32:00,18.549999,66.799995,0.0,413,40.400002,27.1,8,2023-05-29
2023-05-29 19:02:00,18.4,67.400002,0.0,413,40.5,26.900002,8,2023-05-29
2023-05-29 19:32:00,18.179998,69.389999,0.0,413,40.600002,26.6,8,2023-05-29
2023-05-29 20:02:00,17.959999,69.040001,0.0,413,40.900002,26.400002,8,2023-05-29
2023-05-29 20:32:00,17.889999,68.059998,0.0,413,40.900002,26.1,8,2023-05-29
2023-05-29 21:02:00,17.599998,68.330002,0.0,413,41.0,26.0,8,2023-05-29
2023-05-29 21:32:00,17.029999,70.790001,0.0,413,41.200001,25.700001,8,2023-05-29
2023-05-29 22:02:00,16.509998,72.900002,0.0,413,41.299999,25.5,8,2023-05-29
2023-05-29 22:32:00,15.959999,74.549995,0.0,413,39.700001,25.300001,8,2023-05-29
2023-05-29 23:02:00,15.439999,76.5,0.0,413,39.799999,25.1,8,2023-05-29
2023-05-29 23:32:00,15.069999,77.580002,0.0,413,39.799999,24.900002,8,2023-05-29
2023-05-30 00:02:00,14.599998,78.589996,0.0,413,39.900002,24.6,8,2023-05-30
2023-05-30 00:32:00,14.189999,79.689995,0.0,413,39.900002,24.5,8,2023-05-30
2023-05-30 01:02:00,13.979999,79.559998,0.26,413,40.0,24.300001,8,2023-05-30
2023-05-30 01:32:00,13.989999,80.470001,0.9,413,40.0,24.0,8,2023-05-30
2023-05-30 02:02:00,14.769999,80.119995,2.13,413,40.0,23.800001,8,2023-05-30
2023-05-30 02:32:00,17.859999,71.379997,5.69,413,40.0,23.6,8,2023-05-30
2023-05-30 03:02:00,21.759998,72.07,3.99,413,40.0,23.5,8,2023-05-30
2023-05-30 03:32:00,25.829998,49.869999,16.199999,413,40.0,23.400002,8,2023-05-30
2023-05-30 04:02:00,31.939999,45.84,19.449999,413,40.0,23.5,8,2023-05-30
2023-05-30 04:32:00,35.719997,36.899998,13.42,413,39.900002,23.5,8,2023-05-30
2023-05-30 05:02:00,27.429998,31.679998,33.599998,413,39.799999,23.800001,8,2023-05-30
2023-05-30 05:32:00,28.679998,30.08,18.789999,413,39.700001,24.0,8,2023-05-30
2023-05-30 06:02:00,33.579998,22.059999,47.700001,413,39.600002,24.400002,8,2023-05-30
2023-05-30 06:32:00,32.559998,22.49,34.559998,413,40.799999,24.800001,8,2023-05-30
2023-05-30 07:02:00,35.349998,23.83,42.34,413,39.400002,25.1,8,2023-05-30
2023-05-30 07:32:00,36.309998,22.369999,34.439999,413,39.299999,25.5,8,2023-05-30
2023-05-30 08:02:00,35.769997,16.129999,53.919998,413,40.299999,26.0,8,2023-05-30
2023-05-30 08:32:00,35.709999,20.779999,57.52,413,39.0,26.400002,8,2023-05-30
2023-05-30 09:02:00,37.139999,17.809999,59.16,413,40.0,26.900002,8,2023-05-30
2023-05-30 09:32:00,35.109997,15.95,29.869999,413,38.700001,27.5,8,2023-05-30
2023-05-30 10:02:00,36.619999,15.219999,22.859999,413,38.700001,28.0,8,2023-05-30
2023-05-30 10:32:00,33.099998,16.219999,40.329998,413,38.600002,28.5,8,2023-05-30
2023-05-30 11:02:00,28.749998,19.449999,13.15,413,39.700001,28.800001,8,2023-05-30
2023-05-30 11:32:00,28.709999,18.969999,13.309999,413,38.5,29.0,8,2023-05-30
2023-05-30 12:02:00,28.649998,18.889999,10.11,413,38.600002,29.1,8,2023-05-30
2023-05-30 12:32:00,27.909998,17.869999,7.41,413,39.799999,29.1,8,2023-05-30
2023-05-30 13:02:00,22.429998,48.09,6.96,413,39.100002,29.300001,8,2023-05-30
2023-05-30 13:32:00,20.579998,48.169998,4.76,413,39.5,29.300001,8,2023-05-30
2023-05-30 14:02:00,29.599998,42.739998,5.03,413,39.900002,29.300001,8,2023-05-30
2023-05-30 14:32:00,32.09,41.239998,2.66,413,40.400002,29.300001,8,2023-05-30
2023-05-30 15:02:00,31.619999,41.009998,1.72,413,40.900002,29.300001,8,2023-05-30
2023-05-30 15:32:00,29.429998,46.759998,0.82,413,41.299999,29.1,8,2023-05-30
2023-05-30 16:02:00,26.159998,52.5,0.21,413,42.700001,29.0,8,2023-05-30
2023-05-30 16:32:00,23.439999,59.109997,0.0,413,43.0,28.800001,8,2023-05-30
2023-05-30 17:02:00,21.649998,63.48,0.0,413,43.400002,28.6,8,2023-05-30
2023-05-30 17:32:00,20.369999,64.169998,0.0,413,43.700001,28.400002,8,2023-05-30
2023-05-30 18:02:00,19.449999,64.18,0.0,413,44.0,28.1,8,2023-05-30
2023-05-30 18:32:00,18.569998,64.119995,0.0,413,44.200001,27.800001,8,2023-05-30
2023-05-30 19:02:00,17.869999,66.18,0.0,413,44.5,27.6,8,2023-05-30
2023-05-30 19:32:00,17.349998,67.470001,0.0,413,44.700001,27.300001,8,2023-05-30
2023-05-30 20:02:00,16.949999,68.209999,0.0,413,43.600002,27.0,8,2023-05-30
2023-05-30 20:32:00,16.569998,69.519997,0.0,413,45.200001,26.700001,8,2023-05-30
2023-05-30 21:02:00,19.369999,74.419998,0.0,413,58.600002,24.6,8,2023-05-30
2023-05-30 21:32:00,18.9,76.489998,0.0,413,58.5,24.5,8,2023-05-30
2023-05-30 22:02:00,18.739998,78.699997,0.0,413,58.299999,24.300001,8,2023-05-30
2023-05-30 22:32:00,18.539999,80.080002,0.0,413,58.299999,24.300001,8,2023-05-30
2023-05-30 23:02:00,18.48,81.119995,0.0,413,56.700001,24.1,8,2023-05-30
2023-05-30 23:32:00,18.469999,81.150002,0.0,413,58.100002,24.0,8,2023-05-30
